[2019-12-02 14:18:41] production.ERROR: SQLSTATE[23000]: Integrity constraint violation: 1451 Cannot delete or update a parent row: a foreign key constraint fails (`archit10_strutch`.`projects`, CONSTRAINT `projects_category_type_id_foreign` FOREIGN KEY (`category_type_id`) REFERENCES `category_types` (`id`)) (SQL: delete from `category_types` where `id` = 10) {"userId":2,"exception":"[object] (Illuminate\\Database\\QueryException(code: 23000): SQLSTATE[23000]: Integrity constraint violation: 1451 Cannot delete or update a parent row: a foreign key constraint fails (`archit10_strutch`.`projects`, CONSTRAINT `projects_category_type_id_foreign` FOREIGN KEY (`category_type_id`) REFERENCES `category_types` (`id`)) (SQL: delete from `category_types` where `id` = 10) at /home/archit10/www/strut.ch/vendor/laravel/framework/src/Illuminate/Database/Connection.php:664, PDOException(code: 23000): SQLSTATE[23000]: Integrity constraint violation: 1451 Cannot delete or update a parent row: a foreign key constraint fails (`archit10_strutch`.`projects`, CONSTRAINT `projects_category_type_id_foreign` FOREIGN KEY (`category_type_id`) REFERENCES `category_types` (`id`)) at /home/archit10/www/strut.ch/vendor/laravel/framework/src/Illuminate/Database/Connection.php:483)
[stacktrace]
#0 /home/archit10/www/strut.ch/vendor/laravel/framework/src/Illuminate/Database/Connection.php(624): Illuminate\\Database\\Connection->runQueryCallback('delete from `ca...', Array, Object(Closure))
#1 /home/archit10/www/strut.ch/vendor/laravel/framework/src/Illuminate/Database/Connection.php(490): Illuminate\\Database\\Connection->run('delete from `ca...', Array, Object(Closure))
#2 /home/archit10/www/strut.ch/vendor/laravel/framework/src/Illuminate/Database/Connection.php(435): Illuminate\\Database\\Connection->affectingStatement('delete from `ca...', Array)
#3 /home/archit10/www/strut.ch/vendor/laravel/framework/src/Illuminate/Database/Query/Builder.php(2804): Illuminate\\Database\\Connection->delete('delete from `ca...', Array)
#4 /home/archit10/www/strut.ch/vendor/laravel/framework/src/Illuminate/Database/Eloquent/Builder.php(895): Illuminate\\Database\\Query\\Builder->delete()
#5 /home/archit10/www/strut.ch/vendor/laravel/framework/src/Illuminate/Database/Eloquent/Model.php(935): Illuminate\\Database\\Eloquent\\Builder->delete()
#6 /home/archit10/www/strut.ch/vendor/laravel/framework/src/Illuminate/Database/Eloquent/Model.php(906): Illuminate\\Database\\Eloquent\\Model->performDeleteOnModel()
#7 /home/archit10/www/strut.ch/app/Http/Controllers/Backend/Project/CategoryTypeController.php(169): Illuminate\\Database\\Eloquent\\Model->delete()
#8 [internal function]: App\\Http\\Controllers\\Backend\\Project\\CategoryTypeController->destroy('10')
#9 /home/archit10/www/strut.ch/vendor/laravel/framework/src/Illuminate/Routing/Controller.php(54): call_user_func_array(Array, Array)
#10 /home/archit10/www/strut.ch/vendor/laravel/framework/src/Illuminate/Routing/ControllerDispatcher.php(45): Illuminate\\Routing\\Controller->callAction('destroy', Array)
#11 /home/archit10/www/strut.ch/vendor/laravel/framework/src/Illuminate/Routing/Route.php(219): Illuminate\\Routing\\ControllerDispatcher->dispatch(Object(Illuminate\\Routing\\Route), Object(App\\Http\\Controllers\\Backend\\Project\\CategoryTypeController), 'destroy')
#12 /home/archit10/www/strut.ch/vendor/laravel/framework/src/Illuminate/Routing/Route.php(176): Illuminate\\Routing\\Route->runController()
#13 /home/archit10/www/strut.ch/vendor/laravel/framework/src/Illuminate/Routing/Router.php(680): Illuminate\\Routing\\Route->run()
#14 /home/archit10/www/strut.ch/vendor/laravel/framework/src/Illuminate/Routing/Pipeline.php(30): Illuminate\\Routing\\Router->Illuminate\\Routing\\{closure}(Object(Illuminate\\Http\\Request))
#15 /home/archit10/www/strut.ch/vendor/laravel/framework/src/Illuminate/Routing/Middleware/SubstituteBindings.php(41): Illuminate\\Routing\\Pipeline->Illuminate\\Routing\\{closure}(Object(Illuminate\\Http\\Request))
#16 /home/archit10/www/strut.ch/vendor/laravel/framework/src/Illuminate/Pipeline/Pipeline.php(163): Illuminate\\Routing\\Middleware\\SubstituteBindings->handle(Object(Illuminate\\Http\\Request), Object(Closure))
#17 /home/archit10/www/strut.ch/vendor/laravel/framework/src/Illuminate/Routing/Pipeline.php(53): Illuminate\\Pipeline\\Pipeline->Illuminate\\Pipeline\\{closure}(Object(Illuminate\\Http\\Request))
#18 /home/archit10/www/strut.ch/vendor/laravel/framework/src/Illuminate/Auth/Middleware/Authenticate.php(43): Illuminate\\Routing\\Pipeline->Illuminate\\Routing\\{closure}(Object(Illuminate\\Http\\Request))
#19 /home/archit10/www/strut.ch/vendor/laravel/framework/src/Illuminate/Pipeline/Pipeline.php(163): Illuminate\\Auth\\Middleware\\Authenticate->handle(Object(Illuminate\\Http\\Request), Object(Closure), 'api')
#20 /home/archit10/www/strut.ch/vendor/laravel/framework/src/Illuminate/Routing/Pipeline.php(53): Illuminate\\Pipeline\\Pipeline->Illuminate\\Pipeline\\{closure}(Object(Illuminate\\Http\\Request))
#21 /home/archit10/www/strut.ch/vendor/laravel/framework/src/Illuminate/Routing/Middleware/ThrottleRequests.php(58): Illuminate\\Routing\\Pipeline->Illuminate\\Routing\\{closure}(Object(Illuminate\\Http\\Request))
#22 /home/archit10/www/strut.ch/vendor/laravel/framework/src/Illuminate/Pipeline/Pipeline.php(163): Illuminate\\Routing\\Middleware\\ThrottleRequests->handle(Object(Illuminate\\Http\\Request), Object(Closure), 60, '1')
#23 /home/archit10/www/strut.ch/vendor/laravel/framework/src/Illuminate/Routing/Pipeline.php(53): Illuminate\\Pipeline\\Pipeline->Illuminate\\Pipeline\\{closure}(Object(Illuminate\\Http\\Request))
#24 /home/archit10/www/strut.ch/vendor/laravel/framework/src/Illuminate/Pipeline/Pipeline.php(104): Illuminate\\Routing\\Pipeline->Illuminate\\Routing\\{closure}(Object(Illuminate\\Http\\Request))
#25 /home/archit10/www/strut.ch/vendor/laravel/framework/src/Illuminate/Routing/Router.php(682): Illuminate\\Pipeline\\Pipeline->then(Object(Closure))
#26 /home/archit10/www/strut.ch/vendor/laravel/framework/src/Illuminate/Routing/Router.php(657): Illuminate\\Routing\\Router->runRouteWithinStack(Object(Illuminate\\Routing\\Route), Object(Illuminate\\Http\\Request))
#27 /home/archit10/www/strut.ch/vendor/laravel/framework/src/Illuminate/Routing/Router.php(623): Illuminate\\Routing\\Router->runRoute(Object(Illuminate\\Http\\Request), Object(Illuminate\\Routing\\Route))
#28 /home/archit10/www/strut.ch/vendor/laravel/framework/src/Illuminate/Routing/Router.php(612): Illuminate\\Routing\\Router->dispatchToRoute(Object(Illuminate\\Http\\Request))
#29 /home/archit10/www/strut.ch/vendor/laravel/framework/src/Illuminate/Foundation/Http/Kernel.php(176): Illuminate\\Routing\\Router->dispatch(Object(Illuminate\\Http\\Request))
#30 /home/archit10/www/strut.ch/vendor/laravel/framework/src/Illuminate/Routing/Pipeline.php(30): Illuminate\\Foundation\\Http\\Kernel->Illuminate\\Foundation\\Http\\{closure}(Object(Illuminate\\Http\\Request))
#31 /home/archit10/www/strut.ch/vendor/fideloper/proxy/src/TrustProxies.php(57): Illuminate\\Routing\\Pipeline->Illuminate\\Routing\\{closure}(Object(Illuminate\\Http\\Request))
#32 /home/archit10/www/strut.ch/vendor/laravel/framework/src/Illuminate/Pipeline/Pipeline.php(163): Fideloper\\Proxy\\TrustProxies->handle(Object(Illuminate\\Http\\Request), Object(Closure))
#33 /home/archit10/www/strut.ch/vendor/laravel/framework/src/Illuminate/Routing/Pipeline.php(53): Illuminate\\Pipeline\\Pipeline->Illuminate\\Pipeline\\{closure}(Object(Illuminate\\Http\\Request))
#34 /home/archit10/www/strut.ch/vendor/laravel/framework/src/Illuminate/Foundation/Http/Middleware/TransformsRequest.php(21): Illuminate\\Routing\\Pipeline->Illuminate\\Routing\\{closure}(Object(Illuminate\\Http\\Request))
#35 /home/archit10/www/strut.ch/vendor/laravel/framework/src/Illuminate/Pipeline/Pipeline.php(163): Illuminate\\Foundation\\Http\\Middleware\\TransformsRequest->handle(Object(Illuminate\\Http\\Request), Object(Closure))
#36 /home/archit10/www/strut.ch/vendor/laravel/framework/src/Illuminate/Routing/Pipeline.php(53): Illuminate\\Pipeline\\Pipeline->Illuminate\\Pipeline\\{closure}(Object(Illuminate\\Http\\Request))
#37 /home/archit10/www/strut.ch/vendor/laravel/framework/src/Illuminate/Foundation/Http/Middleware/TransformsRequest.php(21): Illuminate\\Routing\\Pipeline->Illuminate\\Routing\\{closure}(Object(Illuminate\\Http\\Request))
#38 /home/archit10/www/strut.ch/vendor/laravel/framework/src/Illuminate/Pipeline/Pipeline.php(163): Illuminate\\Foundation\\Http\\Middleware\\TransformsRequest->handle(Object(Illuminate\\Http\\Request), Object(Closure))
#39 /home/archit10/www/strut.ch/vendor/laravel/framework/src/Illuminate/Routing/Pipeline.php(53): Illuminate\\Pipeline\\Pipeline->Illuminate\\Pipeline\\{closure}(Object(Illuminate\\Http\\Request))
#40 /home/archit10/www/strut.ch/vendor/laravel/framework/src/Illuminate/Foundation/Http/Middleware/ValidatePostSize.php(27): Illuminate\\Routing\\Pipeline->Illuminate\\Routing\\{closure}(Object(Illuminate\\Http\\Request))
#41 /home/archit10/www/strut.ch/vendor/laravel/framework/src/Illuminate/Pipeline/Pipeline.php(163): Illuminate\\Foundation\\Http\\Middleware\\ValidatePostSize->handle(Object(Illuminate\\Http\\Request), Object(Closure))
#42 /home/archit10/www/strut.ch/vendor/laravel/framework/src/Illuminate/Routing/Pipeline.php(53): Illuminate\\Pipeline\\Pipeline->Illuminate\\Pipeline\\{closure}(Object(Illuminate\\Http\\Request))
#43 /home/archit10/www/strut.ch/vendor/laravel/framework/src/Illuminate/Foundation/Http/Middleware/CheckForMaintenanceMode.php(62): Illuminate\\Routing\\Pipeline->Illuminate\\Routing\\{closure}(Object(Illuminate\\Http\\Request))
#44 /home/archit10/www/strut.ch/vendor/laravel/framework/src/Illuminate/Pipeline/Pipeline.php(163): Illuminate\\Foundation\\Http\\Middleware\\CheckForMaintenanceMode->handle(Object(Illuminate\\Http\\Request), Object(Closure))
#45 /home/archit10/www/strut.ch/vendor/laravel/framework/src/Illuminate/Routing/Pipeline.php(53): Illuminate\\Pipeline\\Pipeline->Illuminate\\Pipeline\\{closure}(Object(Illuminate\\Http\\Request))
#46 /home/archit10/www/strut.ch/vendor/laravel/framework/src/Illuminate/Pipeline/Pipeline.php(104): Illuminate\\Routing\\Pipeline->Illuminate\\Routing\\{closure}(Object(Illuminate\\Http\\Request))
#47 /home/archit10/www/strut.ch/vendor/laravel/framework/src/Illuminate/Foundation/Http/Kernel.php(151): Illuminate\\Pipeline\\Pipeline->then(Object(Closure))
#48 /home/archit10/www/strut.ch/vendor/laravel/framework/src/Illuminate/Foundation/Http/Kernel.php(116): Illuminate\\Foundation\\Http\\Kernel->sendRequestThroughRouter(Object(Illuminate\\Http\\Request))
#49 /home/archit10/www/strut.ch/public/index.php(55): Illuminate\\Foundation\\Http\\Kernel->handle(Object(Illuminate\\Http\\Request))
#50 {main}
"} 
[2019-12-02 14:18:41] production.ERROR: Argument 1 passed to Illuminate\Routing\Middleware\ThrottleRequests::addHeaders() must be an instance of Symfony\Component\HttpFoundation\Response, null given, called in /home/archit10/www/strut.ch/vendor/laravel/framework/src/Illuminate/Routing/Middleware/ThrottleRequests.php on line 62 {"userId":2,"exception":"[object] (Symfony\\Component\\Debug\\Exception\\FatalThrowableError(code: 0): Argument 1 passed to Illuminate\\Routing\\Middleware\\ThrottleRequests::addHeaders() must be an instance of Symfony\\Component\\HttpFoundation\\Response, null given, called in /home/archit10/www/strut.ch/vendor/laravel/framework/src/Illuminate/Routing/Middleware/ThrottleRequests.php on line 62 at /home/archit10/www/strut.ch/vendor/laravel/framework/src/Illuminate/Routing/Middleware/ThrottleRequests.php:149)
[stacktrace]
#0 /home/archit10/www/strut.ch/vendor/laravel/framework/src/Illuminate/Routing/Middleware/ThrottleRequests.php(62): Illuminate\\Routing\\Middleware\\ThrottleRequests->addHeaders(NULL, 60, 56)
#1 /home/archit10/www/strut.ch/vendor/laravel/framework/src/Illuminate/Pipeline/Pipeline.php(163): Illuminate\\Routing\\Middleware\\ThrottleRequests->handle(Object(Illuminate\\Http\\Request), Object(Closure), 60, '1')
#2 /home/archit10/www/strut.ch/vendor/laravel/framework/src/Illuminate/Routing/Pipeline.php(53): Illuminate\\Pipeline\\Pipeline->Illuminate\\Pipeline\\{closure}(Object(Illuminate\\Http\\Request))
#3 /home/archit10/www/strut.ch/vendor/laravel/framework/src/Illuminate/Pipeline/Pipeline.php(104): Illuminate\\Routing\\Pipeline->Illuminate\\Routing\\{closure}(Object(Illuminate\\Http\\Request))
#4 /home/archit10/www/strut.ch/vendor/laravel/framework/src/Illuminate/Routing/Router.php(682): Illuminate\\Pipeline\\Pipeline->then(Object(Closure))
#5 /home/archit10/www/strut.ch/vendor/laravel/framework/src/Illuminate/Routing/Router.php(657): Illuminate\\Routing\\Router->runRouteWithinStack(Object(Illuminate\\Routing\\Route), Object(Illuminate\\Http\\Request))
#6 /home/archit10/www/strut.ch/vendor/laravel/framework/src/Illuminate/Routing/Router.php(623): Illuminate\\Routing\\Router->runRoute(Object(Illuminate\\Http\\Request), Object(Illuminate\\Routing\\Route))
#7 /home/archit10/www/strut.ch/vendor/laravel/framework/src/Illuminate/Routing/Router.php(612): Illuminate\\Routing\\Router->dispatchToRoute(Object(Illuminate\\Http\\Request))
#8 /home/archit10/www/strut.ch/vendor/laravel/framework/src/Illuminate/Foundation/Http/Kernel.php(176): Illuminate\\Routing\\Router->dispatch(Object(Illuminate\\Http\\Request))
#9 /home/archit10/www/strut.ch/vendor/laravel/framework/src/Illuminate/Routing/Pipeline.php(30): Illuminate\\Foundation\\Http\\Kernel->Illuminate\\Foundation\\Http\\{closure}(Object(Illuminate\\Http\\Request))
#10 /home/archit10/www/strut.ch/vendor/fideloper/proxy/src/TrustProxies.php(57): Illuminate\\Routing\\Pipeline->Illuminate\\Routing\\{closure}(Object(Illuminate\\Http\\Request))
#11 /home/archit10/www/strut.ch/vendor/laravel/framework/src/Illuminate/Pipeline/Pipeline.php(163): Fideloper\\Proxy\\TrustProxies->handle(Object(Illuminate\\Http\\Request), Object(Closure))
#12 /home/archit10/www/strut.ch/vendor/laravel/framework/src/Illuminate/Routing/Pipeline.php(53): Illuminate\\Pipeline\\Pipeline->Illuminate\\Pipeline\\{closure}(Object(Illuminate\\Http\\Request))
#13 /home/archit10/www/strut.ch/vendor/laravel/framework/src/Illuminate/Foundation/Http/Middleware/TransformsRequest.php(21): Illuminate\\Routing\\Pipeline->Illuminate\\Routing\\{closure}(Object(Illuminate\\Http\\Request))
#14 /home/archit10/www/strut.ch/vendor/laravel/framework/src/Illuminate/Pipeline/Pipeline.php(163): Illuminate\\Foundation\\Http\\Middleware\\TransformsRequest->handle(Object(Illuminate\\Http\\Request), Object(Closure))
#15 /home/archit10/www/strut.ch/vendor/laravel/framework/src/Illuminate/Routing/Pipeline.php(53): Illuminate\\Pipeline\\Pipeline->Illuminate\\Pipeline\\{closure}(Object(Illuminate\\Http\\Request))
#16 /home/archit10/www/strut.ch/vendor/laravel/framework/src/Illuminate/Foundation/Http/Middleware/TransformsRequest.php(21): Illuminate\\Routing\\Pipeline->Illuminate\\Routing\\{closure}(Object(Illuminate\\Http\\Request))
#17 /home/archit10/www/strut.ch/vendor/laravel/framework/src/Illuminate/Pipeline/Pipeline.php(163): Illuminate\\Foundation\\Http\\Middleware\\TransformsRequest->handle(Object(Illuminate\\Http\\Request), Object(Closure))
#18 /home/archit10/www/strut.ch/vendor/laravel/framework/src/Illuminate/Routing/Pipeline.php(53): Illuminate\\Pipeline\\Pipeline->Illuminate\\Pipeline\\{closure}(Object(Illuminate\\Http\\Request))
#19 /home/archit10/www/strut.ch/vendor/laravel/framework/src/Illuminate/Foundation/Http/Middleware/ValidatePostSize.php(27): Illuminate\\Routing\\Pipeline->Illuminate\\Routing\\{closure}(Object(Illuminate\\Http\\Request))
#20 /home/archit10/www/strut.ch/vendor/laravel/framework/src/Illuminate/Pipeline/Pipeline.php(163): Illuminate\\Foundation\\Http\\Middleware\\ValidatePostSize->handle(Object(Illuminate\\Http\\Request), Object(Closure))
#21 /home/archit10/www/strut.ch/vendor/laravel/framework/src/Illuminate/Routing/Pipeline.php(53): Illuminate\\Pipeline\\Pipeline->Illuminate\\Pipeline\\{closure}(Object(Illuminate\\Http\\Request))
#22 /home/archit10/www/strut.ch/vendor/laravel/framework/src/Illuminate/Foundation/Http/Middleware/CheckForMaintenanceMode.php(62): Illuminate\\Routing\\Pipeline->Illuminate\\Routing\\{closure}(Object(Illuminate\\Http\\Request))
#23 /home/archit10/www/strut.ch/vendor/laravel/framework/src/Illuminate/Pipeline/Pipeline.php(163): Illuminate\\Foundation\\Http\\Middleware\\CheckForMaintenanceMode->handle(Object(Illuminate\\Http\\Request), Object(Closure))
#24 /home/archit10/www/strut.ch/vendor/laravel/framework/src/Illuminate/Routing/Pipeline.php(53): Illuminate\\Pipeline\\Pipeline->Illuminate\\Pipeline\\{closure}(Object(Illuminate\\Http\\Request))
#25 /home/archit10/www/strut.ch/vendor/laravel/framework/src/Illuminate/Pipeline/Pipeline.php(104): Illuminate\\Routing\\Pipeline->Illuminate\\Routing\\{closure}(Object(Illuminate\\Http\\Request))
#26 /home/archit10/www/strut.ch/vendor/laravel/framework/src/Illuminate/Foundation/Http/Kernel.php(151): Illuminate\\Pipeline\\Pipeline->then(Object(Closure))
#27 /home/archit10/www/strut.ch/vendor/laravel/framework/src/Illuminate/Foundation/Http/Kernel.php(116): Illuminate\\Foundation\\Http\\Kernel->sendRequestThroughRouter(Object(Illuminate\\Http\\Request))
#28 /home/archit10/www/strut.ch/public/index.php(55): Illuminate\\Foundation\\Http\\Kernel->handle(Object(Illuminate\\Http\\Request))
#29 {main}
"} 
[2019-12-02 14:19:17] production.ERROR: SQLSTATE[23000]: Integrity constraint violation: 1451 Cannot delete or update a parent row: a foreign key constraint fails (`archit10_strutch`.`projects`, CONSTRAINT `projects_category_type_id_foreign` FOREIGN KEY (`category_type_id`) REFERENCES `category_types` (`id`)) (SQL: delete from `category_types` where `id` = 10) {"userId":2,"exception":"[object] (Illuminate\\Database\\QueryException(code: 23000): SQLSTATE[23000]: Integrity constraint violation: 1451 Cannot delete or update a parent row: a foreign key constraint fails (`archit10_strutch`.`projects`, CONSTRAINT `projects_category_type_id_foreign` FOREIGN KEY (`category_type_id`) REFERENCES `category_types` (`id`)) (SQL: delete from `category_types` where `id` = 10) at /home/archit10/www/strut.ch/vendor/laravel/framework/src/Illuminate/Database/Connection.php:664, PDOException(code: 23000): SQLSTATE[23000]: Integrity constraint violation: 1451 Cannot delete or update a parent row: a foreign key constraint fails (`archit10_strutch`.`projects`, CONSTRAINT `projects_category_type_id_foreign` FOREIGN KEY (`category_type_id`) REFERENCES `category_types` (`id`)) at /home/archit10/www/strut.ch/vendor/laravel/framework/src/Illuminate/Database/Connection.php:483)
[stacktrace]
#0 /home/archit10/www/strut.ch/vendor/laravel/framework/src/Illuminate/Database/Connection.php(624): Illuminate\\Database\\Connection->runQueryCallback('delete from `ca...', Array, Object(Closure))
#1 /home/archit10/www/strut.ch/vendor/laravel/framework/src/Illuminate/Database/Connection.php(490): Illuminate\\Database\\Connection->run('delete from `ca...', Array, Object(Closure))
#2 /home/archit10/www/strut.ch/vendor/laravel/framework/src/Illuminate/Database/Connection.php(435): Illuminate\\Database\\Connection->affectingStatement('delete from `ca...', Array)
#3 /home/archit10/www/strut.ch/vendor/laravel/framework/src/Illuminate/Database/Query/Builder.php(2804): Illuminate\\Database\\Connection->delete('delete from `ca...', Array)
#4 /home/archit10/www/strut.ch/vendor/laravel/framework/src/Illuminate/Database/Eloquent/Builder.php(895): Illuminate\\Database\\Query\\Builder->delete()
#5 /home/archit10/www/strut.ch/vendor/laravel/framework/src/Illuminate/Database/Eloquent/Model.php(935): Illuminate\\Database\\Eloquent\\Builder->delete()
#6 /home/archit10/www/strut.ch/vendor/laravel/framework/src/Illuminate/Database/Eloquent/Model.php(906): Illuminate\\Database\\Eloquent\\Model->performDeleteOnModel()
#7 /home/archit10/www/strut.ch/app/Http/Controllers/Backend/Project/CategoryTypeController.php(169): Illuminate\\Database\\Eloquent\\Model->delete()
#8 [internal function]: App\\Http\\Controllers\\Backend\\Project\\CategoryTypeController->destroy('10')
#9 /home/archit10/www/strut.ch/vendor/laravel/framework/src/Illuminate/Routing/Controller.php(54): call_user_func_array(Array, Array)
#10 /home/archit10/www/strut.ch/vendor/laravel/framework/src/Illuminate/Routing/ControllerDispatcher.php(45): Illuminate\\Routing\\Controller->callAction('destroy', Array)
#11 /home/archit10/www/strut.ch/vendor/laravel/framework/src/Illuminate/Routing/Route.php(219): Illuminate\\Routing\\ControllerDispatcher->dispatch(Object(Illuminate\\Routing\\Route), Object(App\\Http\\Controllers\\Backend\\Project\\CategoryTypeController), 'destroy')
#12 /home/archit10/www/strut.ch/vendor/laravel/framework/src/Illuminate/Routing/Route.php(176): Illuminate\\Routing\\Route->runController()
#13 /home/archit10/www/strut.ch/vendor/laravel/framework/src/Illuminate/Routing/Router.php(680): Illuminate\\Routing\\Route->run()
#14 /home/archit10/www/strut.ch/vendor/laravel/framework/src/Illuminate/Routing/Pipeline.php(30): Illuminate\\Routing\\Router->Illuminate\\Routing\\{closure}(Object(Illuminate\\Http\\Request))
#15 /home/archit10/www/strut.ch/vendor/laravel/framework/src/Illuminate/Routing/Middleware/SubstituteBindings.php(41): Illuminate\\Routing\\Pipeline->Illuminate\\Routing\\{closure}(Object(Illuminate\\Http\\Request))
#16 /home/archit10/www/strut.ch/vendor/laravel/framework/src/Illuminate/Pipeline/Pipeline.php(163): Illuminate\\Routing\\Middleware\\SubstituteBindings->handle(Object(Illuminate\\Http\\Request), Object(Closure))
#17 /home/archit10/www/strut.ch/vendor/laravel/framework/src/Illuminate/Routing/Pipeline.php(53): Illuminate\\Pipeline\\Pipeline->Illuminate\\Pipeline\\{closure}(Object(Illuminate\\Http\\Request))
#18 /home/archit10/www/strut.ch/vendor/laravel/framework/src/Illuminate/Auth/Middleware/Authenticate.php(43): Illuminate\\Routing\\Pipeline->Illuminate\\Routing\\{closure}(Object(Illuminate\\Http\\Request))
#19 /home/archit10/www/strut.ch/vendor/laravel/framework/src/Illuminate/Pipeline/Pipeline.php(163): Illuminate\\Auth\\Middleware\\Authenticate->handle(Object(Illuminate\\Http\\Request), Object(Closure), 'api')
#20 /home/archit10/www/strut.ch/vendor/laravel/framework/src/Illuminate/Routing/Pipeline.php(53): Illuminate\\Pipeline\\Pipeline->Illuminate\\Pipeline\\{closure}(Object(Illuminate\\Http\\Request))
#21 /home/archit10/www/strut.ch/vendor/laravel/framework/src/Illuminate/Routing/Middleware/ThrottleRequests.php(58): Illuminate\\Routing\\Pipeline->Illuminate\\Routing\\{closure}(Object(Illuminate\\Http\\Request))
#22 /home/archit10/www/strut.ch/vendor/laravel/framework/src/Illuminate/Pipeline/Pipeline.php(163): Illuminate\\Routing\\Middleware\\ThrottleRequests->handle(Object(Illuminate\\Http\\Request), Object(Closure), 60, '1')
#23 /home/archit10/www/strut.ch/vendor/laravel/framework/src/Illuminate/Routing/Pipeline.php(53): Illuminate\\Pipeline\\Pipeline->Illuminate\\Pipeline\\{closure}(Object(Illuminate\\Http\\Request))
#24 /home/archit10/www/strut.ch/vendor/laravel/framework/src/Illuminate/Pipeline/Pipeline.php(104): Illuminate\\Routing\\Pipeline->Illuminate\\Routing\\{closure}(Object(Illuminate\\Http\\Request))
#25 /home/archit10/www/strut.ch/vendor/laravel/framework/src/Illuminate/Routing/Router.php(682): Illuminate\\Pipeline\\Pipeline->then(Object(Closure))
#26 /home/archit10/www/strut.ch/vendor/laravel/framework/src/Illuminate/Routing/Router.php(657): Illuminate\\Routing\\Router->runRouteWithinStack(Object(Illuminate\\Routing\\Route), Object(Illuminate\\Http\\Request))
#27 /home/archit10/www/strut.ch/vendor/laravel/framework/src/Illuminate/Routing/Router.php(623): Illuminate\\Routing\\Router->runRoute(Object(Illuminate\\Http\\Request), Object(Illuminate\\Routing\\Route))
#28 /home/archit10/www/strut.ch/vendor/laravel/framework/src/Illuminate/Routing/Router.php(612): Illuminate\\Routing\\Router->dispatchToRoute(Object(Illuminate\\Http\\Request))
#29 /home/archit10/www/strut.ch/vendor/laravel/framework/src/Illuminate/Foundation/Http/Kernel.php(176): Illuminate\\Routing\\Router->dispatch(Object(Illuminate\\Http\\Request))
#30 /home/archit10/www/strut.ch/vendor/laravel/framework/src/Illuminate/Routing/Pipeline.php(30): Illuminate\\Foundation\\Http\\Kernel->Illuminate\\Foundation\\Http\\{closure}(Object(Illuminate\\Http\\Request))
#31 /home/archit10/www/strut.ch/vendor/fideloper/proxy/src/TrustProxies.php(57): Illuminate\\Routing\\Pipeline->Illuminate\\Routing\\{closure}(Object(Illuminate\\Http\\Request))
#32 /home/archit10/www/strut.ch/vendor/laravel/framework/src/Illuminate/Pipeline/Pipeline.php(163): Fideloper\\Proxy\\TrustProxies->handle(Object(Illuminate\\Http\\Request), Object(Closure))
#33 /home/archit10/www/strut.ch/vendor/laravel/framework/src/Illuminate/Routing/Pipeline.php(53): Illuminate\\Pipeline\\Pipeline->Illuminate\\Pipeline\\{closure}(Object(Illuminate\\Http\\Request))
#34 /home/archit10/www/strut.ch/vendor/laravel/framework/src/Illuminate/Foundation/Http/Middleware/TransformsRequest.php(21): Illuminate\\Routing\\Pipeline->Illuminate\\Routing\\{closure}(Object(Illuminate\\Http\\Request))
#35 /home/archit10/www/strut.ch/vendor/laravel/framework/src/Illuminate/Pipeline/Pipeline.php(163): Illuminate\\Foundation\\Http\\Middleware\\TransformsRequest->handle(Object(Illuminate\\Http\\Request), Object(Closure))
#36 /home/archit10/www/strut.ch/vendor/laravel/framework/src/Illuminate/Routing/Pipeline.php(53): Illuminate\\Pipeline\\Pipeline->Illuminate\\Pipeline\\{closure}(Object(Illuminate\\Http\\Request))
#37 /home/archit10/www/strut.ch/vendor/laravel/framework/src/Illuminate/Foundation/Http/Middleware/TransformsRequest.php(21): Illuminate\\Routing\\Pipeline->Illuminate\\Routing\\{closure}(Object(Illuminate\\Http\\Request))
#38 /home/archit10/www/strut.ch/vendor/laravel/framework/src/Illuminate/Pipeline/Pipeline.php(163): Illuminate\\Foundation\\Http\\Middleware\\TransformsRequest->handle(Object(Illuminate\\Http\\Request), Object(Closure))
#39 /home/archit10/www/strut.ch/vendor/laravel/framework/src/Illuminate/Routing/Pipeline.php(53): Illuminate\\Pipeline\\Pipeline->Illuminate\\Pipeline\\{closure}(Object(Illuminate\\Http\\Request))
#40 /home/archit10/www/strut.ch/vendor/laravel/framework/src/Illuminate/Foundation/Http/Middleware/ValidatePostSize.php(27): Illuminate\\Routing\\Pipeline->Illuminate\\Routing\\{closure}(Object(Illuminate\\Http\\Request))
#41 /home/archit10/www/strut.ch/vendor/laravel/framework/src/Illuminate/Pipeline/Pipeline.php(163): Illuminate\\Foundation\\Http\\Middleware\\ValidatePostSize->handle(Object(Illuminate\\Http\\Request), Object(Closure))
#42 /home/archit10/www/strut.ch/vendor/laravel/framework/src/Illuminate/Routing/Pipeline.php(53): Illuminate\\Pipeline\\Pipeline->Illuminate\\Pipeline\\{closure}(Object(Illuminate\\Http\\Request))
#43 /home/archit10/www/strut.ch/vendor/laravel/framework/src/Illuminate/Foundation/Http/Middleware/CheckForMaintenanceMode.php(62): Illuminate\\Routing\\Pipeline->Illuminate\\Routing\\{closure}(Object(Illuminate\\Http\\Request))
#44 /home/archit10/www/strut.ch/vendor/laravel/framework/src/Illuminate/Pipeline/Pipeline.php(163): Illuminate\\Foundation\\Http\\Middleware\\CheckForMaintenanceMode->handle(Object(Illuminate\\Http\\Request), Object(Closure))
#45 /home/archit10/www/strut.ch/vendor/laravel/framework/src/Illuminate/Routing/Pipeline.php(53): Illuminate\\Pipeline\\Pipeline->Illuminate\\Pipeline\\{closure}(Object(Illuminate\\Http\\Request))
#46 /home/archit10/www/strut.ch/vendor/laravel/framework/src/Illuminate/Pipeline/Pipeline.php(104): Illuminate\\Routing\\Pipeline->Illuminate\\Routing\\{closure}(Object(Illuminate\\Http\\Request))
#47 /home/archit10/www/strut.ch/vendor/laravel/framework/src/Illuminate/Foundation/Http/Kernel.php(151): Illuminate\\Pipeline\\Pipeline->then(Object(Closure))
#48 /home/archit10/www/strut.ch/vendor/laravel/framework/src/Illuminate/Foundation/Http/Kernel.php(116): Illuminate\\Foundation\\Http\\Kernel->sendRequestThroughRouter(Object(Illuminate\\Http\\Request))
#49 /home/archit10/www/strut.ch/public/index.php(55): Illuminate\\Foundation\\Http\\Kernel->handle(Object(Illuminate\\Http\\Request))
#50 {main}
"} 
[2019-12-02 14:19:17] production.ERROR: Argument 1 passed to Illuminate\Routing\Middleware\ThrottleRequests::addHeaders() must be an instance of Symfony\Component\HttpFoundation\Response, null given, called in /home/archit10/www/strut.ch/vendor/laravel/framework/src/Illuminate/Routing/Middleware/ThrottleRequests.php on line 62 {"userId":2,"exception":"[object] (Symfony\\Component\\Debug\\Exception\\FatalThrowableError(code: 0): Argument 1 passed to Illuminate\\Routing\\Middleware\\ThrottleRequests::addHeaders() must be an instance of Symfony\\Component\\HttpFoundation\\Response, null given, called in /home/archit10/www/strut.ch/vendor/laravel/framework/src/Illuminate/Routing/Middleware/ThrottleRequests.php on line 62 at /home/archit10/www/strut.ch/vendor/laravel/framework/src/Illuminate/Routing/Middleware/ThrottleRequests.php:149)
[stacktrace]
#0 /home/archit10/www/strut.ch/vendor/laravel/framework/src/Illuminate/Routing/Middleware/ThrottleRequests.php(62): Illuminate\\Routing\\Middleware\\ThrottleRequests->addHeaders(NULL, 60, 58)
#1 /home/archit10/www/strut.ch/vendor/laravel/framework/src/Illuminate/Pipeline/Pipeline.php(163): Illuminate\\Routing\\Middleware\\ThrottleRequests->handle(Object(Illuminate\\Http\\Request), Object(Closure), 60, '1')
#2 /home/archit10/www/strut.ch/vendor/laravel/framework/src/Illuminate/Routing/Pipeline.php(53): Illuminate\\Pipeline\\Pipeline->Illuminate\\Pipeline\\{closure}(Object(Illuminate\\Http\\Request))
#3 /home/archit10/www/strut.ch/vendor/laravel/framework/src/Illuminate/Pipeline/Pipeline.php(104): Illuminate\\Routing\\Pipeline->Illuminate\\Routing\\{closure}(Object(Illuminate\\Http\\Request))
#4 /home/archit10/www/strut.ch/vendor/laravel/framework/src/Illuminate/Routing/Router.php(682): Illuminate\\Pipeline\\Pipeline->then(Object(Closure))
#5 /home/archit10/www/strut.ch/vendor/laravel/framework/src/Illuminate/Routing/Router.php(657): Illuminate\\Routing\\Router->runRouteWithinStack(Object(Illuminate\\Routing\\Route), Object(Illuminate\\Http\\Request))
#6 /home/archit10/www/strut.ch/vendor/laravel/framework/src/Illuminate/Routing/Router.php(623): Illuminate\\Routing\\Router->runRoute(Object(Illuminate\\Http\\Request), Object(Illuminate\\Routing\\Route))
#7 /home/archit10/www/strut.ch/vendor/laravel/framework/src/Illuminate/Routing/Router.php(612): Illuminate\\Routing\\Router->dispatchToRoute(Object(Illuminate\\Http\\Request))
#8 /home/archit10/www/strut.ch/vendor/laravel/framework/src/Illuminate/Foundation/Http/Kernel.php(176): Illuminate\\Routing\\Router->dispatch(Object(Illuminate\\Http\\Request))
#9 /home/archit10/www/strut.ch/vendor/laravel/framework/src/Illuminate/Routing/Pipeline.php(30): Illuminate\\Foundation\\Http\\Kernel->Illuminate\\Foundation\\Http\\{closure}(Object(Illuminate\\Http\\Request))
#10 /home/archit10/www/strut.ch/vendor/fideloper/proxy/src/TrustProxies.php(57): Illuminate\\Routing\\Pipeline->Illuminate\\Routing\\{closure}(Object(Illuminate\\Http\\Request))
#11 /home/archit10/www/strut.ch/vendor/laravel/framework/src/Illuminate/Pipeline/Pipeline.php(163): Fideloper\\Proxy\\TrustProxies->handle(Object(Illuminate\\Http\\Request), Object(Closure))
#12 /home/archit10/www/strut.ch/vendor/laravel/framework/src/Illuminate/Routing/Pipeline.php(53): Illuminate\\Pipeline\\Pipeline->Illuminate\\Pipeline\\{closure}(Object(Illuminate\\Http\\Request))
#13 /home/archit10/www/strut.ch/vendor/laravel/framework/src/Illuminate/Foundation/Http/Middleware/TransformsRequest.php(21): Illuminate\\Routing\\Pipeline->Illuminate\\Routing\\{closure}(Object(Illuminate\\Http\\Request))
#14 /home/archit10/www/strut.ch/vendor/laravel/framework/src/Illuminate/Pipeline/Pipeline.php(163): Illuminate\\Foundation\\Http\\Middleware\\TransformsRequest->handle(Object(Illuminate\\Http\\Request), Object(Closure))
#15 /home/archit10/www/strut.ch/vendor/laravel/framework/src/Illuminate/Routing/Pipeline.php(53): Illuminate\\Pipeline\\Pipeline->Illuminate\\Pipeline\\{closure}(Object(Illuminate\\Http\\Request))
#16 /home/archit10/www/strut.ch/vendor/laravel/framework/src/Illuminate/Foundation/Http/Middleware/TransformsRequest.php(21): Illuminate\\Routing\\Pipeline->Illuminate\\Routing\\{closure}(Object(Illuminate\\Http\\Request))
#17 /home/archit10/www/strut.ch/vendor/laravel/framework/src/Illuminate/Pipeline/Pipeline.php(163): Illuminate\\Foundation\\Http\\Middleware\\TransformsRequest->handle(Object(Illuminate\\Http\\Request), Object(Closure))
#18 /home/archit10/www/strut.ch/vendor/laravel/framework/src/Illuminate/Routing/Pipeline.php(53): Illuminate\\Pipeline\\Pipeline->Illuminate\\Pipeline\\{closure}(Object(Illuminate\\Http\\Request))
#19 /home/archit10/www/strut.ch/vendor/laravel/framework/src/Illuminate/Foundation/Http/Middleware/ValidatePostSize.php(27): Illuminate\\Routing\\Pipeline->Illuminate\\Routing\\{closure}(Object(Illuminate\\Http\\Request))
#20 /home/archit10/www/strut.ch/vendor/laravel/framework/src/Illuminate/Pipeline/Pipeline.php(163): Illuminate\\Foundation\\Http\\Middleware\\ValidatePostSize->handle(Object(Illuminate\\Http\\Request), Object(Closure))
#21 /home/archit10/www/strut.ch/vendor/laravel/framework/src/Illuminate/Routing/Pipeline.php(53): Illuminate\\Pipeline\\Pipeline->Illuminate\\Pipeline\\{closure}(Object(Illuminate\\Http\\Request))
#22 /home/archit10/www/strut.ch/vendor/laravel/framework/src/Illuminate/Foundation/Http/Middleware/CheckForMaintenanceMode.php(62): Illuminate\\Routing\\Pipeline->Illuminate\\Routing\\{closure}(Object(Illuminate\\Http\\Request))
#23 /home/archit10/www/strut.ch/vendor/laravel/framework/src/Illuminate/Pipeline/Pipeline.php(163): Illuminate\\Foundation\\Http\\Middleware\\CheckForMaintenanceMode->handle(Object(Illuminate\\Http\\Request), Object(Closure))
#24 /home/archit10/www/strut.ch/vendor/laravel/framework/src/Illuminate/Routing/Pipeline.php(53): Illuminate\\Pipeline\\Pipeline->Illuminate\\Pipeline\\{closure}(Object(Illuminate\\Http\\Request))
#25 /home/archit10/www/strut.ch/vendor/laravel/framework/src/Illuminate/Pipeline/Pipeline.php(104): Illuminate\\Routing\\Pipeline->Illuminate\\Routing\\{closure}(Object(Illuminate\\Http\\Request))
#26 /home/archit10/www/strut.ch/vendor/laravel/framework/src/Illuminate/Foundation/Http/Kernel.php(151): Illuminate\\Pipeline\\Pipeline->then(Object(Closure))
#27 /home/archit10/www/strut.ch/vendor/laravel/framework/src/Illuminate/Foundation/Http/Kernel.php(116): Illuminate\\Foundation\\Http\\Kernel->sendRequestThroughRouter(Object(Illuminate\\Http\\Request))
#28 /home/archit10/www/strut.ch/public/index.php(55): Illuminate\\Foundation\\Http\\Kernel->handle(Object(Illuminate\\Http\\Request))
#29 {main}
"} 
[2019-12-02 16:44:40] production.ERROR: SQLSTATE[22001]: String data, right truncated: 1406 Data too long for column 'info' at row 1 (SQL: update `books` set `title` = Peter Kunz, `description` = {"de":"48 Seiten, 16,5 x 21 cm\n25 Farb- und 19 s\/w-Abbildungen, 29 Pl\u00e4ne\nFadengeheftete Broschur\nCHF 28.\u2013\/EUR 20.\u2013"}, `info` = {"de":"<p><!-- [if gte mso 9]><xml>\n <o:OfficeDocumentSettings>\n  <o:AllowPNG\/>\n <\/o:OfficeDocumentSettings>\n<\/xml><![endif]--> <!-- [if gte mso 9]><xml>\n <w:WordDocument>\n  <w:View>Normal<\/w:View>\n  <w:Zoom>0<\/w:Zoom>\n  <w:TrackMoves\/>\n  <w:TrackFormatting\/>\n  <w:HyphenationZone>21<\/w:HyphenationZone>\n  <w:PunctuationKerning\/>\n  <w:ValidateAgainstSchemas\/>\n  <w:SaveIfXMLInvalid>false<\/w:SaveIfXMLInvalid>\n  <w:IgnoreMixedContent>false<\/w:IgnoreMixedContent>\n  <w:AlwaysShowPlaceholderText>false<\/w:AlwaysShowPlaceholderText>\n  <w:DoNotPromoteQF\/>\n  <w:LidThemeOther>DE<\/w:LidThemeOther>\n  <w:LidThemeAsian>X-NONE<\/w:LidThemeAsian>\n  <w:LidThemeComplexScript>X-NONE<\/w:LidThemeComplexScript>\n  <w:Compatibility>\n   <w:BreakWrappedTables\/>\n   <w:SnapToGridInCell\/>\n   <w:WrapTextWithPunct\/>\n   <w:UseAsianBreakRules\/>\n   <w:DontGrowAutofit\/>\n   <w:SplitPgBreakAndParaMark\/>\n   <w:EnableOpenTypeKerning\/>\n   <w:DontFlipMirrorIndents\/>\n   <w:OverrideTableStyleHps\/>\n  <\/w:Compatibility>\n  <w:DoNotOptimizeForBrowser\/>\n  <m:mathPr>\n   <m:mathFont m:val=\"Cambria Math\"\/>\n   <m:brkBin m:val=\"before\"\/>\n   <m:brkBinSub m:val=\"&#45;-\"\/>\n   <m:smallFrac m:val=\"off\"\/>\n   <m:dispDef\/>\n   <m:lMargin m:val=\"0\"\/>\n   <m:rMargin m:val=\"0\"\/>\n   <m:defJc m:val=\"centerGroup\"\/>\n   <m:wrapIndent m:val=\"1440\"\/>\n   <m:intLim m:val=\"subSup\"\/>\n   <m:naryLim m:val=\"undOvr\"\/>\n  <\/m:mathPr><\/w:WordDocument>\n<\/xml><![endif]--><!-- [if gte mso 9]><xml>\n <w:LatentStyles DefLockedState=\"false\" DefUnhideWhenUsed=\"false\"\n  DefSemiHidden=\"false\" DefQFormat=\"false\" DefPriority=\"99\"\n  LatentStyleCount=\"375\">\n  <w:LsdException Locked=\"false\" Priority=\"0\" QFormat=\"true\" Name=\"Normal\"\/>\n  <w:LsdException Locked=\"false\" Priority=\"9\" QFormat=\"true\" Name=\"heading 1\"\/>\n  <w:LsdException Locked=\"false\" Priority=\"9\" SemiHidden=\"true\"\n   UnhideWhenUsed=\"true\" QFormat=\"true\" Name=\"heading 2\"\/>\n  <w:LsdException Locked=\"false\" Priority=\"9\" SemiHidden=\"true\"\n   UnhideWhenUsed=\"true\" QFormat=\"true\" Name=\"heading 3\"\/>\n  <w:LsdException Locked=\"false\" Priority=\"9\" SemiHidden=\"true\"\n   UnhideWhenUsed=\"true\" QFormat=\"true\" Name=\"heading 4\"\/>\n  <w:LsdException Locked=\"false\" Priority=\"9\" SemiHidden=\"true\"\n   UnhideWhenUsed=\"true\" QFormat=\"true\" Name=\"heading 5\"\/>\n  <w:LsdException Locked=\"false\" Priority=\"9\" SemiHidden=\"true\"\n   UnhideWhenUsed=\"true\" QFormat=\"true\" Name=\"heading 6\"\/>\n  <w:LsdException Locked=\"false\" Priority=\"9\" SemiHidden=\"true\"\n   UnhideWhenUsed=\"true\" QFormat=\"true\" Name=\"heading 7\"\/>\n  <w:LsdException Locked=\"false\" Priority=\"9\" SemiHidden=\"true\"\n   UnhideWhenUsed=\"true\" QFormat=\"true\" Name=\"heading 8\"\/>\n  <w:LsdException Locked=\"false\" Priority=\"9\" SemiHidden=\"true\"\n   UnhideWhenUsed=\"true\" QFormat=\"true\" Name=\"heading 9\"\/>\n  <w:LsdException Locked=\"false\" SemiHidden=\"true\" UnhideWhenUsed=\"true\"\n   Name=\"index 1\"\/>\n  <w:LsdException Locked=\"false\" SemiHidden=\"true\" UnhideWhenUsed=\"true\"\n   Name=\"index 2\"\/>\n  <w:LsdException Locked=\"false\" SemiHidden=\"true\" UnhideWhenUsed=\"true\"\n   Name=\"index 3\"\/>\n  <w:LsdException Locked=\"false\" SemiHidden=\"true\" UnhideWhenUsed=\"true\"\n   Name=\"index 4\"\/>\n  <w:LsdException Locked=\"false\" SemiHidden=\"true\" UnhideWhenUsed=\"true\"\n   Name=\"index 5\"\/>\n  <w:LsdException Locked=\"false\" SemiHidden=\"true\" UnhideWhenUsed=\"true\"\n   Name=\"index 6\"\/>\n  <w:LsdException Locked=\"false\" SemiHidden=\"true\" UnhideWhenUsed=\"true\"\n   Name=\"index 7\"\/>\n  <w:LsdException Locked=\"false\" SemiHidden=\"true\" UnhideWhenUsed=\"true\"\n   Name=\"index 8\"\/>\n  <w:LsdException Locked=\"false\" SemiHidden=\"true\" UnhideWhenUsed=\"true\"\n   Name=\"index 9\"\/>\n  <w:LsdException Locked=\"false\" Priority=\"39\" SemiHidden=\"true\"\n   UnhideWhenUsed=\"true\" Name=\"toc 1\"\/>\n  <w:LsdException Locked=\"false\" Priority=\"39\" SemiHidden=\"true\"\n   UnhideWhenUsed=\"true\" Name=\"toc 2\"\/>\n  <w:LsdException Locked=\"false\" Priority=\"39\" SemiHidden=\"true\"\n   UnhideWhenUsed=\"true\" Name=\"toc 3\"\/>\n  <w:LsdException Locked=\"false\" Priority=\"39\" SemiHidden=\"true\"\n   UnhideWhenUsed=\"true\" Name=\"toc 4\"\/>\n  <w:LsdException Locked=\"false\" Priority=\"39\" SemiHidden=\"true\"\n   UnhideWhenUsed=\"true\" Name=\"toc 5\"\/>\n  <w:LsdException Locked=\"false\" Priority=\"39\" SemiHidden=\"true\"\n   UnhideWhenUsed=\"true\" Name=\"toc 6\"\/>\n  <w:LsdException Locked=\"false\" Priority=\"39\" SemiHidden=\"true\"\n   UnhideWhenUsed=\"true\" Name=\"toc 7\"\/>\n  <w:LsdException Locked=\"false\" Priority=\"39\" SemiHidden=\"true\"\n   UnhideWhenUsed=\"true\" Name=\"toc 8\"\/>\n  <w:LsdException Locked=\"false\" Priority=\"39\" SemiHidden=\"true\"\n   UnhideWhenUsed=\"true\" Name=\"toc 9\"\/>\n  <w:LsdException Locked=\"false\" SemiHidden=\"true\" UnhideWhenUsed=\"true\"\n   Name=\"Normal Indent\"\/>\n  <w:LsdException Locked=\"false\" SemiHidden=\"true\" UnhideWhenUsed=\"true\"\n   Name=\"footnote text\"\/>\n  <w:LsdException Locked=\"false\" SemiHidden=\"true\" UnhideWhenUsed=\"true\"\n   Name=\"annotation text\"\/>\n  <w:LsdException Locked=\"false\" SemiHidden=\"true\" UnhideWhenUsed=\"true\"\n   Name=\"header\"\/>\n  <w:LsdException Locked=\"false\" SemiHidden=\"true\" UnhideWhenUsed=\"true\"\n   Name=\"footer\"\/>\n  <w:LsdException Locked=\"false\" SemiHidden=\"true\" UnhideWhenUsed=\"true\"\n   Name=\"index heading\"\/>\n  <w:LsdException Locked=\"false\" Priority=\"35\" SemiHidden=\"true\"\n   UnhideWhenUsed=\"true\" QFormat=\"true\" Name=\"caption\"\/>\n  <w:LsdException Locked=\"false\" SemiHidden=\"true\" UnhideWhenUsed=\"true\"\n   Name=\"table of figures\"\/>\n  <w:LsdException Locked=\"false\" SemiHidden=\"true\" UnhideWhenUsed=\"true\"\n   Name=\"envelope address\"\/>\n  <w:LsdException Locked=\"false\" SemiHidden=\"true\" UnhideWhenUsed=\"true\"\n   Name=\"envelope return\"\/>\n  <w:LsdException Locked=\"false\" SemiHidden=\"true\" UnhideWhenUsed=\"true\"\n   Name=\"footnote reference\"\/>\n  <w:LsdException Locked=\"false\" SemiHidden=\"true\" UnhideWhenUsed=\"true\"\n   Name=\"annotation reference\"\/>\n  <w:LsdException Locked=\"false\" SemiHidden=\"true\" UnhideWhenUsed=\"true\"\n   Name=\"line number\"\/>\n  <w:LsdException Locked=\"false\" SemiHidden=\"true\" UnhideWhenUsed=\"true\"\n   Name=\"page number\"\/>\n  <w:LsdException Locked=\"false\" SemiHidden=\"true\" UnhideWhenUsed=\"true\"\n   Name=\"endnote reference\"\/>\n  <w:LsdException Locked=\"false\" SemiHidden=\"true\" UnhideWhenUsed=\"true\"\n   Name=\"endnote text\"\/>\n  <w:LsdException Locked=\"false\" SemiHidden=\"true\" UnhideWhenUsed=\"true\"\n   Name=\"table of authorities\"\/>\n  <w:LsdException Locked=\"false\" SemiHidden=\"true\" UnhideWhenUsed=\"true\"\n   Name=\"macro\"\/>\n  <w:LsdException Locked=\"false\" SemiHidden=\"true\" UnhideWhenUsed=\"true\"\n   Name=\"toa heading\"\/>\n  <w:LsdException Locked=\"false\" SemiHidden=\"true\" UnhideWhenUsed=\"true\"\n   Name=\"List\"\/>\n  <w:LsdException Locked=\"false\" SemiHidden=\"true\" UnhideWhenUsed=\"true\"\n   Name=\"List Bullet\"\/>\n  <w:LsdException Locked=\"false\" SemiHidden=\"true\" UnhideWhenUsed=\"true\"\n   Name=\"List Number\"\/>\n  <w:LsdException Locked=\"false\" SemiHidden=\"true\" UnhideWhenUsed=\"true\"\n   Name=\"List 2\"\/>\n  <w:LsdException Locked=\"false\" SemiHidden=\"true\" UnhideWhenUsed=\"true\"\n   Name=\"List 3\"\/>\n  <w:LsdException Locked=\"false\" SemiHidden=\"true\" UnhideWhenUsed=\"true\"\n   Name=\"List 4\"\/>\n  <w:LsdException Locked=\"false\" SemiHidden=\"true\" UnhideWhenUsed=\"true\"\n   Name=\"List 5\"\/>\n  <w:LsdException Locked=\"false\" SemiHidden=\"true\" UnhideWhenUsed=\"true\"\n   Name=\"List Bullet 2\"\/>\n  <w:LsdException Locked=\"false\" SemiHidden=\"true\" UnhideWhenUsed=\"true\"\n   Name=\"List Bullet 3\"\/>\n  <w:LsdException Locked=\"false\" SemiHidden=\"true\" UnhideWhenUsed=\"true\"\n   Name=\"List Bullet 4\"\/>\n  <w:LsdException Locked=\"false\" SemiHidden=\"true\" UnhideWhenUsed=\"true\"\n   Name=\"List Bullet 5\"\/>\n  <w:LsdException Locked=\"false\" SemiHidden=\"true\" UnhideWhenUsed=\"true\"\n   Name=\"List Number 2\"\/>\n  <w:LsdException Locked=\"false\" SemiHidden=\"true\" UnhideWhenUsed=\"true\"\n   Name=\"List Number 3\"\/>\n  <w:LsdException Locked=\"false\" SemiHidden=\"true\" UnhideWhenUsed=\"true\"\n   Name=\"List Number 4\"\/>\n  <w:LsdException Locked=\"false\" SemiHidden=\"true\" UnhideWhenUsed=\"true\"\n   Name=\"List Number 5\"\/>\n  <w:LsdException Locked=\"false\" Priority=\"10\" QFormat=\"true\" Name=\"Title\"\/>\n  <w:LsdException Locked=\"false\" SemiHidden=\"true\" UnhideWhenUsed=\"true\"\n   Name=\"Closing\"\/>\n  <w:LsdException Locked=\"false\" SemiHidden=\"true\" UnhideWhenUsed=\"true\"\n   Name=\"Signature\"\/>\n  <w:LsdException Locked=\"false\" Priority=\"1\" SemiHidden=\"true\"\n   UnhideWhenUsed=\"true\" Name=\"Default Paragraph Font\"\/>\n  <w:LsdException Locked=\"false\" SemiHidden=\"true\" UnhideWhenUsed=\"true\"\n   Name=\"Body Text\"\/>\n  <w:LsdException Locked=\"false\" SemiHidden=\"true\" UnhideWhenUsed=\"true\"\n   Name=\"Body Text Indent\"\/>\n  <w:LsdException Locked=\"false\" SemiHidden=\"true\" UnhideWhenUsed=\"true\"\n   Name=\"List Continue\"\/>\n  <w:LsdException Locked=\"false\" SemiHidden=\"true\" UnhideWhenUsed=\"true\"\n   Name=\"List Continue 2\"\/>\n  <w:LsdException Locked=\"false\" SemiHidden=\"true\" UnhideWhenUsed=\"true\"\n   Name=\"List Continue 3\"\/>\n  <w:LsdException Locked=\"false\" SemiHidden=\"true\" UnhideWhenUsed=\"true\"\n   Name=\"List Continue 4\"\/>\n  <w:LsdException Locked=\"false\" SemiHidden=\"true\" UnhideWhenUsed=\"true\"\n   Name=\"List Continue 5\"\/>\n  <w:LsdException Locked=\"false\" SemiHidden=\"true\" UnhideWhenUsed=\"true\"\n   Name=\"Message Header\"\/>\n  <w:LsdException Locked=\"false\" Priority=\"11\" QFormat=\"true\" Name=\"Subtitle\"\/>\n  <w:LsdException Locked=\"false\" SemiHidden=\"true\" UnhideWhenUsed=\"true\"\n   Name=\"Salutation\"\/>\n  <w:LsdException Locked=\"false\" SemiHidden=\"true\" UnhideWhenUsed=\"true\"\n   Name=\"Date\"\/>\n  <w:LsdException Locked=\"false\" SemiHidden=\"true\" UnhideWhenUsed=\"true\"\n   Name=\"Body Text First Indent\"\/>\n  <w:LsdException Locked=\"false\" SemiHidden=\"true\" UnhideWhenUsed=\"true\"\n   Name=\"Body Text First Indent 2\"\/>\n  <w:LsdException Locked=\"false\" SemiHidden=\"true\" UnhideWhenUsed=\"true\"\n   Name=\"Note Heading\"\/>\n  <w:LsdException Locked=\"false\" SemiHidden=\"true\" UnhideWhenUsed=\"true\"\n   Name=\"Body Text 2\"\/>\n  <w:LsdException Locked=\"false\" SemiHidden=\"true\" UnhideWhenUsed=\"true\"\n   Name=\"Body Text 3\"\/>\n  <w:LsdException Locked=\"false\" SemiHidden=\"true\" UnhideWhenUsed=\"true\"\n   Name=\"Body Text Indent 2\"\/>\n  <w:LsdException Locked=\"false\" SemiHidden=\"true\" UnhideWhenUsed=\"true\"\n   Name=\"Body Text Indent 3\"\/>\n  <w:LsdException Locked=\"false\" SemiHidden=\"true\" UnhideWhenUsed=\"true\"\n   Name=\"Block Text\"\/>\n  <w:LsdException Locked=\"false\" SemiHidden=\"true\" UnhideWhenUsed=\"true\"\n   Name=\"Hyperlink\"\/>\n  <w:LsdException Locked=\"false\" SemiHidden=\"true\" UnhideWhenUsed=\"true\"\n   Name=\"FollowedHyperlink\"\/>\n  <w:LsdException Locked=\"false\" Priority=\"22\" QFormat=\"true\" Name=\"Strong\"\/>\n  <w:LsdException Locked=\"false\" Priority=\"20\" QFormat=\"true\" Name=\"Emphasis\"\/>\n  <w:LsdException Locked=\"false\" SemiHidden=\"true\" UnhideWhenUsed=\"true\"\n   Name=\"Document Map\"\/>\n  <w:LsdException Locked=\"false\" SemiHidden=\"true\" UnhideWhenUsed=\"true\"\n   Name=\"Plain Text\"\/>\n  <w:LsdException Locked=\"false\" SemiHidden=\"true\" UnhideWhenUsed=\"true\"\n   Name=\"E-mail Signature\"\/>\n  <w:LsdException Locked=\"false\" SemiHidden=\"true\" UnhideWhenUsed=\"true\"\n   Name=\"HTML Top of Form\"\/>\n  <w:LsdException Locked=\"false\" SemiHidden=\"true\" UnhideWhenUsed=\"true\"\n   Name=\"HTML Bottom of Form\"\/>\n  <w:LsdException Locked=\"false\" SemiHidden=\"true\" UnhideWhenUsed=\"true\"\n   Name=\"Normal (Web)\"\/>\n  <w:LsdException Locked=\"false\" SemiHidden=\"true\" UnhideWhenUsed=\"true\"\n   Name=\"HTML Acronym\"\/>\n  <w:LsdException Locked=\"false\" SemiHidden=\"true\" UnhideWhenUsed=\"true\"\n   Name=\"HTML Address\"\/>\n  <w:LsdException Locked=\"false\" SemiHidden=\"true\" UnhideWhenUsed=\"true\"\n   Name=\"HTML Cite\"\/>\n  <w:LsdException Locked=\"false\" SemiHidden=\"true\" UnhideWhenUsed=\"true\"\n   Name=\"HTML Code\"\/>\n  <w:LsdException Locked=\"false\" SemiHidden=\"true\" UnhideWhenUsed=\"true\"\n   Name=\"HTML Definition\"\/>\n  <w:LsdException Locked=\"false\" SemiHidden=\"true\" UnhideWhenUsed=\"true\"\n   Name=\"HTML Keyboard\"\/>\n  <w:LsdException Locked=\"false\" SemiHidden=\"true\" UnhideWhenUsed=\"true\"\n   Name=\"HTML Preformatted\"\/>\n  <w:LsdException Locked=\"false\" SemiHidden=\"true\" UnhideWhenUsed=\"true\"\n   Name=\"HTML Sample\"\/>\n  <w:LsdException Locked=\"false\" SemiHidden=\"true\" UnhideWhenUsed=\"true\"\n   Name=\"HTML Typewriter\"\/>\n  <w:LsdException Locked=\"false\" SemiHidden=\"true\" UnhideWhenUsed=\"true\"\n   Name=\"HTML Variable\"\/>\n  <w:LsdException Locked=\"false\" SemiHidden=\"true\" UnhideWhenUsed=\"true\"\n   Name=\"Normal Table\"\/>\n  <w:LsdException Locked=\"false\" SemiHidden=\"true\" UnhideWhenUsed=\"true\"\n   Name=\"annotation subject\"\/>\n  <w:LsdException Locked=\"false\" SemiHidden=\"true\" UnhideWhenUsed=\"true\"\n   Name=\"No List\"\/>\n  <w:LsdException Locked=\"false\" SemiHidden=\"true\" UnhideWhenUsed=\"true\"\n   Name=\"Outline List 1\"\/>\n  <w:LsdException Locked=\"false\" SemiHidden=\"true\" UnhideWhenUsed=\"true\"\n   Name=\"Outline List 2\"\/>\n  <w:LsdException Locked=\"false\" SemiHidden=\"true\" UnhideWhenUsed=\"true\"\n   Name=\"Outline List 3\"\/>\n  <w:LsdException Locked=\"false\" SemiHidden=\"true\" UnhideWhenUsed=\"true\"\n   Name=\"Table Simple 1\"\/>\n  <w:LsdException Locked=\"false\" SemiHidden=\"true\" UnhideWhenUsed=\"true\"\n   Name=\"Table Simple 2\"\/>\n  <w:LsdException Locked=\"false\" SemiHidden=\"true\" UnhideWhenUsed=\"true\"\n   Name=\"Table Simple 3\"\/>\n  <w:LsdException Locked=\"false\" SemiHidden=\"true\" UnhideWhenUsed=\"true\"\n   Name=\"Table Classic 1\"\/>\n  <w:LsdException Locked=\"false\" SemiHidden=\"true\" UnhideWhenUsed=\"true\"\n   Name=\"Table Classic 2\"\/>\n  <w:LsdException Locked=\"false\" SemiHidden=\"true\" UnhideWhenUsed=\"true\"\n   Name=\"Table Classic 3\"\/>\n  <w:LsdException Locked=\"false\" SemiHidden=\"true\" UnhideWhenUsed=\"true\"\n   Name=\"Table Classic 4\"\/>\n  <w:LsdException Locked=\"false\" SemiHidden=\"true\" UnhideWhenUsed=\"true\"\n   Name=\"Table Colorful 1\"\/>\n  <w:LsdException Locked=\"false\" SemiHidden=\"true\" UnhideWhenUsed=\"true\"\n   Name=\"Table Colorful 2\"\/>\n  <w:LsdException Locked=\"false\" SemiHidden=\"true\" UnhideWhenUsed=\"true\"\n   Name=\"Table Colorful 3\"\/>\n  <w:LsdException Locked=\"false\" SemiHidden=\"true\" UnhideWhenUsed=\"true\"\n   Name=\"Table Columns 1\"\/>\n  <w:LsdException Locked=\"false\" SemiHidden=\"true\" UnhideWhenUsed=\"true\"\n   Name=\"Table Columns 2\"\/>\n  <w:LsdException Locked=\"false\" SemiHidden=\"true\" UnhideWhenUsed=\"true\"\n   Name=\"Table Columns 3\"\/>\n  <w:LsdException Locked=\"false\" SemiHidden=\"true\" UnhideWhenUsed=\"true\"\n   Name=\"Table Columns 4\"\/>\n  <w:LsdException Locked=\"false\" SemiHidden=\"true\" UnhideWhenUsed=\"true\"\n   Name=\"Table Columns 5\"\/>\n  <w:LsdException Locked=\"false\" SemiHidden=\"true\" UnhideWhenUsed=\"true\"\n   Name=\"Table Grid 1\"\/>\n  <w:LsdException Locked=\"false\" SemiHidden=\"true\" UnhideWhenUsed=\"true\"\n   Name=\"Table Grid 2\"\/>\n  <w:LsdException Locked=\"false\" SemiHidden=\"true\" UnhideWhenUsed=\"true\"\n   Name=\"Table Grid 3\"\/>\n  <w:LsdException Locked=\"false\" SemiHidden=\"true\" UnhideWhenUsed=\"true\"\n   Name=\"Table Grid 4\"\/>\n  <w:LsdException Locked=\"false\" SemiHidden=\"true\" UnhideWhenUsed=\"true\"\n   Name=\"Table Grid 5\"\/>\n  <w:LsdException Locked=\"false\" SemiHidden=\"true\" UnhideWhenUsed=\"true\"\n   Name=\"Table Grid 6\"\/>\n  <w:LsdException Locked=\"false\" SemiHidden=\"true\" UnhideWhenUsed=\"true\"\n   Name=\"Table Grid 7\"\/>\n  <w:LsdException Locked=\"false\" SemiHidden=\"true\" UnhideWhenUsed=\"true\"\n   Name=\"Table Grid 8\"\/>\n  <w:LsdException Locked=\"false\" SemiHidden=\"true\" UnhideWhenUsed=\"true\"\n   Name=\"Table List 1\"\/>\n  <w:LsdException Locked=\"false\" SemiHidden=\"true\" UnhideWhenUsed=\"true\"\n   Name=\"Table List 2\"\/>\n  <w:LsdException Locked=\"false\" SemiHidden=\"true\" UnhideWhenUsed=\"true\"\n   Name=\"Table List 3\"\/>\n  <w:LsdException Locked=\"false\" SemiHidden=\"true\" UnhideWhenUsed=\"true\"\n   Name=\"Table List 4\"\/>\n  <w:LsdException Locked=\"false\" SemiHidden=\"true\" UnhideWhenUsed=\"true\"\n   Name=\"Table List 5\"\/>\n  <w:LsdException Locked=\"false\" SemiHidden=\"true\" UnhideWhenUsed=\"true\"\n   Name=\"Table List 6\"\/>\n  <w:LsdException Locked=\"false\" SemiHidden=\"true\" UnhideWhenUsed=\"true\"\n   Name=\"Table List 7\"\/>\n  <w:LsdException Locked=\"false\" SemiHidden=\"true\" UnhideWhenUsed=\"true\"\n   Name=\"Table List 8\"\/>\n  <w:LsdException Locked=\"false\" SemiHidden=\"true\" UnhideWhenUsed=\"true\"\n   Name=\"Table 3D effects 1\"\/>\n  <w:LsdException Locked=\"false\" SemiHidden=\"true\" UnhideWhenUsed=\"true\"\n   Name=\"Table 3D effects 2\"\/>\n  <w:LsdException Locked=\"false\" SemiHidden=\"true\" UnhideWhenUsed=\"true\"\n   Name=\"Table 3D effects 3\"\/>\n  <w:LsdException Locked=\"false\" SemiHidden=\"true\" UnhideWhenUsed=\"true\"\n   Name=\"Table Contemporary\"\/>\n  <w:LsdException Locked=\"false\" SemiHidden=\"true\" UnhideWhenUsed=\"true\"\n   Name=\"Table Elegant\"\/>\n  <w:LsdException Locked=\"false\" SemiHidden=\"true\" UnhideWhenUsed=\"true\"\n   Name=\"Table Professional\"\/>\n  <w:LsdException Locked=\"false\" SemiHidden=\"true\" UnhideWhenUsed=\"true\"\n   Name=\"Table Subtle 1\"\/>\n  <w:LsdException Locked=\"false\" SemiHidden=\"true\" UnhideWhenUsed=\"true\"\n   Name=\"Table Subtle 2\"\/>\n  <w:LsdException Locked=\"false\" SemiHidden=\"true\" UnhideWhenUsed=\"true\"\n   Name=\"Table Web 1\"\/>\n  <w:LsdException Locked=\"false\" SemiHidden=\"true\" UnhideWhenUsed=\"true\"\n   Name=\"Table Web 2\"\/>\n  <w:LsdException Locked=\"false\" SemiHidden=\"true\" UnhideWhenUsed=\"true\"\n   Name=\"Table Web 3\"\/>\n  <w:LsdException Locked=\"false\" SemiHidden=\"true\" UnhideWhenUsed=\"true\"\n   Name=\"Balloon Text\"\/>\n  <w:LsdException Locked=\"false\" Priority=\"39\" Name=\"Table Grid\"\/>\n  <w:LsdException Locked=\"false\" SemiHidden=\"true\" UnhideWhenUsed=\"true\"\n   Name=\"Table Theme\"\/>\n  <w:LsdException Locked=\"false\" SemiHidden=\"true\" Name=\"Placeholder Text\"\/>\n  <w:LsdException Locked=\"false\" Priority=\"1\" QFormat=\"true\" Name=\"No Spacing\"\/>\n  <w:LsdException Locked=\"false\" Priority=\"60\" Name=\"Light Shading\"\/>\n  <w:LsdException Locked=\"false\" Priority=\"61\" Name=\"Light List\"\/>\n  <w:LsdException Locked=\"false\" Priority=\"62\" Name=\"Light Grid\"\/>\n  <w:LsdException Locked=\"false\" Priority=\"63\" Name=\"Medium Shading 1\"\/>\n  <w:LsdException Locked=\"false\" Priority=\"64\" Name=\"Medium Shading 2\"\/>\n  <w:LsdException Locked=\"false\" Priority=\"65\" Name=\"Medium List 1\"\/>\n  <w:LsdException Locked=\"false\" Priority=\"66\" Name=\"Medium List 2\"\/>\n  <w:LsdException Locked=\"false\" Priority=\"67\" Name=\"Medium Grid 1\"\/>\n  <w:LsdException Locked=\"false\" Priority=\"68\" Name=\"Medium Grid 2\"\/>\n  <w:LsdException Locked=\"false\" Priority=\"69\" Name=\"Medium Grid 3\"\/>\n  <w:LsdException Locked=\"false\" Priority=\"70\" Name=\"Dark List\"\/>\n  <w:LsdException Locked=\"false\" Priority=\"71\" Name=\"Colorful Shading\"\/>\n  <w:LsdException Locked=\"false\" Priority=\"72\" Name=\"Colorful List\"\/>\n  <w:LsdException Locked=\"false\" Priority=\"73\" Name=\"Colorful Grid\"\/>\n  <w:LsdException Locked=\"false\" Priority=\"60\" Name=\"Light Shading Accent 1\"\/>\n  <w:LsdException Locked=\"false\" Priority=\"61\" Name=\"Light List Accent 1\"\/>\n  <w:LsdException Locked=\"false\" Priority=\"62\" Name=\"Light Grid Accent 1\"\/>\n  <w:LsdException Locked=\"false\" Priority=\"63\" Name=\"Medium Shading 1 Accent 1\"\/>\n  <w:LsdException Locked=\"false\" Priority=\"64\" Name=\"Medium Shading 2 Accent 1\"\/>\n  <w:LsdException Locked=\"false\" Priority=\"65\" Name=\"Medium List 1 Accent 1\"\/>\n  <w:LsdException Locked=\"false\" SemiHidden=\"true\" Name=\"Revision\"\/>\n  <w:LsdException Locked=\"false\" Priority=\"34\" QFormat=\"true\"\n   Name=\"List Paragraph\"\/>\n  <w:LsdException Locked=\"false\" Priority=\"29\" QFormat=\"true\" Name=\"Quote\"\/>\n  <w:LsdException Locked=\"false\" Priority=\"30\" QFormat=\"true\"\n   Name=\"Intense Quote\"\/>\n  <w:LsdException Locked=\"false\" Priority=\"66\" Name=\"Medium List 2 Accent 1\"\/>\n  <w:LsdException Locked=\"false\" Priority=\"67\" Name=\"Medium Grid 1 Accent 1\"\/>\n  <w:LsdException Locked=\"false\" Priority=\"68\" Name=\"Medium Grid 2 Accent 1\"\/>\n  <w:LsdException Locked=\"false\" Priority=\"69\" Name=\"Medium Grid 3 Accent 1\"\/>\n  <w:LsdException Locked=\"false\" Priority=\"70\" Name=\"Dark List Accent 1\"\/>\n  <w:LsdException Locked=\"false\" Priority=\"71\" Name=\"Colorful Shading Accent 1\"\/>\n  <w:LsdException Locked=\"false\" Priority=\"72\" Name=\"Colorful List Accent 1\"\/>\n  <w:LsdException Locked=\"false\" Priority=\"73\" Name=\"Colorful Grid Accent 1\"\/>\n  <w:LsdException Locked=\"false\" Priority=\"60\" Name=\"Light Shading Accent 2\"\/>\n  <w:LsdException Locked=\"false\" Priority=\"61\" Name=\"Light List Accent 2\"\/>\n  <w:LsdException Locked=\"false\" Priority=\"62\" Name=\"Light Grid Accent 2\"\/>\n  <w:LsdException Locked=\"false\" Priority=\"63\" Name=\"Medium Shading 1 Accent 2\"\/>\n  <w:LsdException Locked=\"false\" Priority=\"64\" Name=\"Medium Shading 2 Accent 2\"\/>\n  <w:LsdException Locked=\"false\" Priority=\"65\" Name=\"Medium List 1 Accent 2\"\/>\n  <w:LsdException Locked=\"false\" Priority=\"66\" Name=\"Medium List 2 Accent 2\"\/>\n  <w:LsdException Locked=\"false\" Priority=\"67\" Name=\"Medium Grid 1 Accent 2\"\/>\n  <w:LsdException Locked=\"false\" Priority=\"68\" Name=\"Medium Grid 2 Accent 2\"\/>\n  <w:LsdException Locked=\"false\" Priority=\"69\" Name=\"Medium Grid 3 Accent 2\"\/>\n  <w:LsdException Locked=\"false\" Priority=\"70\" Name=\"Dark List Accent 2\"\/>\n  <w:LsdException Locked=\"false\" Priority=\"71\" Name=\"Colorful Shading Accent 2\"\/>\n  <w:LsdException Locked=\"false\" Priority=\"72\" Name=\"Colorful List Accent 2\"\/>\n  <w:LsdException Locked=\"false\" Priority=\"73\" Name=\"Colorful Grid Accent 2\"\/>\n  <w:LsdException Locked=\"false\" Priority=\"60\" Name=\"Light Shading Accent 3\"\/>\n  <w:LsdException Locked=\"false\" Priority=\"61\" Name=\"Light List Accent 3\"\/>\n  <w:LsdException Locked=\"false\" Priority=\"62\" Name=\"Light Grid Accent 3\"\/>\n  <w:LsdException Locked=\"false\" Priority=\"63\" Name=\"Medium Shading 1 Accent 3\"\/>\n  <w:LsdException Locked=\"false\" Priority=\"64\" Name=\"Medium Shading 2 Accent 3\"\/>\n  <w:LsdException Locked=\"false\" Priority=\"65\" Name=\"Medium List 1 Accent 3\"\/>\n  <w:LsdException Locked=\"false\" Priority=\"66\" Name=\"Medium List 2 Accent 3\"\/>\n  <w:LsdException Locked=\"false\" Priority=\"67\" Name=\"Medium Grid 1 Accent 3\"\/>\n  <w:LsdException Locked=\"false\" Priority=\"68\" Name=\"Medium Grid 2 Accent 3\"\/>\n  <w:LsdException Locked=\"false\" Priority=\"69\" Name=\"Medium Grid 3 Accent 3\"\/>\n  <w:LsdException Locked=\"false\" Priority=\"70\" Name=\"Dark List Accent 3\"\/>\n  <w:LsdException Locked=\"false\" Priority=\"71\" Name=\"Colorful Shading Accent 3\"\/>\n  <w:LsdException Locked=\"false\" Priority=\"72\" Name=\"Colorful List Accent 3\"\/>\n  <w:LsdException Locked=\"false\" Priority=\"73\" Name=\"Colorful Grid Accent 3\"\/>\n  <w:LsdException Locked=\"false\" Priority=\"60\" Name=\"Light Shading Accent 4\"\/>\n  <w:LsdException Locked=\"false\" Priority=\"61\" Name=\"Light List Accent 4\"\/>\n  <w:LsdException Locked=\"false\" Priority=\"62\" Name=\"Light Grid Accent 4\"\/>\n  <w:LsdException Locked=\"false\" Priority=\"63\" Name=\"Medium Shading 1 Accent 4\"\/>\n  <w:LsdException Locked=\"false\" Priority=\"64\" Name=\"Medium Shading 2 Accent 4\"\/>\n  <w:LsdException Locked=\"false\" Priority=\"65\" Name=\"Medium List 1 Accent 4\"\/>\n  <w:LsdException Locked=\"false\" Priority=\"66\" Name=\"Medium List 2 Accent 4\"\/>\n  <w:LsdException Locked=\"false\" Priority=\"67\" Name=\"Medium Grid 1 Accent 4\"\/>\n  <w:LsdException Locked=\"false\" Priority=\"68\" Name=\"Medium Grid 2 Accent 4\"\/>\n  <w:LsdException Locked=\"false\" Priority=\"69\" Name=\"Medium Grid 3 Accent 4\"\/>\n  <w:LsdException Locked=\"false\" Priority=\"70\" Name=\"Dark List Accent 4\"\/>\n  <w:LsdException Locked=\"false\" Priority=\"71\" Name=\"Colorful Shading Accent 4\"\/>\n  <w:LsdException Locked=\"false\" Priority=\"72\" Name=\"Colorful List Accent 4\"\/>\n  <w:LsdException Locked=\"false\" Priority=\"73\" Name=\"Colorful Grid Accent 4\"\/>\n  <w:LsdException Locked=\"false\" Priority=\"60\" Name=\"Light Shading Accent 5\"\/>\n  <w:LsdException Locked=\"false\" Priority=\"61\" Name=\"Light List Accent 5\"\/>\n  <w:LsdException Locked=\"false\" Priority=\"62\" Name=\"Light Grid Accent 5\"\/>\n  <w:LsdException Locked=\"false\" Priority=\"63\" Name=\"Medium Shading 1 Accent 5\"\/>\n  <w:LsdException Locked=\"false\" Priority=\"64\" Name=\"Medium Shading 2 Accent 5\"\/>\n  <w:LsdException Locked=\"false\" Priority=\"65\" Name=\"Medium List 1 Accent 5\"\/>\n  <w:LsdException Locked=\"false\" Priority=\"66\" Name=\"Medium List 2 Accent 5\"\/>\n  <w:LsdException Locked=\"false\" Priority=\"67\" Name=\"Medium Grid 1 Accent 5\"\/>\n  <w:LsdException Locked=\"false\" Priority=\"68\" Name=\"Medium Grid 2 Accent 5\"\/>\n  <w:LsdException Locked=\"false\" Priority=\"69\" Name=\"Medium Grid 3 Accent 5\"\/>\n  <w:LsdException Locked=\"false\" Priority=\"70\" Name=\"Dark List Accent 5\"\/>\n  <w:LsdException Locked=\"false\" Priority=\"71\" Name=\"Colorful Shading Accent 5\"\/>\n  <w:LsdException Locked=\"false\" Priority=\"72\" Name=\"Colorful List Accent 5\"\/>\n  <w:LsdException Locked=\"false\" Priority=\"73\" Name=\"Colorful Grid Accent 5\"\/>\n  <w:LsdException Locked=\"false\" Priority=\"60\" Name=\"Light Shading Accent 6\"\/>\n  <w:LsdException Locked=\"false\" Priority=\"61\" Name=\"Light List Accent 6\"\/>\n  <w:LsdException Locked=\"false\" Priority=\"62\" Name=\"Light Grid Accent 6\"\/>\n  <w:LsdException Locked=\"false\" Priority=\"63\" Name=\"Medium Shading 1 Accent 6\"\/>\n  <w:LsdException Locked=\"false\" Priority=\"64\" Name=\"Medium Shading 2 Accent 6\"\/>\n  <w:LsdException Locked=\"false\" Priority=\"65\" Name=\"Medium List 1 Accent 6\"\/>\n  <w:LsdException Locked=\"false\" Priority=\"66\" Name=\"Medium List 2 Accent 6\"\/>\n  <w:LsdException Locked=\"false\" Priority=\"67\" Name=\"Medium Grid 1 Accent 6\"\/>\n  <w:LsdException Locked=\"false\" Priority=\"68\" Name=\"Medium Grid 2 Accent 6\"\/>\n  <w:LsdException Locked=\"false\" Priority=\"69\" Name=\"Medium Grid 3 Accent 6\"\/>\n  <w:LsdException Locked=\"false\" Priority=\"70\" Name=\"Dark List Accent 6\"\/>\n  <w:LsdException Locked=\"false\" Priority=\"71\" Name=\"Colorful Shading Accent 6\"\/>\n  <w:LsdException Locked=\"false\" Priority=\"72\" Name=\"Colorful List Accent 6\"\/>\n  <w:LsdException Locked=\"false\" Priority=\"73\" Name=\"Colorful Grid Accent 6\"\/>\n  <w:LsdException Locked=\"false\" Priority=\"19\" QFormat=\"true\"\n   Name=\"Subtle Emphasis\"\/>\n  <w:LsdException Locked=\"false\" Priority=\"21\" QFormat=\"true\"\n   Name=\"Intense Emphasis\"\/>\n  <w:LsdException Locked=\"false\" Priority=\"31\" QFormat=\"true\"\n   Name=\"Subtle Reference\"\/>\n  <w:LsdException Locked=\"false\" Priority=\"32\" QFormat=\"true\"\n   Name=\"Intense Reference\"\/>\n  <w:LsdException Locked=\"false\" Priority=\"33\" QFormat=\"true\" Name=\"Book Title\"\/>\n  <w:LsdException Locked=\"false\" Priority=\"37\" SemiHidden=\"true\"\n   UnhideWhenUsed=\"true\" Name=\"Bibliography\"\/>\n  <w:LsdException Locked=\"false\" Priority=\"39\" SemiHidden=\"true\"\n   UnhideWhenUsed=\"true\" QFormat=\"true\" Name=\"TOC Heading\"\/>\n  <w:LsdException Locked=\"false\" Priority=\"41\" Name=\"Plain Table 1\"\/>\n  <w:LsdException Locked=\"false\" Priority=\"42\" Name=\"Plain Table 2\"\/>\n  <w:LsdException Locked=\"false\" Priority=\"43\" Name=\"Plain Table 3\"\/>\n  <w:LsdException Locked=\"false\" Priority=\"44\" Name=\"Plain Table 4\"\/>\n  <w:LsdException Locked=\"false\" Priority=\"45\" Name=\"Plain Table 5\"\/>\n  <w:LsdException Locked=\"false\" Priority=\"40\" Name=\"Grid Table Light\"\/>\n  <w:LsdException Locked=\"false\" Priority=\"46\" Name=\"Grid Table 1 Light\"\/>\n  <w:LsdException Locked=\"false\" Priority=\"47\" Name=\"Grid Table 2\"\/>\n  <w:LsdException Locked=\"false\" Priority=\"48\" Name=\"Grid Table 3\"\/>\n  <w:LsdException Locked=\"false\" Priority=\"49\" Name=\"Grid Table 4\"\/>\n  <w:LsdException Locked=\"false\" Priority=\"50\" Name=\"Grid Table 5 Dark\"\/>\n  <w:LsdException Locked=\"false\" Priority=\"51\" Name=\"Grid Table 6 Colorful\"\/>\n  <w:LsdException Locked=\"false\" Priority=\"52\" Name=\"Grid Table 7 Colorful\"\/>\n  <w:LsdException Locked=\"false\" Priority=\"46\"\n   Name=\"Grid Table 1 Light Accent 1\"\/>\n  <w:LsdException Locked=\"false\" Priority=\"47\" Name=\"Grid Table 2 Accent 1\"\/>\n  <w:LsdException Locked=\"false\" Priority=\"48\" Name=\"Grid Table 3 Accent 1\"\/>\n  <w:LsdException Locked=\"false\" Priority=\"49\" Name=\"Grid Table 4 Accent 1\"\/>\n  <w:LsdException Locked=\"false\" Priority=\"50\" Name=\"Grid Table 5 Dark Accent 1\"\/>\n  <w:LsdException Locked=\"false\" Priority=\"51\"\n   Name=\"Grid Table 6 Colorful Accent 1\"\/>\n  <w:LsdException Locked=\"false\" Priority=\"52\"\n   Name=\"Grid Table 7 Colorful Accent 1\"\/>\n  <w:LsdException Locked=\"false\" Priority=\"46\"\n   Name=\"Grid Table 1 Light Accent 2\"\/>\n  <w:LsdException Locked=\"false\" Priority=\"47\" Name=\"Grid Table 2 Accent 2\"\/>\n  <w:LsdException Locked=\"false\" Priority=\"48\" Name=\"Grid Table 3 Accent 2\"\/>\n  <w:LsdException Locked=\"false\" Priority=\"49\" Name=\"Grid Table 4 Accent 2\"\/>\n  <w:LsdException Locked=\"false\" Priority=\"50\" Name=\"Grid Table 5 Dark Accent 2\"\/>\n  <w:LsdException Locked=\"false\" Priority=\"51\"\n   Name=\"Grid Table 6 Colorful Accent 2\"\/>\n  <w:LsdException Locked=\"false\" Priority=\"52\"\n   Name=\"Grid Table 7 Colorful Accent 2\"\/>\n  <w:LsdException Locked=\"false\" Priority=\"46\"\n   Name=\"Grid Table 1 Light Accent 3\"\/>\n  <w:LsdException Locked=\"false\" Priority=\"47\" Name=\"Grid Table 2 Accent 3\"\/>\n  <w:LsdException Locked=\"false\" Priority=\"48\" Name=\"Grid Table 3 Accent 3\"\/>\n  <w:LsdException Locked=\"false\" Priority=\"49\" Name=\"Grid Table 4 Accent 3\"\/>\n  <w:LsdException Locked=\"false\" Priority=\"50\" Name=\"Grid Table 5 Dark Accent 3\"\/>\n  <w:LsdException Locked=\"false\" Priority=\"51\"\n   Name=\"Grid Table 6 Colorful Accent 3\"\/>\n  <w:LsdException Locked=\"false\" Priority=\"52\"\n   Name=\"Grid Table 7 Colorful Accent 3\"\/>\n  <w:LsdException Locked=\"false\" Priority=\"46\"\n   Name=\"Grid Table 1 Light Accent 4\"\/>\n  <w:LsdException Locked=\"false\" Priority=\"47\" Name=\"Grid Table 2 Accent 4\"\/>\n  <w:LsdException Locked=\"false\" Priority=\"48\" Name=\"Grid Table 3 Accent 4\"\/>\n  <w:LsdException Locked=\"false\" Priority=\"49\" Name=\"Grid Table 4 Accent 4\"\/>\n  <w:LsdException Locked=\"false\" Priority=\"50\" Name=\"Grid Table 5 Dark Accent 4\"\/>\n  <w:LsdException Locked=\"false\" Priority=\"51\"\n   Name=\"Grid Table 6 Colorful Accent 4\"\/>\n  <w:LsdException Locked=\"false\" Priority=\"52\"\n   Name=\"Grid Table 7 Colorful Accent 4\"\/>\n  <w:LsdException Locked=\"false\" Priority=\"46\"\n   Name=\"Grid Table 1 Light Accent 5\"\/>\n  <w:LsdException Locked=\"false\" Priority=\"47\" Name=\"Grid Table 2 Accent 5\"\/>\n  <w:LsdException Locked=\"false\" Priority=\"48\" Name=\"Grid Table 3 Accent 5\"\/>\n  <w:LsdException Locked=\"false\" Priority=\"49\" Name=\"Grid Table 4 Accent 5\"\/>\n  <w:LsdException Locked=\"false\" Priority=\"50\" Name=\"Grid Table 5 Dark Accent 5\"\/>\n  <w:LsdException Locked=\"false\" Priority=\"51\"\n   Name=\"Grid Table 6 Colorful Accent 5\"\/>\n  <w:LsdException Locked=\"false\" Priority=\"52\"\n   Name=\"Grid Table 7 Colorful Accent 5\"\/>\n  <w:LsdException Locked=\"false\" Priority=\"46\"\n   Name=\"Grid Table 1 Light Accent 6\"\/>\n  <w:LsdException Locked=\"false\" Priority=\"47\" Name=\"Grid Table 2 Accent 6\"\/>\n  <w:LsdException Locked=\"false\" Priority=\"48\" Name=\"Grid Table 3 Accent 6\"\/>\n  <w:LsdException Locked=\"false\" Priority=\"49\" Name=\"Grid Table 4 Accent 6\"\/>\n  <w:LsdException Locked=\"false\" Priority=\"50\" Name=\"Grid Table 5 Dark Accent 6\"\/>\n  <w:LsdException Locked=\"false\" Priority=\"51\"\n   Name=\"Grid Table 6 Colorful Accent 6\"\/>\n  <w:LsdException Locked=\"false\" Priority=\"52\"\n   Name=\"Grid Table 7 Colorful Accent 6\"\/>\n  <w:LsdException Locked=\"false\" Priority=\"46\" Name=\"List Table 1 Light\"\/>\n  <w:LsdException Locked=\"false\" Priority=\"47\" Name=\"List Table 2\"\/>\n  <w:LsdException Locked=\"false\" Priority=\"48\" Name=\"List Table 3\"\/>\n  <w:LsdException Locked=\"false\" Priority=\"49\" Name=\"List Table 4\"\/>\n  <w:LsdException Locked=\"false\" Priority=\"50\" Name=\"List Table 5 Dark\"\/>\n  <w:LsdException Locked=\"false\" Priority=\"51\" Name=\"List Table 6 Colorful\"\/>\n  <w:LsdException Locked=\"false\" Priority=\"52\" Name=\"List Table 7 Colorful\"\/>\n  <w:LsdException Locked=\"false\" Priority=\"46\"\n   Name=\"List Table 1 Light Accent 1\"\/>\n  <w:LsdException Locked=\"false\" Priority=\"47\" Name=\"List Table 2 Accent 1\"\/>\n  <w:LsdException Locked=\"false\" Priority=\"48\" Name=\"List Table 3 Accent 1\"\/>\n  <w:LsdException Locked=\"false\" Priority=\"49\" Name=\"List Table 4 Accent 1\"\/>\n  <w:LsdException Locked=\"false\" Priority=\"50\" Name=\"List Table 5 Dark Accent 1\"\/>\n  <w:LsdException Locked=\"false\" Priority=\"51\"\n   Name=\"List Table 6 Colorful Accent 1\"\/>\n  <w:LsdException Locked=\"false\" Priority=\"52\"\n   Name=\"List Table 7 Colorful Accent 1\"\/>\n  <w:LsdException Locked=\"false\" Priority=\"46\"\n   Name=\"List Table 1 Light Accent 2\"\/>\n  <w:LsdException Locked=\"false\" Priority=\"47\" Name=\"List Table 2 Accent 2\"\/>\n  <w:LsdException Locked=\"false\" Priority=\"48\" Name=\"List Table 3 Accent 2\"\/>\n  <w:LsdException Locked=\"false\" Priority=\"49\" Name=\"List Table 4 Accent 2\"\/>\n  <w:LsdException Locked=\"false\" Priority=\"50\" Name=\"List Table 5 Dark Accent 2\"\/>\n  <w:LsdException Locked=\"false\" Priority=\"51\"\n   Name=\"List Table 6 Colorful Accent 2\"\/>\n  <w:LsdException Locked=\"false\" Priority=\"52\"\n   Name=\"List Table 7 Colorful Accent 2\"\/>\n  <w:LsdException Locked=\"false\" Priority=\"46\"\n   Name=\"List Table 1 Light Accent 3\"\/>\n  <w:LsdException Locked=\"false\" Priority=\"47\" Name=\"List Table 2 Accent 3\"\/>\n  <w:LsdException Locked=\"false\" Priority=\"48\" Name=\"List Table 3 Accent 3\"\/>\n  <w:LsdException Locked=\"false\" Priority=\"49\" Name=\"List Table 4 Accent 3\"\/>\n  <w:LsdException Locked=\"false\" Priority=\"50\" Name=\"List Table 5 Dark Accent 3\"\/>\n  <w:LsdException Locked=\"false\" Priority=\"51\"\n   Name=\"List Table 6 Colorful Accent 3\"\/>\n  <w:LsdException Locked=\"false\" Priority=\"52\"\n   Name=\"List Table 7 Colorful Accent 3\"\/>\n  <w:LsdException Locked=\"false\" Priority=\"46\"\n   Name=\"List Table 1 Light Accent 4\"\/>\n  <w:LsdException Locked=\"false\" Priority=\"47\" Name=\"List Table 2 Accent 4\"\/>\n  <w:LsdException Locked=\"false\" Priority=\"48\" Name=\"List Table 3 Accent 4\"\/>\n  <w:LsdException Locked=\"false\" Priority=\"49\" Name=\"List Table 4 Accent 4\"\/>\n  <w:LsdException Locked=\"false\" Priority=\"50\" Name=\"List Table 5 Dark Accent 4\"\/>\n  <w:LsdException Locked=\"false\" Priority=\"51\"\n   Name=\"List Table 6 Colorful Accent 4\"\/>\n  <w:LsdException Locked=\"false\" Priority=\"52\"\n   Name=\"List Table 7 Colorful Accent 4\"\/>\n  <w:LsdException Locked=\"false\" Priority=\"46\"\n   Name=\"List Table 1 Light Accent 5\"\/>\n  <w:LsdException Locked=\"false\" Priority=\"47\" Name=\"List Table 2 Accent 5\"\/>\n  <w:LsdException Locked=\"false\" Priority=\"48\" Name=\"List Table 3 Accent 5\"\/>\n  <w:LsdException Locked=\"false\" Priority=\"49\" Name=\"List Table 4 Accent 5\"\/>\n  <w:LsdException Locked=\"false\" Priority=\"50\" Name=\"List Table 5 Dark Accent 5\"\/>\n  <w:LsdException Locked=\"false\" Priority=\"51\"\n   Name=\"List Table 6 Colorful Accent 5\"\/>\n  <w:LsdException Locked=\"false\" Priority=\"52\"\n   Name=\"List Table 7 Colorful Accent 5\"\/>\n  <w:LsdException Locked=\"false\" Priority=\"46\"\n   Name=\"List Table 1 Light Accent 6\"\/>\n  <w:LsdException Locked=\"false\" Priority=\"47\" Name=\"List Table 2 Accent 6\"\/>\n  <w:LsdException Locked=\"false\" Priority=\"48\" Name=\"List Table 3 Accent 6\"\/>\n  <w:LsdException Locked=\"false\" Priority=\"49\" Name=\"List Table 4 Accent 6\"\/>\n  <w:LsdException Locked=\"false\" Priority=\"50\" Name=\"List Table 5 Dark Accent 6\"\/>\n  <w:LsdException Locked=\"false\" Priority=\"51\"\n   Name=\"List Table 6 Colorful Accent 6\"\/>\n  <w:LsdException Locked=\"false\" Priority=\"52\"\n   Name=\"List Table 7 Colorful Accent 6\"\/>\n  <w:LsdException Locked=\"false\" SemiHidden=\"true\" UnhideWhenUsed=\"true\"\n   Name=\"Mention\"\/>\n  <w:LsdException Locked=\"false\" SemiHidden=\"true\" UnhideWhenUsed=\"true\"\n   Name=\"Smart Hyperlink\"\/>\n  <w:LsdException Locked=\"false\" SemiHidden=\"true\" UnhideWhenUsed=\"true\"\n   Name=\"Hashtag\"\/>\n  <w:LsdException Locked=\"false\" SemiHidden=\"true\" UnhideWhenUsed=\"true\"\n   Name=\"Unresolved Mention\"\/>\n <\/w:LatentStyles>\n<\/xml><![endif]--> <!-- [if gte mso 10]>\n<style>\n \/* Style Definitions *\/\n table.MsoNormalTable\n\t{mso-style-name:\"Normale Tabelle\";\n\tmso-tstyle-rowband-size:0;\n\tmso-tstyle-colband-size:0;\n\tmso-style-noshow:yes;\n\tmso-style-priority:99;\n\tmso-style-parent:\"\";\n\tmso-padding-alt:0cm 5.4pt 0cm 5.4pt;\n\tmso-para-margin:0cm;\n\tmso-para-margin-bottom:.0001pt;\n\tmso-pagination:widow-orphan;\n\tfont-size:12.0pt;\n\tfont-family:\"Calibri\",sans-serif;\n\tmso-ascii-font-family:Calibri;\n\tmso-ascii-theme-font:minor-latin;\n\tmso-hansi-font-family:Calibri;\n\tmso-hansi-theme-font:minor-latin;\n\tmso-bidi-font-family:\"Times New Roman\";\n\tmso-bidi-theme-font:minor-bidi;\n\tmso-ansi-language:DE;\n\tmso-fareast-language:EN-US;}\n<\/style>\n<![endif]--> <!--StartFragment--> <!--EndFragment--><\/p>\n<p class=\"MsoNormal\"><!-- [if gte mso 9]><xml>\n <o:OfficeDocumentSettings>\n  <o:AllowPNG\/>\n <\/o:OfficeDocumentSettings>\n<\/xml><![endif]--> <!-- [if gte mso 9]><xml>\n <w:WordDocument>\n  <w:View>Normal<\/w:View>\n  <w:Zoom>0<\/w:Zoom>\n  <w:TrackMoves\/>\n  <w:TrackFormatting\/>\n  <w:HyphenationZone>21<\/w:HyphenationZone>\n  <w:PunctuationKerning\/>\n  <w:ValidateAgainstSchemas\/>\n  <w:SaveIfXMLInvalid>false<\/w:SaveIfXMLInvalid>\n  <w:IgnoreMixedContent>false<\/w:IgnoreMixedContent>\n  <w:AlwaysShowPlaceholderText>false<\/w:AlwaysShowPlaceholderText>\n  <w:DoNotPromoteQF\/>\n  <w:LidThemeOther>DE<\/w:LidThemeOther>\n  <w:LidThemeAsian>X-NONE<\/w:LidThemeAsian>\n  <w:LidThemeComplexScript>X-NONE<\/w:LidThemeComplexScript>\n  <w:Compatibility>\n   <w:BreakWrappedTables\/>\n   <w:SnapToGridInCell\/>\n   <w:WrapTextWithPunct\/>\n   <w:UseAsianBreakRules\/>\n   <w:DontGrowAutofit\/>\n   <w:SplitPgBreakAndParaMark\/>\n   <w:EnableOpenTypeKerning\/>\n   <w:DontFlipMirrorIndents\/>\n   <w:OverrideTableStyleHps\/>\n  <\/w:Compatibility>\n  <w:DoNotOptimizeForBrowser\/>\n  <m:mathPr>\n   <m:mathFont m:val=\"Cambria Math\"\/>\n   <m:brkBin m:val=\"before\"\/>\n   <m:brkBinSub m:val=\"&#45;-\"\/>\n   <m:smallFrac m:val=\"off\"\/>\n   <m:dispDef\/>\n   <m:lMargin m:val=\"0\"\/>\n   <m:rMargin m:val=\"0\"\/>\n   <m:defJc m:val=\"centerGroup\"\/>\n   <m:wrapIndent m:val=\"1440\"\/>\n   <m:intLim m:val=\"subSup\"\/>\n   <m:naryLim m:val=\"undOvr\"\/>\n  <\/m:mathPr><\/w:WordDocument>\n<\/xml><![endif]--><!-- [if gte mso 9]><xml>\n <w:LatentStyles DefLockedState=\"false\" DefUnhideWhenUsed=\"false\"\n  DefSemiHidden=\"false\" DefQFormat=\"false\" DefPriority=\"99\"\n  LatentStyleCount=\"375\">\n  <w:LsdException Locked=\"false\" Priority=\"0\" QFormat=\"true\" Name=\"Normal\"\/>\n  <w:LsdException Locked=\"false\" Priority=\"9\" QFormat=\"true\" Name=\"heading 1\"\/>\n  <w:LsdException Locked=\"false\" Priority=\"9\" SemiHidden=\"true\"\n   UnhideWhenUsed=\"true\" QFormat=\"true\" Name=\"heading 2\"\/>\n  <w:LsdException Locked=\"false\" Priority=\"9\" SemiHidden=\"true\"\n   UnhideWhenUsed=\"true\" QFormat=\"true\" Name=\"heading 3\"\/>\n  <w:LsdException Locked=\"false\" Priority=\"9\" SemiHidden=\"true\"\n   UnhideWhenUsed=\"true\" QFormat=\"true\" Name=\"heading 4\"\/>\n  <w:LsdException Locked=\"false\" Priority=\"9\" SemiHidden=\"true\"\n   UnhideWhenUsed=\"true\" QFormat=\"true\" Name=\"heading 5\"\/>\n  <w:LsdException Locked=\"false\" Priority=\"9\" SemiHidden=\"true\"\n   UnhideWhenUsed=\"true\" QFormat=\"true\" Name=\"heading 6\"\/>\n  <w:LsdException Locked=\"false\" Priority=\"9\" SemiHidden=\"true\"\n   UnhideWhenUsed=\"true\" QFormat=\"true\" Name=\"heading 7\"\/>\n  <w:LsdException Locked=\"false\" Priority=\"9\" SemiHidden=\"true\"\n   UnhideWhenUsed=\"true\" QFormat=\"true\" Name=\"heading 8\"\/>\n  <w:LsdException Locked=\"false\" Priority=\"9\" SemiHidden=\"true\"\n   UnhideWhenUsed=\"true\" QFormat=\"true\" Name=\"heading 9\"\/>\n  <w:LsdException Locked=\"false\" SemiHidden=\"true\" UnhideWhenUsed=\"true\"\n   Name=\"index 1\"\/>\n  <w:LsdException Locked=\"false\" SemiHidden=\"true\" UnhideWhenUsed=\"true\"\n   Name=\"index 2\"\/>\n  <w:LsdException Locked=\"false\" SemiHidden=\"true\" UnhideWhenUsed=\"true\"\n   Name=\"index 3\"\/>\n  <w:LsdException Locked=\"false\" SemiHidden=\"true\" UnhideWhenUsed=\"true\"\n   Name=\"index 4\"\/>\n  <w:LsdException Locked=\"false\" SemiHidden=\"true\" UnhideWhenUsed=\"true\"\n   Name=\"index 5\"\/>\n  <w:LsdException Locked=\"false\" SemiHidden=\"true\" UnhideWhenUsed=\"true\"\n   Name=\"index 6\"\/>\n  <w:LsdException Locked=\"false\" SemiHidden=\"true\" UnhideWhenUsed=\"true\"\n   Name=\"index 7\"\/>\n  <w:LsdException Locked=\"false\" SemiHidden=\"true\" UnhideWhenUsed=\"true\"\n   Name=\"index 8\"\/>\n  <w:LsdException Locked=\"false\" SemiHidden=\"true\" UnhideWhenUsed=\"true\"\n   Name=\"index 9\"\/>\n  <w:LsdException Locked=\"false\" Priority=\"39\" SemiHidden=\"true\"\n   UnhideWhenUsed=\"true\" Name=\"toc 1\"\/>\n  <w:LsdException Locked=\"false\" Priority=\"39\" SemiHidden=\"true\"\n   UnhideWhenUsed=\"true\" Name=\"toc 2\"\/>\n  <w:LsdException Locked=\"false\" Priority=\"39\" SemiHidden=\"true\"\n   UnhideWhenUsed=\"true\" Name=\"toc 3\"\/>\n  <w:LsdException Locked=\"false\" Priority=\"39\" SemiHidden=\"true\"\n   UnhideWhenUsed=\"true\" Name=\"toc 4\"\/>\n  <w:LsdException Locked=\"false\" Priority=\"39\" SemiHidden=\"true\"\n   UnhideWhenUsed=\"true\" Name=\"toc 5\"\/>\n  <w:LsdException Locked=\"false\" Priority=\"39\" SemiHidden=\"true\"\n   UnhideWhenUsed=\"true\" Name=\"toc 6\"\/>\n  <w:LsdException Locked=\"false\" Priority=\"39\" SemiHidden=\"true\"\n   UnhideWhenUsed=\"true\" Name=\"toc 7\"\/>\n  <w:LsdException Locked=\"false\" Priority=\"39\" SemiHidden=\"true\"\n   UnhideWhenUsed=\"true\" Name=\"toc 8\"\/>\n  <w:LsdException Locked=\"false\" Priority=\"39\" SemiHidden=\"true\"\n   UnhideWhenUsed=\"true\" Name=\"toc 9\"\/>\n  <w:LsdException Locked=\"false\" SemiHidden=\"true\" UnhideWhenUsed=\"true\"\n   Name=\"Normal Indent\"\/>\n  <w:LsdException Locked=\"false\" SemiHidden=\"true\" UnhideWhenUsed=\"true\"\n   Name=\"footnote text\"\/>\n  <w:LsdException Locked=\"false\" SemiHidden=\"true\" UnhideWhenUsed=\"true\"\n   Name=\"annotation text\"\/>\n  <w:LsdException Locked=\"false\" SemiHidden=\"true\" UnhideWhenUsed=\"true\"\n   Name=\"header\"\/>\n  <w:LsdException Locked=\"false\" SemiHidden=\"true\" UnhideWhenUsed=\"true\"\n   Name=\"footer\"\/>\n  <w:LsdException Locked=\"false\" SemiHidden=\"true\" UnhideWhenUsed=\"true\"\n   Name=\"index heading\"\/>\n  <w:LsdException Locked=\"false\" Priority=\"35\" SemiHidden=\"true\"\n   UnhideWhenUsed=\"true\" QFormat=\"true\" Name=\"caption\"\/>\n  <w:LsdException Locked=\"false\" SemiHidden=\"true\" UnhideWhenUsed=\"true\"\n   Name=\"table of figures\"\/>\n  <w:LsdException Locked=\"false\" SemiHidden=\"true\" UnhideWhenUsed=\"true\"\n   Name=\"envelope address\"\/>\n  <w:LsdException Locked=\"false\" SemiHidden=\"true\" UnhideWhenUsed=\"true\"\n   Name=\"envelope return\"\/>\n  <w:LsdException Locked=\"false\" SemiHidden=\"true\" UnhideWhenUsed=\"true\"\n   Name=\"footnote reference\"\/>\n  <w:LsdException Locked=\"false\" SemiHidden=\"true\" UnhideWhenUsed=\"true\"\n   Name=\"annotation reference\"\/>\n  <w:LsdException Locked=\"false\" SemiHidden=\"true\" UnhideWhenUsed=\"true\"\n   Name=\"line number\"\/>\n  <w:LsdException Locked=\"false\" SemiHidden=\"true\" UnhideWhenUsed=\"true\"\n   Name=\"page number\"\/>\n  <w:LsdException Locked=\"false\" SemiHidden=\"true\" UnhideWhenUsed=\"true\"\n   Name=\"endnote reference\"\/>\n  <w:LsdException Locked=\"false\" SemiHidden=\"true\" UnhideWhenUsed=\"true\"\n   Name=\"endnote text\"\/>\n  <w:LsdException Locked=\"false\" SemiHidden=\"true\" UnhideWhenUsed=\"true\"\n   Name=\"table of authorities\"\/>\n  <w:LsdException Locked=\"false\" SemiHidden=\"true\" UnhideWhenUsed=\"true\"\n   Name=\"macro\"\/>\n  <w:LsdException Locked=\"false\" SemiHidden=\"true\" UnhideWhenUsed=\"true\"\n   Name=\"toa heading\"\/>\n  <w:LsdException Locked=\"false\" SemiHidden=\"true\" UnhideWhenUsed=\"true\"\n   Name=\"List\"\/>\n  <w:LsdException Locked=\"false\" SemiHidden=\"true\" UnhideWhenUsed=\"true\"\n   Name=\"List Bullet\"\/>\n  <w:LsdException Locked=\"false\" SemiHidden=\"true\" UnhideWhenUsed=\"true\"\n   Name=\"List Number\"\/>\n  <w:LsdException Locked=\"false\" SemiHidden=\"true\" UnhideWhenUsed=\"true\"\n   Name=\"List 2\"\/>\n  <w:LsdException Locked=\"false\" SemiHidden=\"true\" UnhideWhenUsed=\"true\"\n   Name=\"List 3\"\/>\n  <w:LsdException Locked=\"false\" SemiHidden=\"true\" UnhideWhenUsed=\"true\"\n   Name=\"List 4\"\/>\n  <w:LsdException Locked=\"false\" SemiHidden=\"true\" UnhideWhenUsed=\"true\"\n   Name=\"List 5\"\/>\n  <w:LsdException Locked=\"false\" SemiHidden=\"true\" UnhideWhenUsed=\"true\"\n   Name=\"List Bullet 2\"\/>\n  <w:LsdException Locked=\"false\" SemiHidden=\"true\" UnhideWhenUsed=\"true\"\n   Name=\"List Bullet 3\"\/>\n  <w:LsdException Locked=\"false\" SemiHidden=\"true\" UnhideWhenUsed=\"true\"\n   Name=\"List Bullet 4\"\/>\n  <w:LsdException Locked=\"false\" SemiHidden=\"true\" UnhideWhenUsed=\"true\"\n   Name=\"List Bullet 5\"\/>\n  <w:LsdException Locked=\"false\" SemiHidden=\"true\" UnhideWhenUsed=\"true\"\n   Name=\"List Number 2\"\/>\n  <w:LsdException Locked=\"false\" SemiHidden=\"true\" UnhideWhenUsed=\"true\"\n   Name=\"List Number 3\"\/>\n  <w:LsdException Locked=\"false\" SemiHidden=\"true\" UnhideWhenUsed=\"true\"\n   Name=\"List Number 4\"\/>\n  <w:LsdException Locked=\"false\" SemiHidden=\"true\" UnhideWhenUsed=\"true\"\n   Name=\"List Number 5\"\/>\n  <w:LsdException Locked=\"false\" Priority=\"10\" QFormat=\"true\" Name=\"Title\"\/>\n  <w:LsdException Locked=\"false\" SemiHidden=\"true\" UnhideWhenUsed=\"true\"\n   Name=\"Closing\"\/>\n  <w:LsdException Locked=\"false\" SemiHidden=\"true\" UnhideWhenUsed=\"true\"\n   Name=\"Signature\"\/>\n  <w:LsdException Locked=\"false\" Priority=\"1\" SemiHidden=\"true\"\n   UnhideWhenUsed=\"true\" Name=\"Default Paragraph Font\"\/>\n  <w:LsdException Locked=\"false\" SemiHidden=\"true\" UnhideWhenUsed=\"true\"\n   Name=\"Body Text\"\/>\n  <w:LsdException Locked=\"false\" SemiHidden=\"true\" UnhideWhenUsed=\"true\"\n   Name=\"Body Text Indent\"\/>\n  <w:LsdException Locked=\"false\" SemiHidden=\"true\" UnhideWhenUsed=\"true\"\n   Name=\"List Continue\"\/>\n  <w:LsdException Locked=\"false\" SemiHidden=\"true\" UnhideWhenUsed=\"true\"\n   Name=\"List Continue 2\"\/>\n  <w:LsdException Locked=\"false\" SemiHidden=\"true\" UnhideWhenUsed=\"true\"\n   Name=\"List Continue 3\"\/>\n  <w:LsdException Locked=\"false\" SemiHidden=\"true\" UnhideWhenUsed=\"true\"\n   Name=\"List Continue 4\"\/>\n  <w:LsdException Locked=\"false\" SemiHidden=\"true\" UnhideWhenUsed=\"true\"\n   Name=\"List Continue 5\"\/>\n  <w:LsdException Locked=\"false\" SemiHidden=\"true\" UnhideWhenUsed=\"true\"\n   Name=\"Message Header\"\/>\n  <w:LsdException Locked=\"false\" Priority=\"11\" QFormat=\"true\" Name=\"Subtitle\"\/>\n  <w:LsdException Locked=\"false\" SemiHidden=\"true\" UnhideWhenUsed=\"true\"\n   Name=\"Salutation\"\/>\n  <w:LsdException Locked=\"false\" SemiHidden=\"true\" UnhideWhenUsed=\"true\"\n   Name=\"Date\"\/>\n  <w:LsdException Locked=\"false\" SemiHidden=\"true\" UnhideWhenUsed=\"true\"\n   Name=\"Body Text First Indent\"\/>\n  <w:LsdException Locked=\"false\" SemiHidden=\"true\" UnhideWhenUsed=\"true\"\n   Name=\"Body Text First Indent 2\"\/>\n  <w:LsdException Locked=\"false\" SemiHidden=\"true\" UnhideWhenUsed=\"true\"\n   Name=\"Note Heading\"\/>\n  <w:LsdException Locked=\"false\" SemiHidden=\"true\" UnhideWhenUsed=\"true\"\n   Name=\"Body Text 2\"\/>\n  <w:LsdException Locked=\"false\" SemiHidden=\"true\" UnhideWhenUsed=\"true\"\n   Name=\"Body Text 3\"\/>\n  <w:LsdException Locked=\"false\" SemiHidden=\"true\" UnhideWhenUsed=\"true\"\n   Name=\"Body Text Indent 2\"\/>\n  <w:LsdException Locked=\"false\" SemiHidden=\"true\" UnhideWhenUsed=\"true\"\n   Name=\"Body Text Indent 3\"\/>\n  <w:LsdException Locked=\"false\" SemiHidden=\"true\" UnhideWhenUsed=\"true\"\n   Name=\"Block Text\"\/>\n  <w:LsdException Locked=\"false\" SemiHidden=\"true\" UnhideWhenUsed=\"true\"\n   Name=\"Hyperlink\"\/>\n  <w:LsdException Locked=\"false\" SemiHidden=\"true\" UnhideWhenUsed=\"true\"\n   Name=\"FollowedHyperlink\"\/>\n  <w:LsdException Locked=\"false\" Priority=\"22\" QFormat=\"true\" Name=\"Strong\"\/>\n  <w:LsdException Locked=\"false\" Priority=\"20\" QFormat=\"true\" Name=\"Emphasis\"\/>\n  <w:LsdException Locked=\"false\" SemiHidden=\"true\" UnhideWhenUsed=\"true\"\n   Name=\"Document Map\"\/>\n  <w:LsdException Locked=\"false\" SemiHidden=\"true\" UnhideWhenUsed=\"true\"\n   Name=\"Plain Text\"\/>\n  <w:LsdException Locked=\"false\" SemiHidden=\"true\" UnhideWhenUsed=\"true\"\n   Name=\"E-mail Signature\"\/>\n  <w:LsdException Locked=\"false\" SemiHidden=\"true\" UnhideWhenUsed=\"true\"\n   Name=\"HTML Top of Form\"\/>\n  <w:LsdException Locked=\"false\" SemiHidden=\"true\" UnhideWhenUsed=\"true\"\n   Name=\"HTML Bottom of Form\"\/>\n  <w:LsdException Locked=\"false\" SemiHidden=\"true\" UnhideWhenUsed=\"true\"\n   Name=\"Normal (Web)\"\/>\n  <w:LsdException Locked=\"false\" SemiHidden=\"true\" UnhideWhenUsed=\"true\"\n   Name=\"HTML Acronym\"\/>\n  <w:LsdException Locked=\"false\" SemiHidden=\"true\" UnhideWhenUsed=\"true\"\n   Name=\"HTML Address\"\/>\n  <w:LsdException Locked=\"false\" SemiHidden=\"true\" UnhideWhenUsed=\"true\"\n   Name=\"HTML Cite\"\/>\n  <w:LsdException Locked=\"false\" SemiHidden=\"true\" UnhideWhenUsed=\"true\"\n   Name=\"HTML Code\"\/>\n  <w:LsdException Locked=\"false\" SemiHidden=\"true\" UnhideWhenUsed=\"true\"\n   Name=\"HTML Definition\"\/>\n  <w:LsdException Locked=\"false\" SemiHidden=\"true\" UnhideWhenUsed=\"true\"\n   Name=\"HTML Keyboard\"\/>\n  <w:LsdException Locked=\"false\" SemiHidden=\"true\" UnhideWhenUsed=\"true\"\n   Name=\"HTML Preformatted\"\/>\n  <w:LsdException Locked=\"false\" SemiHidden=\"true\" UnhideWhenUsed=\"true\"\n   Name=\"HTML Sample\"\/>\n  <w:LsdException Locked=\"false\" SemiHidden=\"true\" UnhideWhenUsed=\"true\"\n   Name=\"HTML Typewriter\"\/>\n  <w:LsdException Locked=\"false\" SemiHidden=\"true\" UnhideWhenUsed=\"true\"\n   Name=\"HTML Variable\"\/>\n  <w:LsdException Locked=\"false\" SemiHidden=\"true\" UnhideWhenUsed=\"true\"\n   Name=\"Normal Table\"\/>\n  <w:LsdException Locked=\"false\" SemiHidden=\"true\" UnhideWhenUsed=\"true\"\n   Name=\"annotation subject\"\/>\n  <w:LsdException Locked=\"false\" SemiHidden=\"true\" UnhideWhenUsed=\"true\"\n   Name=\"No List\"\/>\n  <w:LsdException Locked=\"false\" SemiHidden=\"true\" UnhideWhenUsed=\"true\"\n   Name=\"Outline List 1\"\/>\n  <w:LsdException Locked=\"false\" SemiHidden=\"true\" UnhideWhenUsed=\"true\"\n   Name=\"Outline List 2\"\/>\n  <w:LsdException Locked=\"false\" SemiHidden=\"true\" UnhideWhenUsed=\"true\"\n   Name=\"Outline List 3\"\/>\n  <w:LsdException Locked=\"false\" SemiHidden=\"true\" UnhideWhenUsed=\"true\"\n   Name=\"Table Simple 1\"\/>\n  <w:LsdException Locked=\"false\" SemiHidden=\"true\" UnhideWhenUsed=\"true\"\n   Name=\"Table Simple 2\"\/>\n  <w:LsdException Locked=\"false\" SemiHidden=\"true\" UnhideWhenUsed=\"true\"\n   Name=\"Table Simple 3\"\/>\n  <w:LsdException Locked=\"false\" SemiHidden=\"true\" UnhideWhenUsed=\"true\"\n   Name=\"Table Classic 1\"\/>\n  <w:LsdException Locked=\"false\" SemiHidden=\"true\" UnhideWhenUsed=\"true\"\n   Name=\"Table Classic 2\"\/>\n  <w:LsdException Locked=\"false\" SemiHidden=\"true\" UnhideWhenUsed=\"true\"\n   Name=\"Table Classic 3\"\/>\n  <w:LsdException Locked=\"false\" SemiHidden=\"true\" UnhideWhenUsed=\"true\"\n   Name=\"Table Classic 4\"\/>\n  <w:LsdException Locked=\"false\" SemiHidden=\"true\" UnhideWhenUsed=\"true\"\n   Name=\"Table Colorful 1\"\/>\n  <w:LsdException Locked=\"false\" SemiHidden=\"true\" UnhideWhenUsed=\"true\"\n   Name=\"Table Colorful 2\"\/>\n  <w:LsdException Locked=\"false\" SemiHidden=\"true\" UnhideWhenUsed=\"true\"\n   Name=\"Table Colorful 3\"\/>\n  <w:LsdException Locked=\"false\" SemiHidden=\"true\" UnhideWhenUsed=\"true\"\n   Name=\"Table Columns 1\"\/>\n  <w:LsdException Locked=\"false\" SemiHidden=\"true\" UnhideWhenUsed=\"true\"\n   Name=\"Table Columns 2\"\/>\n  <w:LsdException Locked=\"false\" SemiHidden=\"true\" UnhideWhenUsed=\"true\"\n   Name=\"Table Columns 3\"\/>\n  <w:LsdException Locked=\"false\" SemiHidden=\"true\" UnhideWhenUsed=\"true\"\n   Name=\"Table Columns 4\"\/>\n  <w:LsdException Locked=\"false\" SemiHidden=\"true\" UnhideWhenUsed=\"true\"\n   Name=\"Table Columns 5\"\/>\n  <w:LsdException Locked=\"false\" SemiHidden=\"true\" UnhideWhenUsed=\"true\"\n   Name=\"Table Grid 1\"\/>\n  <w:LsdException Locked=\"false\" SemiHidden=\"true\" UnhideWhenUsed=\"true\"\n   Name=\"Table Grid 2\"\/>\n  <w:LsdException Locked=\"false\" SemiHidden=\"true\" UnhideWhenUsed=\"true\"\n   Name=\"Table Grid 3\"\/>\n  <w:LsdException Locked=\"false\" SemiHidden=\"true\" UnhideWhenUsed=\"true\"\n   Name=\"Table Grid 4\"\/>\n  <w:LsdException Locked=\"false\" SemiHidden=\"true\" UnhideWhenUsed=\"true\"\n   Name=\"Table Grid 5\"\/>\n  <w:LsdException Locked=\"false\" SemiHidden=\"true\" UnhideWhenUsed=\"true\"\n   Name=\"Table Grid 6\"\/>\n  <w:LsdException Locked=\"false\" SemiHidden=\"true\" UnhideWhenUsed=\"true\"\n   Name=\"Table Grid 7\"\/>\n  <w:LsdException Locked=\"false\" SemiHidden=\"true\" UnhideWhenUsed=\"true\"\n   Name=\"Table Grid 8\"\/>\n  <w:LsdException Locked=\"false\" SemiHidden=\"true\" UnhideWhenUsed=\"true\"\n   Name=\"Table List 1\"\/>\n  <w:LsdException Locked=\"false\" SemiHidden=\"true\" UnhideWhenUsed=\"true\"\n   Name=\"Table List 2\"\/>\n  <w:LsdException Locked=\"false\" SemiHidden=\"true\" UnhideWhenUsed=\"true\"\n   Name=\"Table List 3\"\/>\n  <w:LsdException Locked=\"false\" SemiHidden=\"true\" UnhideWhenUsed=\"true\"\n   Name=\"Table List 4\"\/>\n  <w:LsdException Locked=\"false\" SemiHidden=\"true\" UnhideWhenUsed=\"true\"\n   Name=\"Table List 5\"\/>\n  <w:LsdException Locked=\"false\" SemiHidden=\"true\" UnhideWhenUsed=\"true\"\n   Name=\"Table List 6\"\/>\n  <w:LsdException Locked=\"false\" SemiHidden=\"true\" UnhideWhenUsed=\"true\"\n   Name=\"Table List 7\"\/>\n  <w:LsdException Locked=\"false\" SemiHidden=\"true\" UnhideWhenUsed=\"true\"\n   Name=\"Table List 8\"\/>\n  <w:LsdException Locked=\"false\" SemiHidden=\"true\" UnhideWhenUsed=\"true\"\n   Name=\"Table 3D effects 1\"\/>\n  <w:LsdException Locked=\"false\" SemiHidden=\"true\" UnhideWhenUsed=\"true\"\n   Name=\"Table 3D effects 2\"\/>\n  <w:LsdException Locked=\"false\" SemiHidden=\"true\" UnhideWhenUsed=\"true\"\n   Name=\"Table 3D effects 3\"\/>\n  <w:LsdException Locked=\"false\" SemiHidden=\"true\" UnhideWhenUsed=\"true\"\n   Name=\"Table Contemporary\"\/>\n  <w:LsdException Locked=\"false\" SemiHidden=\"true\" UnhideWhenUsed=\"true\"\n   Name=\"Table Elegant\"\/>\n  <w:LsdException Locked=\"false\" SemiHidden=\"true\" UnhideWhenUsed=\"true\"\n   Name=\"Table Professional\"\/>\n  <w:LsdException Locked=\"false\" SemiHidden=\"true\" UnhideWhenUsed=\"true\"\n   Name=\"Table Subtle 1\"\/>\n  <w:LsdException Locked=\"false\" SemiHidden=\"true\" UnhideWhenUsed=\"true\"\n   Name=\"Table Subtle 2\"\/>\n  <w:LsdException Locked=\"false\" SemiHidden=\"true\" UnhideWhenUsed=\"true\"\n   Name=\"Table Web 1\"\/>\n  <w:LsdException Locked=\"false\" SemiHidden=\"true\" UnhideWhenUsed=\"true\"\n   Name=\"Table Web 2\"\/>\n  <w:LsdException Locked=\"false\" SemiHidden=\"true\" UnhideWhenUsed=\"true\"\n   Name=\"Table Web 3\"\/>\n  <w:LsdException Locked=\"false\" SemiHidden=\"true\" UnhideWhenUsed=\"true\"\n   Name=\"Balloon Text\"\/>\n  <w:LsdException Locked=\"false\" Priority=\"39\" Name=\"Table Grid\"\/>\n  <w:LsdException Locked=\"false\" SemiHidden=\"true\" UnhideWhenUsed=\"true\"\n   Name=\"Table Theme\"\/>\n  <w:LsdException Locked=\"false\" SemiHidden=\"true\" Name=\"Placeholder Text\"\/>\n  <w:LsdException Locked=\"false\" Priority=\"1\" QFormat=\"true\" Name=\"No Spacing\"\/>\n  <w:LsdException Locked=\"false\" Priority=\"60\" Name=\"Light Shading\"\/>\n  <w:LsdException Locked=\"false\" Priority=\"61\" Name=\"Light List\"\/>\n  <w:LsdException Locked=\"false\" Priority=\"62\" Name=\"Light Grid\"\/>\n  <w:LsdException Locked=\"false\" Priority=\"63\" Name=\"Medium Shading 1\"\/>\n  <w:LsdException Locked=\"false\" Priority=\"64\" Name=\"Medium Shading 2\"\/>\n  <w:LsdException Locked=\"false\" Priority=\"65\" Name=\"Medium List 1\"\/>\n  <w:LsdException Locked=\"false\" Priority=\"66\" Name=\"Medium List 2\"\/>\n  <w:LsdException Locked=\"false\" Priority=\"67\" Name=\"Medium Grid 1\"\/>\n  <w:LsdException Locked=\"false\" Priority=\"68\" Name=\"Medium Grid 2\"\/>\n  <w:LsdException Locked=\"false\" Priority=\"69\" Name=\"Medium Grid 3\"\/>\n  <w:LsdException Locked=\"false\" Priority=\"70\" Name=\"Dark List\"\/>\n  <w:LsdException Locked=\"false\" Priority=\"71\" Name=\"Colorful Shading\"\/>\n  <w:LsdException Locked=\"false\" Priority=\"72\" Name=\"Colorful List\"\/>\n  <w:LsdException Locked=\"false\" Priority=\"73\" Name=\"Colorful Grid\"\/>\n  <w:LsdException Locked=\"false\" Priority=\"60\" Name=\"Light Shading Accent 1\"\/>\n  <w:LsdException Locked=\"false\" Priority=\"61\" Name=\"Light List Accent 1\"\/>\n  <w:LsdException Locked=\"false\" Priority=\"62\" Name=\"Light Grid Accent 1\"\/>\n  <w:LsdException Locked=\"false\" Priority=\"63\" Name=\"Medium Shading 1 Accent 1\"\/>\n  <w:LsdException Locked=\"false\" Priority=\"64\" Name=\"Medium Shading 2 Accent 1\"\/>\n  <w:LsdException Locked=\"false\" Priority=\"65\" Name=\"Medium List 1 Accent 1\"\/>\n  <w:LsdException Locked=\"false\" SemiHidden=\"true\" Name=\"Revision\"\/>\n  <w:LsdException Locked=\"false\" Priority=\"34\" QFormat=\"true\"\n   Name=\"List Paragraph\"\/>\n  <w:LsdException Locked=\"false\" Priority=\"29\" QFormat=\"true\" Name=\"Quote\"\/>\n  <w:LsdException Locked=\"false\" Priority=\"30\" QFormat=\"true\"\n   Name=\"Intense Quote\"\/>\n  <w:LsdException Locked=\"false\" Priority=\"66\" Name=\"Medium List 2 Accent 1\"\/>\n  <w:LsdException Locked=\"false\" Priority=\"67\" Name=\"Medium Grid 1 Accent 1\"\/>\n  <w:LsdException Locked=\"false\" Priority=\"68\" Name=\"Medium Grid 2 Accent 1\"\/>\n  <w:LsdException Locked=\"false\" Priority=\"69\" Name=\"Medium Grid 3 Accent 1\"\/>\n  <w:LsdException Locked=\"false\" Priority=\"70\" Name=\"Dark List Accent 1\"\/>\n  <w:LsdException Locked=\"false\" Priority=\"71\" Name=\"Colorful Shading Accent 1\"\/>\n  <w:LsdException Locked=\"false\" Priority=\"72\" Name=\"Colorful List Accent 1\"\/>\n  <w:LsdException Locked=\"false\" Priority=\"73\" Name=\"Colorful Grid Accent 1\"\/>\n  <w:LsdException Locked=\"false\" Priority=\"60\" Name=\"Light Shading Accent 2\"\/>\n  <w:LsdException Locked=\"false\" Priority=\"61\" Name=\"Light List Accent 2\"\/>\n  <w:LsdException Locked=\"false\" Priority=\"62\" Name=\"Light Grid Accent 2\"\/>\n  <w:LsdException Locked=\"false\" Priority=\"63\" Name=\"Medium Shading 1 Accent 2\"\/>\n  <w:LsdException Locked=\"false\" Priority=\"64\" Name=\"Medium Shading 2 Accent 2\"\/>\n  <w:LsdException Locked=\"false\" Priority=\"65\" Name=\"Medium List 1 Accent 2\"\/>\n  <w:LsdException Locked=\"false\" Priority=\"66\" Name=\"Medium List 2 Accent 2\"\/>\n  <w:LsdException Locked=\"false\" Priority=\"67\" Name=\"Medium Grid 1 Accent 2\"\/>\n  <w:LsdException Locked=\"false\" Priority=\"68\" Name=\"Medium Grid 2 Accent 2\"\/>\n  <w:LsdException Locked=\"false\" Priority=\"69\" Name=\"Medium Grid 3 Accent 2\"\/>\n  <w:LsdException Locked=\"false\" Priority=\"70\" Name=\"Dark List Accent 2\"\/>\n  <w:LsdException Locked=\"false\" Priority=\"71\" Name=\"Colorful Shading Accent 2\"\/>\n  <w:LsdException Locked=\"false\" Priority=\"72\" Name=\"Colorful List Accent 2\"\/>\n  <w:LsdException Locked=\"false\" Priority=\"73\" Name=\"Colorful Grid Accent 2\"\/>\n  <w:LsdException Locked=\"false\" Priority=\"60\" Name=\"Light Shading Accent 3\"\/>\n  <w:LsdException Locked=\"false\" Priority=\"61\" Name=\"Light List Accent 3\"\/>\n  <w:LsdException Locked=\"false\" Priority=\"62\" Name=\"Light Grid Accent 3\"\/>\n  <w:LsdException Locked=\"false\" Priority=\"63\" Name=\"Medium Shading 1 Accent 3\"\/>\n  <w:LsdException Locked=\"false\" Priority=\"64\" Name=\"Medium Shading 2 Accent 3\"\/>\n  <w:LsdException Locked=\"false\" Priority=\"65\" Name=\"Medium List 1 Accent 3\"\/>\n  <w:LsdException Locked=\"false\" Priority=\"66\" Name=\"Medium List 2 Accent 3\"\/>\n  <w:LsdException Locked=\"false\" Priority=\"67\" Name=\"Medium Grid 1 Accent 3\"\/>\n  <w:LsdException Locked=\"false\" Priority=\"68\" Name=\"Medium Grid 2 Accent 3\"\/>\n  <w:LsdException Locked=\"false\" Priority=\"69\" Name=\"Medium Grid 3 Accent 3\"\/>\n  <w:LsdException Locked=\"false\" Priority=\"70\" Name=\"Dark List Accent 3\"\/>\n  <w:LsdException Locked=\"false\" Priority=\"71\" Name=\"Colorful Shading Accent 3\"\/>\n  <w:LsdException Locked=\"false\" Priority=\"72\" Name=\"Colorful List Accent 3\"\/>\n  <w:LsdException Locked=\"false\" Priority=\"73\" Name=\"Colorful Grid Accent 3\"\/>\n  <w:LsdException Locked=\"false\" Priority=\"60\" Name=\"Light Shading Accent 4\"\/>\n  <w:LsdException Locked=\"false\" Priority=\"61\" Name=\"Light List Accent 4\"\/>\n  <w:LsdException Locked=\"false\" Priority=\"62\" Name=\"Light Grid Accent 4\"\/>\n  <w:LsdException Locked=\"false\" Priority=\"63\" Name=\"Medium Shading 1 Accent 4\"\/>\n  <w:LsdException Locked=\"false\" Priority=\"64\" Name=\"Medium Shading 2 Accent 4\"\/>\n  <w:LsdException Locked=\"false\" Priority=\"65\" Name=\"Medium List 1 Accent 4\"\/>\n  <w:LsdException Locked=\"false\" Priority=\"66\" Name=\"Medium List 2 Accent 4\"\/>\n  <w:LsdException Locked=\"false\" Priority=\"67\" Name=\"Medium Grid 1 Accent 4\"\/>\n  <w:LsdException Locked=\"false\" Priority=\"68\" Name=\"Medium Grid 2 Accent 4\"\/>\n  <w:LsdException Locked=\"false\" Priority=\"69\" Name=\"Medium Grid 3 Accent 4\"\/>\n  <w:LsdException Locked=\"false\" Priority=\"70\" Name=\"Dark List Accent 4\"\/>\n  <w:LsdException Locked=\"false\" Priority=\"71\" Name=\"Colorful Shading Accent 4\"\/>\n  <w:LsdException Locked=\"false\" Priority=\"72\" Name=\"Colorful List Accent 4\"\/>\n  <w:LsdException Locked=\"false\" Priority=\"73\" Name=\"Colorful Grid Accent 4\"\/>\n  <w:LsdException Locked=\"false\" Priority=\"60\" Name=\"Light Shading Accent 5\"\/>\n  <w:LsdException Locked=\"false\" Priority=\"61\" Name=\"Light List Accent 5\"\/>\n  <w:LsdException Locked=\"false\" Priority=\"62\" Name=\"Light Grid Accent 5\"\/>\n  <w:LsdException Locked=\"false\" Priority=\"63\" Name=\"Medium Shading 1 Accent 5\"\/>\n  <w:LsdException Locked=\"false\" Priority=\"64\" Name=\"Medium Shading 2 Accent 5\"\/>\n  <w:LsdException Locked=\"false\" Priority=\"65\" Name=\"Medium List 1 Accent 5\"\/>\n  <w:LsdException Locked=\"false\" Priority=\"66\" Name=\"Medium List 2 Accent 5\"\/>\n  <w:LsdException Locked=\"false\" Priority=\"67\" Name=\"Medium Grid 1 Accent 5\"\/>\n  <w:LsdException Locked=\"false\" Priority=\"68\" Name=\"Medium Grid 2 Accent 5\"\/>\n  <w:LsdException Locked=\"false\" Priority=\"69\" Name=\"Medium Grid 3 Accent 5\"\/>\n  <w:LsdException Locked=\"false\" Priority=\"70\" Name=\"Dark List Accent 5\"\/>\n  <w:LsdException Locked=\"false\" Priority=\"71\" Name=\"Colorful Shading Accent 5\"\/>\n  <w:LsdException Locked=\"false\" Priority=\"72\" Name=\"Colorful List Accent 5\"\/>\n  <w:LsdException Locked=\"false\" Priority=\"73\" Name=\"Colorful Grid Accent 5\"\/>\n  <w:LsdException Locked=\"false\" Priority=\"60\" Name=\"Light Shading Accent 6\"\/>\n  <w:LsdException Locked=\"false\" Priority=\"61\" Name=\"Light List Accent 6\"\/>\n  <w:LsdException Locked=\"false\" Priority=\"62\" Name=\"Light Grid Accent 6\"\/>\n  <w:LsdException Locked=\"false\" Priority=\"63\" Name=\"Medium Shading 1 Accent 6\"\/>\n  <w:LsdException Locked=\"false\" Priority=\"64\" Name=\"Medium Shading 2 Accent 6\"\/>\n  <w:LsdException Locked=\"false\" Priority=\"65\" Name=\"Medium List 1 Accent 6\"\/>\n  <w:LsdException Locked=\"false\" Priority=\"66\" Name=\"Medium List 2 Accent 6\"\/>\n  <w:LsdException Locked=\"false\" Priority=\"67\" Name=\"Medium Grid 1 Accent 6\"\/>\n  <w:LsdException Locked=\"false\" Priority=\"68\" Name=\"Medium Grid 2 Accent 6\"\/>\n  <w:LsdException Locked=\"false\" Priority=\"69\" Name=\"Medium Grid 3 Accent 6\"\/>\n  <w:LsdException Locked=\"false\" Priority=\"70\" Name=\"Dark List Accent 6\"\/>\n  <w:LsdException Locked=\"false\" Priority=\"71\" Name=\"Colorful Shading Accent 6\"\/>\n  <w:LsdException Locked=\"false\" Priority=\"72\" Name=\"Colorful List Accent 6\"\/>\n  <w:LsdException Locked=\"false\" Priority=\"73\" Name=\"Colorful Grid Accent 6\"\/>\n  <w:LsdException Locked=\"false\" Priority=\"19\" QFormat=\"true\"\n   Name=\"Subtle Emphasis\"\/>\n  <w:LsdException Locked=\"false\" Priority=\"21\" QFormat=\"true\"\n   Name=\"Intense Emphasis\"\/>\n  <w:LsdException Locked=\"false\" Priority=\"31\" QFormat=\"true\"\n   Name=\"Subtle Reference\"\/>\n  <w:LsdException Locked=\"false\" Priority=\"32\" QFormat=\"true\"\n   Name=\"Intense Reference\"\/>\n  <w:LsdException Locked=\"false\" Priority=\"33\" QFormat=\"true\" Name=\"Book Title\"\/>\n  <w:LsdException Locked=\"false\" Priority=\"37\" SemiHidden=\"true\"\n   UnhideWhenUsed=\"true\" Name=\"Bibliography\"\/>\n  <w:LsdException Locked=\"false\" Priority=\"39\" SemiHidden=\"true\"\n   UnhideWhenUsed=\"true\" QFormat=\"true\" Name=\"TOC Heading\"\/>\n  <w:LsdException Locked=\"false\" Priority=\"41\" Name=\"Plain Table 1\"\/>\n  <w:LsdException Locked=\"false\" Priority=\"42\" Name=\"Plain Table 2\"\/>\n  <w:LsdException Locked=\"false\" Priority=\"43\" Name=\"Plain Table 3\"\/>\n  <w:LsdException Locked=\"false\" Priority=\"44\" Name=\"Plain Table 4\"\/>\n  <w:LsdException Locked=\"false\" Priority=\"45\" Name=\"Plain Table 5\"\/>\n  <w:LsdException Locked=\"false\" Priority=\"40\" Name=\"Grid Table Light\"\/>\n  <w:LsdException Locked=\"false\" Priority=\"46\" Name=\"Grid Table 1 Light\"\/>\n  <w:LsdException Locked=\"false\" Priority=\"47\" Name=\"Grid Table 2\"\/>\n  <w:LsdException Locked=\"false\" Priority=\"48\" Name=\"Grid Table 3\"\/>\n  <w:LsdException Locked=\"false\" Priority=\"49\" Name=\"Grid Table 4\"\/>\n  <w:LsdException Locked=\"false\" Priority=\"50\" Name=\"Grid Table 5 Dark\"\/>\n  <w:LsdException Locked=\"false\" Priority=\"51\" Name=\"Grid Table 6 Colorful\"\/>\n  <w:LsdException Locked=\"false\" Priority=\"52\" Name=\"Grid Table 7 Colorful\"\/>\n  <w:LsdException Locked=\"false\" Priority=\"46\"\n   Name=\"Grid Table 1 Light Accent 1\"\/>\n  <w:LsdException Locked=\"false\" Priority=\"47\" Name=\"Grid Table 2 Accent 1\"\/>\n  <w:LsdException Locked=\"false\" Priority=\"48\" Name=\"Grid Table 3 Accent 1\"\/>\n  <w:LsdException Locked=\"false\" Priority=\"49\" Name=\"Grid Table 4 Accent 1\"\/>\n  <w:LsdException Locked=\"false\" Priority=\"50\" Name=\"Grid Table 5 Dark Accent 1\"\/>\n  <w:LsdException Locked=\"false\" Priority=\"51\"\n   Name=\"Grid Table 6 Colorful Accent 1\"\/>\n  <w:LsdException Locked=\"false\" Priority=\"52\"\n   Name=\"Grid Table 7 Colorful Accent 1\"\/>\n  <w:LsdException Locked=\"false\" Priority=\"46\"\n   Name=\"Grid Table 1 Light Accent 2\"\/>\n  <w:LsdException Locked=\"false\" Priority=\"47\" Name=\"Grid Table 2 Accent 2\"\/>\n  <w:LsdException Locked=\"false\" Priority=\"48\" Name=\"Grid Table 3 Accent 2\"\/>\n  <w:LsdException Locked=\"false\" Priority=\"49\" Name=\"Grid Table 4 Accent 2\"\/>\n  <w:LsdException Locked=\"false\" Priority=\"50\" Name=\"Grid Table 5 Dark Accent 2\"\/>\n  <w:LsdException Locked=\"false\" Priority=\"51\"\n   Name=\"Grid Table 6 Colorful Accent 2\"\/>\n  <w:LsdException Locked=\"false\" Priority=\"52\"\n   Name=\"Grid Table 7 Colorful Accent 2\"\/>\n  <w:LsdException Locked=\"false\" Priority=\"46\"\n   Name=\"Grid Table 1 Light Accent 3\"\/>\n  <w:LsdException Locked=\"false\" Priority=\"47\" Name=\"Grid Table 2 Accent 3\"\/>\n  <w:LsdException Locked=\"false\" Priority=\"48\" Name=\"Grid Table 3 Accent 3\"\/>\n  <w:LsdException Locked=\"false\" Priority=\"49\" Name=\"Grid Table 4 Accent 3\"\/>\n  <w:LsdException Locked=\"false\" Priority=\"50\" Name=\"Grid Table 5 Dark Accent 3\"\/>\n  <w:LsdException Locked=\"false\" Priority=\"51\"\n   Name=\"Grid Table 6 Colorful Accent 3\"\/>\n  <w:LsdException Locked=\"false\" Priority=\"52\"\n   Name=\"Grid Table 7 Colorful Accent 3\"\/>\n  <w:LsdException Locked=\"false\" Priority=\"46\"\n   Name=\"Grid Table 1 Light Accent 4\"\/>\n  <w:LsdException Locked=\"false\" Priority=\"47\" Name=\"Grid Table 2 Accent 4\"\/>\n  <w:LsdException Locked=\"false\" Priority=\"48\" Name=\"Grid Table 3 Accent 4\"\/>\n  <w:LsdException Locked=\"false\" Priority=\"49\" Name=\"Grid Table 4 Accent 4\"\/>\n  <w:LsdException Locked=\"false\" Priority=\"50\" Name=\"Grid Table 5 Dark Accent 4\"\/>\n  <w:LsdException Locked=\"false\" Priority=\"51\"\n   Name=\"Grid Table 6 Colorful Accent 4\"\/>\n  <w:LsdException Locked=\"false\" Priority=\"52\"\n   Name=\"Grid Table 7 Colorful Accent 4\"\/>\n  <w:LsdException Locked=\"false\" Priority=\"46\"\n   Name=\"Grid Table 1 Light Accent 5\"\/>\n  <w:LsdException Locked=\"false\" Priority=\"47\" Name=\"Grid Table 2 Accent 5\"\/>\n  <w:LsdException Locked=\"false\" Priority=\"48\" Name=\"Grid Table 3 Accent 5\"\/>\n  <w:LsdException Locked=\"false\" Priority=\"49\" Name=\"Grid Table 4 Accent 5\"\/>\n  <w:LsdException Locked=\"false\" Priority=\"50\" Name=\"Grid Table 5 Dark Accent 5\"\/>\n  <w:LsdException Locked=\"false\" Priority=\"51\"\n   Name=\"Grid Table 6 Colorful Accent 5\"\/>\n  <w:LsdException Locked=\"false\" Priority=\"52\"\n   Name=\"Grid Table 7 Colorful Accent 5\"\/>\n  <w:LsdException Locked=\"false\" Priority=\"46\"\n   Name=\"Grid Table 1 Light Accent 6\"\/>\n  <w:LsdException Locked=\"false\" Priority=\"47\" Name=\"Grid Table 2 Accent 6\"\/>\n  <w:LsdException Locked=\"false\" Priority=\"48\" Name=\"Grid Table 3 Accent 6\"\/>\n  <w:LsdException Locked=\"false\" Priority=\"49\" Name=\"Grid Table 4 Accent 6\"\/>\n  <w:LsdException Locked=\"false\" Priority=\"50\" Name=\"Grid Table 5 Dark Accent 6\"\/>\n  <w:LsdException Locked=\"false\" Priority=\"51\"\n   Name=\"Grid Table 6 Colorful Accent 6\"\/>\n  <w:LsdException Locked=\"false\" Priority=\"52\"\n   Name=\"Grid Table 7 Colorful Accent 6\"\/>\n  <w:LsdException Locked=\"false\" Priority=\"46\" Name=\"List Table 1 Light\"\/>\n  <w:LsdException Locked=\"false\" Priority=\"47\" Name=\"List Table 2\"\/>\n  <w:LsdException Locked=\"false\" Priority=\"48\" Name=\"List Table 3\"\/>\n  <w:LsdException Locked=\"false\" Priority=\"49\" Name=\"List Table 4\"\/>\n  <w:LsdException Locked=\"false\" Priority=\"50\" Name=\"List Table 5 Dark\"\/>\n  <w:LsdException Locked=\"false\" Priority=\"51\" Name=\"List Table 6 Colorful\"\/>\n  <w:LsdException Locked=\"false\" Priority=\"52\" Name=\"List Table 7 Colorful\"\/>\n  <w:LsdException Locked=\"false\" Priority=\"46\"\n   Name=\"List Table 1 Light Accent 1\"\/>\n  <w:LsdException Locked=\"false\" Priority=\"47\" Name=\"List Table 2 Accent 1\"\/>\n  <w:LsdException Locked=\"false\" Priority=\"48\" Name=\"List Table 3 Accent 1\"\/>\n  <w:LsdException Locked=\"false\" Priority=\"49\" Name=\"List Table 4 Accent 1\"\/>\n  <w:LsdException Locked=\"false\" Priority=\"50\" Name=\"List Table 5 Dark Accent 1\"\/>\n  <w:LsdException Locked=\"false\" Priority=\"51\"\n   Name=\"List Table 6 Colorful Accent 1\"\/>\n  <w:LsdException Locked=\"false\" Priority=\"52\"\n   Name=\"List Table 7 Colorful Accent 1\"\/>\n  <w:LsdException Locked=\"false\" Priority=\"46\"\n   Name=\"List Table 1 Light Accent 2\"\/>\n  <w:LsdException Locked=\"false\" Priority=\"47\" Name=\"List Table 2 Accent 2\"\/>\n  <w:LsdException Locked=\"false\" Priority=\"48\" Name=\"List Table 3 Accent 2\"\/>\n  <w:LsdException Locked=\"false\" Priority=\"49\" Name=\"List Table 4 Accent 2\"\/>\n  <w:LsdException Locked=\"false\" Priority=\"50\" Name=\"List Table 5 Dark Accent 2\"\/>\n  <w:LsdException Locked=\"false\" Priority=\"51\"\n   Name=\"List Table 6 Colorful Accent 2\"\/>\n  <w:LsdException Locked=\"false\" Priority=\"52\"\n   Name=\"List Table 7 Colorful Accent 2\"\/>\n  <w:LsdException Locked=\"false\" Priority=\"46\"\n   Name=\"List Table 1 Light Accent 3\"\/>\n  <w:LsdException Locked=\"false\" Priority=\"47\" Name=\"List Table 2 Accent 3\"\/>\n  <w:LsdException Locked=\"false\" Priority=\"48\" Name=\"List Table 3 Accent 3\"\/>\n  <w:LsdException Locked=\"false\" Priority=\"49\" Name=\"List Table 4 Accent 3\"\/>\n  <w:LsdException Locked=\"false\" Priority=\"50\" Name=\"List Table 5 Dark Accent 3\"\/>\n  <w:LsdException Locked=\"false\" Priority=\"51\"\n   Name=\"List Table 6 Colorful Accent 3\"\/>\n  <w:LsdException Locked=\"false\" Priority=\"52\"\n   Name=\"List Table 7 Colorful Accent 3\"\/>\n  <w:LsdException Locked=\"false\" Priority=\"46\"\n   Name=\"List Table 1 Light Accent 4\"\/>\n  <w:LsdException Locked=\"false\" Priority=\"47\" Name=\"List Table 2 Accent 4\"\/>\n  <w:LsdException Locked=\"false\" Priority=\"48\" Name=\"List Table 3 Accent 4\"\/>\n  <w:LsdException Locked=\"false\" Priority=\"49\" Name=\"List Table 4 Accent 4\"\/>\n  <w:LsdException Locked=\"false\" Priority=\"50\" Name=\"List Table 5 Dark Accent 4\"\/>\n  <w:LsdException Locked=\"false\" Priority=\"51\"\n   Name=\"List Table 6 Colorful Accent 4\"\/>\n  <w:LsdException Locked=\"false\" Priority=\"52\"\n   Name=\"List Table 7 Colorful Accent 4\"\/>\n  <w:LsdException Locked=\"false\" Priority=\"46\"\n   Name=\"List Table 1 Light Accent 5\"\/>\n  <w:LsdException Locked=\"false\" Priority=\"47\" Name=\"List Table 2 Accent 5\"\/>\n  <w:LsdException Locked=\"false\" Priority=\"48\" Name=\"List Table 3 Accent 5\"\/>\n  <w:LsdException Locked=\"false\" Priority=\"49\" Name=\"List Table 4 Accent 5\"\/>\n  <w:LsdException Locked=\"false\" Priority=\"50\" Name=\"List Table 5 Dark Accent 5\"\/>\n  <w:LsdException Locked=\"false\" Priority=\"51\"\n   Name=\"List Table 6 Colorful Accent 5\"\/>\n  <w:LsdException Locked=\"false\" Priority=\"52\"\n   Name=\"List Table 7 Colorful Accent 5\"\/>\n  <w:LsdException Locked=\"false\" Priority=\"46\"\n   Name=\"List Table 1 Light Accent 6\"\/>\n  <w:LsdException Locked=\"false\" Priority=\"47\" Name=\"List Table 2 Accent 6\"\/>\n  <w:LsdException Locked=\"false\" Priority=\"48\" Name=\"List Table 3 Accent 6\"\/>\n  <w:LsdException Locked=\"false\" Priority=\"49\" Name=\"List Table 4 Accent 6\"\/>\n  <w:LsdException Locked=\"false\" Priority=\"50\" Name=\"List Table 5 Dark Accent 6\"\/>\n  <w:LsdException Locked=\"false\" Priority=\"51\"\n   Name=\"List Table 6 Colorful Accent 6\"\/>\n  <w:LsdException Locked=\"false\" Priority=\"52\"\n   Name=\"List Table 7 Colorful Accent 6\"\/>\n  <w:LsdException Locked=\"false\" SemiHidden=\"true\" UnhideWhenUsed=\"true\"\n   Name=\"Mention\"\/>\n  <w:LsdException Locked=\"false\" SemiHidden=\"true\" UnhideWhenUsed=\"true\"\n   Name=\"Smart Hyperlink\"\/>\n  <w:LsdException Locked=\"false\" SemiHidden=\"true\" UnhideWhenUsed=\"true\"\n   Name=\"Hashtag\"\/>\n  <w:LsdException Locked=\"false\" SemiHidden=\"true\" UnhideWhenUsed=\"true\"\n   Name=\"Unresolved Mention\"\/>\n <\/w:LatentStyles>\n<\/xml><![endif]--> <!-- [if gte mso 10]>\n<style>\n \/* Style Definitions *\/\n table.MsoNormalTable\n\t{mso-style-name:\"Normale Tabelle\";\n\tmso-tstyle-rowband-size:0;\n\tmso-tstyle-colband-size:0;\n\tmso-style-noshow:yes;\n\tmso-style-priority:99;\n\tmso-style-parent:\"\";\n\tmso-padding-alt:0cm 5.4pt 0cm 5.4pt;\n\tmso-para-margin:0cm;\n\tmso-para-margin-bottom:.0001pt;\n\tmso-pagination:widow-orphan;\n\tfont-size:12.0pt;\n\tfont-family:\"Calibri\",sans-serif;\n\tmso-ascii-font-family:Calibri;\n\tmso-ascii-theme-font:minor-latin;\n\tmso-hansi-font-family:Calibri;\n\tmso-hansi-theme-font:minor-latin;\n\tmso-bidi-font-family:\"Times New Roman\";\n\tmso-bidi-theme-font:minor-bidi;\n\tmso-ansi-language:DE;\n\tmso-fareast-language:EN-US;}\n<\/style>\n<![endif]--> <!--StartFragment--> <!--EndFragment--><\/p>\n<p class=\"MsoNormal\"><span lang=\"DE\">Die Wohnh&auml;user des Winterthurer Architekten Peter Kunz k&ouml;nnen als in sich ruhende Mikrokosmen des Wohnens betrachtet werden. Innen- und Aussenraumzonen sind in sich verwoben und situativ durch gezielte &Ouml;ffnungen mit der weiteren Umgebung verbunden.&nbsp;<br \/>Herausgeber: Heinz Wirz<\/span><\/p>"}, `url` = http://www.quart.ch/anthologie-de.php?nID=53, `books`.`updated_at` = 2019-12-02 16:44:40 where `id` = 6) {"userId":2,"exception":"[object] (Illuminate\\Database\\QueryException(code: 22001): SQLSTATE[22001]: String data, right truncated: 1406 Data too long for column 'info' at row 1 (SQL: update `books` set `title` = Peter Kunz, `description` = {\"de\":\"48 Seiten, 16,5 x 21 cm\
25 Farb- und 19 s\\/w-Abbildungen, 29 Pl\\u00e4ne\
Fadengeheftete Broschur\
CHF 28.\\u2013\\/EUR 20.\\u2013\"}, `info` = {\"de\":\"<p><!-- [if gte mso 9]><xml>\
 <o:OfficeDocumentSettings>\
  <o:AllowPNG\\/>\
 <\\/o:OfficeDocumentSettings>\
<\\/xml><![endif]--> <!-- [if gte mso 9]><xml>\
 <w:WordDocument>\
  <w:View>Normal<\\/w:View>\
  <w:Zoom>0<\\/w:Zoom>\
  <w:TrackMoves\\/>\
  <w:TrackFormatting\\/>\
  <w:HyphenationZone>21<\\/w:HyphenationZone>\
  <w:PunctuationKerning\\/>\
  <w:ValidateAgainstSchemas\\/>\
  <w:SaveIfXMLInvalid>false<\\/w:SaveIfXMLInvalid>\
  <w:IgnoreMixedContent>false<\\/w:IgnoreMixedContent>\
  <w:AlwaysShowPlaceholderText>false<\\/w:AlwaysShowPlaceholderText>\
  <w:DoNotPromoteQF\\/>\
  <w:LidThemeOther>DE<\\/w:LidThemeOther>\
  <w:LidThemeAsian>X-NONE<\\/w:LidThemeAsian>\
  <w:LidThemeComplexScript>X-NONE<\\/w:LidThemeComplexScript>\
  <w:Compatibility>\
   <w:BreakWrappedTables\\/>\
   <w:SnapToGridInCell\\/>\
   <w:WrapTextWithPunct\\/>\
   <w:UseAsianBreakRules\\/>\
   <w:DontGrowAutofit\\/>\
   <w:SplitPgBreakAndParaMark\\/>\
   <w:EnableOpenTypeKerning\\/>\
   <w:DontFlipMirrorIndents\\/>\
   <w:OverrideTableStyleHps\\/>\
  <\\/w:Compatibility>\
  <w:DoNotOptimizeForBrowser\\/>\
  <m:mathPr>\
   <m:mathFont m:val=\\\"Cambria Math\\\"\\/>\
   <m:brkBin m:val=\\\"before\\\"\\/>\
   <m:brkBinSub m:val=\\\"&#45;-\\\"\\/>\
   <m:smallFrac m:val=\\\"off\\\"\\/>\
   <m:dispDef\\/>\
   <m:lMargin m:val=\\\"0\\\"\\/>\
   <m:rMargin m:val=\\\"0\\\"\\/>\
   <m:defJc m:val=\\\"centerGroup\\\"\\/>\
   <m:wrapIndent m:val=\\\"1440\\\"\\/>\
   <m:intLim m:val=\\\"subSup\\\"\\/>\
   <m:naryLim m:val=\\\"undOvr\\\"\\/>\
  <\\/m:mathPr><\\/w:WordDocument>\
<\\/xml><![endif]--><!-- [if gte mso 9]><xml>\
 <w:LatentStyles DefLockedState=\\\"false\\\" DefUnhideWhenUsed=\\\"false\\\"\
  DefSemiHidden=\\\"false\\\" DefQFormat=\\\"false\\\" DefPriority=\\\"99\\\"\
  LatentStyleCount=\\\"375\\\">\
  <w:LsdException Locked=\\\"false\\\" Priority=\\\"0\\\" QFormat=\\\"true\\\" Name=\\\"Normal\\\"\\/>\
  <w:LsdException Locked=\\\"false\\\" Priority=\\\"9\\\" QFormat=\\\"true\\\" Name=\\\"heading 1\\\"\\/>\
  <w:LsdException Locked=\\\"false\\\" Priority=\\\"9\\\" SemiHidden=\\\"true\\\"\
   UnhideWhenUsed=\\\"true\\\" QFormat=\\\"true\\\" Name=\\\"heading 2\\\"\\/>\
  <w:LsdException Locked=\\\"false\\\" Priority=\\\"9\\\" SemiHidden=\\\"true\\\"\
   UnhideWhenUsed=\\\"true\\\" QFormat=\\\"true\\\" Name=\\\"heading 3\\\"\\/>\
  <w:LsdException Locked=\\\"false\\\" Priority=\\\"9\\\" SemiHidden=\\\"true\\\"\
   UnhideWhenUsed=\\\"true\\\" QFormat=\\\"true\\\" Name=\\\"heading 4\\\"\\/>\
  <w:LsdException Locked=\\\"false\\\" Priority=\\\"9\\\" SemiHidden=\\\"true\\\"\
   UnhideWhenUsed=\\\"true\\\" QFormat=\\\"true\\\" Name=\\\"heading 5\\\"\\/>\
  <w:LsdException Locked=\\\"false\\\" Priority=\\\"9\\\" SemiHidden=\\\"true\\\"\
   UnhideWhenUsed=\\\"true\\\" QFormat=\\\"true\\\" Name=\\\"heading 6\\\"\\/>\
  <w:LsdException Locked=\\\"false\\\" Priority=\\\"9\\\" SemiHidden=\\\"true\\\"\
   UnhideWhenUsed=\\\"true\\\" QFormat=\\\"true\\\" Name=\\\"heading 7\\\"\\/>\
  <w:LsdException Locked=\\\"false\\\" Priority=\\\"9\\\" SemiHidden=\\\"true\\\"\
   UnhideWhenUsed=\\\"true\\\" QFormat=\\\"true\\\" Name=\\\"heading 8\\\"\\/>\
  <w:LsdException Locked=\\\"false\\\" Priority=\\\"9\\\" SemiHidden=\\\"true\\\"\
   UnhideWhenUsed=\\\"true\\\" QFormat=\\\"true\\\" Name=\\\"heading 9\\\"\\/>\
  <w:LsdException Locked=\\\"false\\\" SemiHidden=\\\"true\\\" UnhideWhenUsed=\\\"true\\\"\
   Name=\\\"index 1\\\"\\/>\
  <w:LsdException Locked=\\\"false\\\" SemiHidden=\\\"true\\\" UnhideWhenUsed=\\\"true\\\"\
   Name=\\\"index 2\\\"\\/>\
  <w:LsdException Locked=\\\"false\\\" SemiHidden=\\\"true\\\" UnhideWhenUsed=\\\"true\\\"\
   Name=\\\"index 3\\\"\\/>\
  <w:LsdException Locked=\\\"false\\\" SemiHidden=\\\"true\\\" UnhideWhenUsed=\\\"true\\\"\
   Name=\\\"index 4\\\"\\/>\
  <w:LsdException Locked=\\\"false\\\" SemiHidden=\\\"true\\\" UnhideWhenUsed=\\\"true\\\"\
   Name=\\\"index 5\\\"\\/>\
  <w:LsdException Locked=\\\"false\\\" SemiHidden=\\\"true\\\" UnhideWhenUsed=\\\"true\\\"\
   Name=\\\"index 6\\\"\\/>\
  <w:LsdException Locked=\\\"false\\\" SemiHidden=\\\"true\\\" UnhideWhenUsed=\\\"true\\\"\
   Name=\\\"index 7\\\"\\/>\
  <w:LsdException Locked=\\\"false\\\" SemiHidden=\\\"true\\\" UnhideWhenUsed=\\\"true\\\"\
   Name=\\\"index 8\\\"\\/>\
  <w:LsdException Locked=\\\"false\\\" SemiHidden=\\\"true\\\" UnhideWhenUsed=\\\"true\\\"\
   Name=\\\"index 9\\\"\\/>\
  <w:LsdException Locked=\\\"false\\\" Priority=\\\"39\\\" SemiHidden=\\\"true\\\"\
   UnhideWhenUsed=\\\"true\\\" Name=\\\"toc 1\\\"\\/>\
  <w:LsdException Locked=\\\"false\\\" Priority=\\\"39\\\" SemiHidden=\\\"true\\\"\
   UnhideWhenUsed=\\\"true\\\" Name=\\\"toc 2\\\"\\/>\
  <w:LsdException Locked=\\\"false\\\" Priority=\\\"39\\\" SemiHidden=\\\"true\\\"\
   UnhideWhenUsed=\\\"true\\\" Name=\\\"toc 3\\\"\\/>\
  <w:LsdException Locked=\\\"false\\\" Priority=\\\"39\\\" SemiHidden=\\\"true\\\"\
   UnhideWhenUsed=\\\"true\\\" Name=\\\"toc 4\\\"\\/>\
  <w:LsdException Locked=\\\"false\\\" Priority=\\\"39\\\" SemiHidden=\\\"true\\\"\
   UnhideWhenUsed=\\\"true\\\" Name=\\\"toc 5\\\"\\/>\
  <w:LsdException Locked=\\\"false\\\" Priority=\\\"39\\\" SemiHidden=\\\"true\\\"\
   UnhideWhenUsed=\\\"true\\\" Name=\\\"toc 6\\\"\\/>\
  <w:LsdException Locked=\\\"false\\\" Priority=\\\"39\\\" SemiHidden=\\\"true\\\"\
   UnhideWhenUsed=\\\"true\\\" Name=\\\"toc 7\\\"\\/>\
  <w:LsdException Locked=\\\"false\\\" Priority=\\\"39\\\" SemiHidden=\\\"true\\\"\
   UnhideWhenUsed=\\\"true\\\" Name=\\\"toc 8\\\"\\/>\
  <w:LsdException Locked=\\\"false\\\" Priority=\\\"39\\\" SemiHidden=\\\"true\\\"\
   UnhideWhenUsed=\\\"true\\\" Name=\\\"toc 9\\\"\\/>\
  <w:LsdException Locked=\\\"false\\\" SemiHidden=\\\"true\\\" UnhideWhenUsed=\\\"true\\\"\
   Name=\\\"Normal Indent\\\"\\/>\
  <w:LsdException Locked=\\\"false\\\" SemiHidden=\\\"true\\\" UnhideWhenUsed=\\\"true\\\"\
   Name=\\\"footnote text\\\"\\/>\
  <w:LsdException Locked=\\\"false\\\" SemiHidden=\\\"true\\\" UnhideWhenUsed=\\\"true\\\"\
   Name=\\\"annotation text\\\"\\/>\
  <w:LsdException Locked=\\\"false\\\" SemiHidden=\\\"true\\\" UnhideWhenUsed=\\\"true\\\"\
   Name=\\\"header\\\"\\/>\
  <w:LsdException Locked=\\\"false\\\" SemiHidden=\\\"true\\\" UnhideWhenUsed=\\\"true\\\"\
   Name=\\\"footer\\\"\\/>\
  <w:LsdException Locked=\\\"false\\\" SemiHidden=\\\"true\\\" UnhideWhenUsed=\\\"true\\\"\
   Name=\\\"index heading\\\"\\/>\
  <w:LsdException Locked=\\\"false\\\" Priority=\\\"35\\\" SemiHidden=\\\"true\\\"\
   UnhideWhenUsed=\\\"true\\\" QFormat=\\\"true\\\" Name=\\\"caption\\\"\\/>\
  <w:LsdException Locked=\\\"false\\\" SemiHidden=\\\"true\\\" UnhideWhenUsed=\\\"true\\\"\
   Name=\\\"table of figures\\\"\\/>\
  <w:LsdException Locked=\\\"false\\\" SemiHidden=\\\"true\\\" UnhideWhenUsed=\\\"true\\\"\
   Name=\\\"envelope address\\\"\\/>\
  <w:LsdException Locked=\\\"false\\\" SemiHidden=\\\"true\\\" UnhideWhenUsed=\\\"true\\\"\
   Name=\\\"envelope return\\\"\\/>\
  <w:LsdException Locked=\\\"false\\\" SemiHidden=\\\"true\\\" UnhideWhenUsed=\\\"true\\\"\
   Name=\\\"footnote reference\\\"\\/>\
  <w:LsdException Locked=\\\"false\\\" SemiHidden=\\\"true\\\" UnhideWhenUsed=\\\"true\\\"\
   Name=\\\"annotation reference\\\"\\/>\
  <w:LsdException Locked=\\\"false\\\" SemiHidden=\\\"true\\\" UnhideWhenUsed=\\\"true\\\"\
   Name=\\\"line number\\\"\\/>\
  <w:LsdException Locked=\\\"false\\\" SemiHidden=\\\"true\\\" UnhideWhenUsed=\\\"true\\\"\
   Name=\\\"page number\\\"\\/>\
  <w:LsdException Locked=\\\"false\\\" SemiHidden=\\\"true\\\" UnhideWhenUsed=\\\"true\\\"\
   Name=\\\"endnote reference\\\"\\/>\
  <w:LsdException Locked=\\\"false\\\" SemiHidden=\\\"true\\\" UnhideWhenUsed=\\\"true\\\"\
   Name=\\\"endnote text\\\"\\/>\
  <w:LsdException Locked=\\\"false\\\" SemiHidden=\\\"true\\\" UnhideWhenUsed=\\\"true\\\"\
   Name=\\\"table of authorities\\\"\\/>\
  <w:LsdException Locked=\\\"false\\\" SemiHidden=\\\"true\\\" UnhideWhenUsed=\\\"true\\\"\
   Name=\\\"macro\\\"\\/>\
  <w:LsdException Locked=\\\"false\\\" SemiHidden=\\\"true\\\" UnhideWhenUsed=\\\"true\\\"\
   Name=\\\"toa heading\\\"\\/>\
  <w:LsdException Locked=\\\"false\\\" SemiHidden=\\\"true\\\" UnhideWhenUsed=\\\"true\\\"\
   Name=\\\"List\\\"\\/>\
  <w:LsdException Locked=\\\"false\\\" SemiHidden=\\\"true\\\" UnhideWhenUsed=\\\"true\\\"\
   Name=\\\"List Bullet\\\"\\/>\
  <w:LsdException Locked=\\\"false\\\" SemiHidden=\\\"true\\\" UnhideWhenUsed=\\\"true\\\"\
   Name=\\\"List Number\\\"\\/>\
  <w:LsdException Locked=\\\"false\\\" SemiHidden=\\\"true\\\" UnhideWhenUsed=\\\"true\\\"\
   Name=\\\"List 2\\\"\\/>\
  <w:LsdException Locked=\\\"false\\\" SemiHidden=\\\"true\\\" UnhideWhenUsed=\\\"true\\\"\
   Name=\\\"List 3\\\"\\/>\
  <w:LsdException Locked=\\\"false\\\" SemiHidden=\\\"true\\\" UnhideWhenUsed=\\\"true\\\"\
   Name=\\\"List 4\\\"\\/>\
  <w:LsdException Locked=\\\"false\\\" SemiHidden=\\\"true\\\" UnhideWhenUsed=\\\"true\\\"\
   Name=\\\"List 5\\\"\\/>\
  <w:LsdException Locked=\\\"false\\\" SemiHidden=\\\"true\\\" UnhideWhenUsed=\\\"true\\\"\
   Name=\\\"List Bullet 2\\\"\\/>\
  <w:LsdException Locked=\\\"false\\\" SemiHidden=\\\"true\\\" UnhideWhenUsed=\\\"true\\\"\
   Name=\\\"List Bullet 3\\\"\\/>\
  <w:LsdException Locked=\\\"false\\\" SemiHidden=\\\"true\\\" UnhideWhenUsed=\\\"true\\\"\
   Name=\\\"List Bullet 4\\\"\\/>\
  <w:LsdException Locked=\\\"false\\\" SemiHidden=\\\"true\\\" UnhideWhenUsed=\\\"true\\\"\
   Name=\\\"List Bullet 5\\\"\\/>\
  <w:LsdException Locked=\\\"false\\\" SemiHidden=\\\"true\\\" UnhideWhenUsed=\\\"true\\\"\
   Name=\\\"List Number 2\\\"\\/>\
  <w:LsdException Locked=\\\"false\\\" SemiHidden=\\\"true\\\" UnhideWhenUsed=\\\"true\\\"\
   Name=\\\"List Number 3\\\"\\/>\
  <w:LsdException Locked=\\\"false\\\" SemiHidden=\\\"true\\\" UnhideWhenUsed=\\\"true\\\"\
   Name=\\\"List Number 4\\\"\\/>\
  <w:LsdException Locked=\\\"false\\\" SemiHidden=\\\"true\\\" UnhideWhenUsed=\\\"true\\\"\
   Name=\\\"List Number 5\\\"\\/>\
  <w:LsdException Locked=\\\"false\\\" Priority=\\\"10\\\" QFormat=\\\"true\\\" Name=\\\"Title\\\"\\/>\
  <w:LsdException Locked=\\\"false\\\" SemiHidden=\\\"true\\\" UnhideWhenUsed=\\\"true\\\"\
   Name=\\\"Closing\\\"\\/>\
  <w:LsdException Locked=\\\"false\\\" SemiHidden=\\\"true\\\" UnhideWhenUsed=\\\"true\\\"\
   Name=\\\"Signature\\\"\\/>\
  <w:LsdException Locked=\\\"false\\\" Priority=\\\"1\\\" SemiHidden=\\\"true\\\"\
   UnhideWhenUsed=\\\"true\\\" Name=\\\"Default Paragraph Font\\\"\\/>\
  <w:LsdException Locked=\\\"false\\\" SemiHidden=\\\"true\\\" UnhideWhenUsed=\\\"true\\\"\
   Name=\\\"Body Text\\\"\\/>\
  <w:LsdException Locked=\\\"false\\\" SemiHidden=\\\"true\\\" UnhideWhenUsed=\\\"true\\\"\
   Name=\\\"Body Text Indent\\\"\\/>\
  <w:LsdException Locked=\\\"false\\\" SemiHidden=\\\"true\\\" UnhideWhenUsed=\\\"true\\\"\
   Name=\\\"List Continue\\\"\\/>\
  <w:LsdException Locked=\\\"false\\\" SemiHidden=\\\"true\\\" UnhideWhenUsed=\\\"true\\\"\
   Name=\\\"List Continue 2\\\"\\/>\
  <w:LsdException Locked=\\\"false\\\" SemiHidden=\\\"true\\\" UnhideWhenUsed=\\\"true\\\"\
   Name=\\\"List Continue 3\\\"\\/>\
  <w:LsdException Locked=\\\"false\\\" SemiHidden=\\\"true\\\" UnhideWhenUsed=\\\"true\\\"\
   Name=\\\"List Continue 4\\\"\\/>\
  <w:LsdException Locked=\\\"false\\\" SemiHidden=\\\"true\\\" UnhideWhenUsed=\\\"true\\\"\
   Name=\\\"List Continue 5\\\"\\/>\
  <w:LsdException Locked=\\\"false\\\" SemiHidden=\\\"true\\\" UnhideWhenUsed=\\\"true\\\"\
   Name=\\\"Message Header\\\"\\/>\
  <w:LsdException Locked=\\\"false\\\" Priority=\\\"11\\\" QFormat=\\\"true\\\" Name=\\\"Subtitle\\\"\\/>\
  <w:LsdException Locked=\\\"false\\\" SemiHidden=\\\"true\\\" UnhideWhenUsed=\\\"true\\\"\
   Name=\\\"Salutation\\\"\\/>\
  <w:LsdException Locked=\\\"false\\\" SemiHidden=\\\"true\\\" UnhideWhenUsed=\\\"true\\\"\
   Name=\\\"Date\\\"\\/>\
  <w:LsdException Locked=\\\"false\\\" SemiHidden=\\\"true\\\" UnhideWhenUsed=\\\"true\\\"\
   Name=\\\"Body Text First Indent\\\"\\/>\
  <w:LsdException Locked=\\\"false\\\" SemiHidden=\\\"true\\\" UnhideWhenUsed=\\\"true\\\"\
   Name=\\\"Body Text First Indent 2\\\"\\/>\
  <w:LsdException Locked=\\\"false\\\" SemiHidden=\\\"true\\\" UnhideWhenUsed=\\\"true\\\"\
   Name=\\\"Note Heading\\\"\\/>\
  <w:LsdException Locked=\\\"false\\\" SemiHidden=\\\"true\\\" UnhideWhenUsed=\\\"true\\\"\
   Name=\\\"Body Text 2\\\"\\/>\
  <w:LsdException Locked=\\\"false\\\" SemiHidden=\\\"true\\\" UnhideWhenUsed=\\\"true\\\"\
   Name=\\\"Body Text 3\\\"\\/>\
  <w:LsdException Locked=\\\"false\\\" SemiHidden=\\\"true\\\" UnhideWhenUsed=\\\"true\\\"\
   Name=\\\"Body Text Indent 2\\\"\\/>\
  <w:LsdException Locked=\\\"false\\\" SemiHidden=\\\"true\\\" UnhideWhenUsed=\\\"true\\\"\
   Name=\\\"Body Text Indent 3\\\"\\/>\
  <w:LsdException Locked=\\\"false\\\" SemiHidden=\\\"true\\\" UnhideWhenUsed=\\\"true\\\"\
   Name=\\\"Block Text\\\"\\/>\
  <w:LsdException Locked=\\\"false\\\" SemiHidden=\\\"true\\\" UnhideWhenUsed=\\\"true\\\"\
   Name=\\\"Hyperlink\\\"\\/>\
  <w:LsdException Locked=\\\"false\\\" SemiHidden=\\\"true\\\" UnhideWhenUsed=\\\"true\\\"\
   Name=\\\"FollowedHyperlink\\\"\\/>\
  <w:LsdException Locked=\\\"false\\\" Priority=\\\"22\\\" QFormat=\\\"true\\\" Name=\\\"Strong\\\"\\/>\
  <w:LsdException Locked=\\\"false\\\" Priority=\\\"20\\\" QFormat=\\\"true\\\" Name=\\\"Emphasis\\\"\\/>\
  <w:LsdException Locked=\\\"false\\\" SemiHidden=\\\"true\\\" UnhideWhenUsed=\\\"true\\\"\
   Name=\\\"Document Map\\\"\\/>\
  <w:LsdException Locked=\\\"false\\\" SemiHidden=\\\"true\\\" UnhideWhenUsed=\\\"true\\\"\
   Name=\\\"Plain Text\\\"\\/>\
  <w:LsdException Locked=\\\"false\\\" SemiHidden=\\\"true\\\" UnhideWhenUsed=\\\"true\\\"\
   Name=\\\"E-mail Signature\\\"\\/>\
  <w:LsdException Locked=\\\"false\\\" SemiHidden=\\\"true\\\" UnhideWhenUsed=\\\"true\\\"\
   Name=\\\"HTML Top of Form\\\"\\/>\
  <w:LsdException Locked=\\\"false\\\" SemiHidden=\\\"true\\\" UnhideWhenUsed=\\\"true\\\"\
   Name=\\\"HTML Bottom of Form\\\"\\/>\
  <w:LsdException Locked=\\\"false\\\" SemiHidden=\\\"true\\\" UnhideWhenUsed=\\\"true\\\"\
   Name=\\\"Normal (Web)\\\"\\/>\
  <w:LsdException Locked=\\\"false\\\" SemiHidden=\\\"true\\\" UnhideWhenUsed=\\\"true\\\"\
   Name=\\\"HTML Acronym\\\"\\/>\
  <w:LsdException Locked=\\\"false\\\" SemiHidden=\\\"true\\\" UnhideWhenUsed=\\\"true\\\"\
   Name=\\\"HTML Address\\\"\\/>\
  <w:LsdException Locked=\\\"false\\\" SemiHidden=\\\"true\\\" UnhideWhenUsed=\\\"true\\\"\
   Name=\\\"HTML Cite\\\"\\/>\
  <w:LsdException Locked=\\\"false\\\" SemiHidden=\\\"true\\\" UnhideWhenUsed=\\\"true\\\"\
   Name=\\\"HTML Code\\\"\\/>\
  <w:LsdException Locked=\\\"false\\\" SemiHidden=\\\"true\\\" UnhideWhenUsed=\\\"true\\\"\
   Name=\\\"HTML Definition\\\"\\/>\
  <w:LsdException Locked=\\\"false\\\" SemiHidden=\\\"true\\\" UnhideWhenUsed=\\\"true\\\"\
   Name=\\\"HTML Keyboard\\\"\\/>\
  <w:LsdException Locked=\\\"false\\\" SemiHidden=\\\"true\\\" UnhideWhenUsed=\\\"true\\\"\
   Name=\\\"HTML Preformatted\\\"\\/>\
  <w:LsdException Locked=\\\"false\\\" SemiHidden=\\\"true\\\" UnhideWhenUsed=\\\"true\\\"\
   Name=\\\"HTML Sample\\\"\\/>\
  <w:LsdException Locked=\\\"false\\\" SemiHidden=\\\"true\\\" UnhideWhenUsed=\\\"true\\\"\
   Name=\\\"HTML Typewriter\\\"\\/>\
  <w:LsdException Locked=\\\"false\\\" SemiHidden=\\\"true\\\" UnhideWhenUsed=\\\"true\\\"\
   Name=\\\"HTML Variable\\\"\\/>\
  <w:LsdException Locked=\\\"false\\\" SemiHidden=\\\"true\\\" UnhideWhenUsed=\\\"true\\\"\
   Name=\\\"Normal Table\\\"\\/>\
  <w:LsdException Locked=\\\"false\\\" SemiHidden=\\\"true\\\" UnhideWhenUsed=\\\"true\\\"\
   Name=\\\"annotation subject\\\"\\/>\
  <w:LsdException Locked=\\\"false\\\" SemiHidden=\\\"true\\\" UnhideWhenUsed=\\\"true\\\"\
   Name=\\\"No List\\\"\\/>\
  <w:LsdException Locked=\\\"false\\\" SemiHidden=\\\"true\\\" UnhideWhenUsed=\\\"true\\\"\
   Name=\\\"Outline List 1\\\"\\/>\
  <w:LsdException Locked=\\\"false\\\" SemiHidden=\\\"true\\\" UnhideWhenUsed=\\\"true\\\"\
   Name=\\\"Outline List 2\\\"\\/>\
  <w:LsdException Locked=\\\"false\\\" SemiHidden=\\\"true\\\" UnhideWhenUsed=\\\"true\\\"\
   Name=\\\"Outline List 3\\\"\\/>\
  <w:LsdException Locked=\\\"false\\\" SemiHidden=\\\"true\\\" UnhideWhenUsed=\\\"true\\\"\
   Name=\\\"Table Simple 1\\\"\\/>\
  <w:LsdException Locked=\\\"false\\\" SemiHidden=\\\"true\\\" UnhideWhenUsed=\\\"true\\\"\
   Name=\\\"Table Simple 2\\\"\\/>\
  <w:LsdException Locked=\\\"false\\\" SemiHidden=\\\"true\\\" UnhideWhenUsed=\\\"true\\\"\
   Name=\\\"Table Simple 3\\\"\\/>\
  <w:LsdException Locked=\\\"false\\\" SemiHidden=\\\"true\\\" UnhideWhenUsed=\\\"true\\\"\
   Name=\\\"Table Classic 1\\\"\\/>\
  <w:LsdException Locked=\\\"false\\\" SemiHidden=\\\"true\\\" UnhideWhenUsed=\\\"true\\\"\
   Name=\\\"Table Classic 2\\\"\\/>\
  <w:LsdException Locked=\\\"false\\\" SemiHidden=\\\"true\\\" UnhideWhenUsed=\\\"true\\\"\
   Name=\\\"Table Classic 3\\\"\\/>\
  <w:LsdException Locked=\\\"false\\\" SemiHidden=\\\"true\\\" UnhideWhenUsed=\\\"true\\\"\
   Name=\\\"Table Classic 4\\\"\\/>\
  <w:LsdException Locked=\\\"false\\\" SemiHidden=\\\"true\\\" UnhideWhenUsed=\\\"true\\\"\
   Name=\\\"Table Colorful 1\\\"\\/>\
  <w:LsdException Locked=\\\"false\\\" SemiHidden=\\\"true\\\" UnhideWhenUsed=\\\"true\\\"\
   Name=\\\"Table Colorful 2\\\"\\/>\
  <w:LsdException Locked=\\\"false\\\" SemiHidden=\\\"true\\\" UnhideWhenUsed=\\\"true\\\"\
   Name=\\\"Table Colorful 3\\\"\\/>\
  <w:LsdException Locked=\\\"false\\\" SemiHidden=\\\"true\\\" UnhideWhenUsed=\\\"true\\\"\
   Name=\\\"Table Columns 1\\\"\\/>\
  <w:LsdException Locked=\\\"false\\\" SemiHidden=\\\"true\\\" UnhideWhenUsed=\\\"true\\\"\
   Name=\\\"Table Columns 2\\\"\\/>\
  <w:LsdException Locked=\\\"false\\\" SemiHidden=\\\"true\\\" UnhideWhenUsed=\\\"true\\\"\
   Name=\\\"Table Columns 3\\\"\\/>\
  <w:LsdException Locked=\\\"false\\\" SemiHidden=\\\"true\\\" UnhideWhenUsed=\\\"true\\\"\
   Name=\\\"Table Columns 4\\\"\\/>\
  <w:LsdException Locked=\\\"false\\\" SemiHidden=\\\"true\\\" UnhideWhenUsed=\\\"true\\\"\
   Name=\\\"Table Columns 5\\\"\\/>\
  <w:LsdException Locked=\\\"false\\\" SemiHidden=\\\"true\\\" UnhideWhenUsed=\\\"true\\\"\
   Name=\\\"Table Grid 1\\\"\\/>\
  <w:LsdException Locked=\\\"false\\\" SemiHidden=\\\"true\\\" UnhideWhenUsed=\\\"true\\\"\
   Name=\\\"Table Grid 2\\\"\\/>\
  <w:LsdException Locked=\\\"false\\\" SemiHidden=\\\"true\\\" UnhideWhenUsed=\\\"true\\\"\
   Name=\\\"Table Grid 3\\\"\\/>\
  <w:LsdException Locked=\\\"false\\\" SemiHidden=\\\"true\\\" UnhideWhenUsed=\\\"true\\\"\
   Name=\\\"Table Grid 4\\\"\\/>\
  <w:LsdException Locked=\\\"false\\\" SemiHidden=\\\"true\\\" UnhideWhenUsed=\\\"true\\\"\
   Name=\\\"Table Grid 5\\\"\\/>\
  <w:LsdException Locked=\\\"false\\\" SemiHidden=\\\"true\\\" UnhideWhenUsed=\\\"true\\\"\
   Name=\\\"Table Grid 6\\\"\\/>\
  <w:LsdException Locked=\\\"false\\\" SemiHidden=\\\"true\\\" UnhideWhenUsed=\\\"true\\\"\
   Name=\\\"Table Grid 7\\\"\\/>\
  <w:LsdException Locked=\\\"false\\\" SemiHidden=\\\"true\\\" UnhideWhenUsed=\\\"true\\\"\
   Name=\\\"Table Grid 8\\\"\\/>\
  <w:LsdException Locked=\\\"false\\\" SemiHidden=\\\"true\\\" UnhideWhenUsed=\\\"true\\\"\
   Name=\\\"Table List 1\\\"\\/>\
  <w:LsdException Locked=\\\"false\\\" SemiHidden=\\\"true\\\" UnhideWhenUsed=\\\"true\\\"\
   Name=\\\"Table List 2\\\"\\/>\
  <w:LsdException Locked=\\\"false\\\" SemiHidden=\\\"true\\\" UnhideWhenUsed=\\\"true\\\"\
   Name=\\\"Table List 3\\\"\\/>\
  <w:LsdException Locked=\\\"false\\\" SemiHidden=\\\"true\\\" UnhideWhenUsed=\\\"true\\\"\
   Name=\\\"Table List 4\\\"\\/>\
  <w:LsdException Locked=\\\"false\\\" SemiHidden=\\\"true\\\" UnhideWhenUsed=\\\"true\\\"\
   Name=\\\"Table List 5\\\"\\/>\
  <w:LsdException Locked=\\\"false\\\" SemiHidden=\\\"true\\\" UnhideWhenUsed=\\\"true\\\"\
   Name=\\\"Table List 6\\\"\\/>\
  <w:LsdException Locked=\\\"false\\\" SemiHidden=\\\"true\\\" UnhideWhenUsed=\\\"true\\\"\
   Name=\\\"Table List 7\\\"\\/>\
  <w:LsdException Locked=\\\"false\\\" SemiHidden=\\\"true\\\" UnhideWhenUsed=\\\"true\\\"\
   Name=\\\"Table List 8\\\"\\/>\
  <w:LsdException Locked=\\\"false\\\" SemiHidden=\\\"true\\\" UnhideWhenUsed=\\\"true\\\"\
   Name=\\\"Table 3D effects 1\\\"\\/>\
  <w:LsdException Locked=\\\"false\\\" SemiHidden=\\\"true\\\" UnhideWhenUsed=\\\"true\\\"\
   Name=\\\"Table 3D effects 2\\\"\\/>\
  <w:LsdException Locked=\\\"false\\\" SemiHidden=\\\"true\\\" UnhideWhenUsed=\\\"true\\\"\
   Name=\\\"Table 3D effects 3\\\"\\/>\
  <w:LsdException Locked=\\\"false\\\" SemiHidden=\\\"true\\\" UnhideWhenUsed=\\\"true\\\"\
   Name=\\\"Table Contemporary\\\"\\/>\
  <w:LsdException Locked=\\\"false\\\" SemiHidden=\\\"true\\\" UnhideWhenUsed=\\\"true\\\"\
   Name=\\\"Table Elegant\\\"\\/>\
  <w:LsdException Locked=\\\"false\\\" SemiHidden=\\\"true\\\" UnhideWhenUsed=\\\"true\\\"\
   Name=\\\"Table Professional\\\"\\/>\
  <w:LsdException Locked=\\\"false\\\" SemiHidden=\\\"true\\\" UnhideWhenUsed=\\\"true\\\"\
   Name=\\\"Table Subtle 1\\\"\\/>\
  <w:LsdException Locked=\\\"false\\\" SemiHidden=\\\"true\\\" UnhideWhenUsed=\\\"true\\\"\
   Name=\\\"Table Subtle 2\\\"\\/>\
  <w:LsdException Locked=\\\"false\\\" SemiHidden=\\\"true\\\" UnhideWhenUsed=\\\"true\\\"\
   Name=\\\"Table Web 1\\\"\\/>\
  <w:LsdException Locked=\\\"false\\\" SemiHidden=\\\"true\\\" UnhideWhenUsed=\\\"true\\\"\
   Name=\\\"Table Web 2\\\"\\/>\
  <w:LsdException Locked=\\\"false\\\" SemiHidden=\\\"true\\\" UnhideWhenUsed=\\\"true\\\"\
   Name=\\\"Table Web 3\\\"\\/>\
  <w:LsdException Locked=\\\"false\\\" SemiHidden=\\\"true\\\" UnhideWhenUsed=\\\"true\\\"\
   Name=\\\"Balloon Text\\\"\\/>\
  <w:LsdException Locked=\\\"false\\\" Priority=\\\"39\\\" Name=\\\"Table Grid\\\"\\/>\
  <w:LsdException Locked=\\\"false\\\" SemiHidden=\\\"true\\\" UnhideWhenUsed=\\\"true\\\"\
   Name=\\\"Table Theme\\\"\\/>\
  <w:LsdException Locked=\\\"false\\\" SemiHidden=\\\"true\\\" Name=\\\"Placeholder Text\\\"\\/>\
  <w:LsdException Locked=\\\"false\\\" Priority=\\\"1\\\" QFormat=\\\"true\\\" Name=\\\"No Spacing\\\"\\/>\
  <w:LsdException Locked=\\\"false\\\" Priority=\\\"60\\\" Name=\\\"Light Shading\\\"\\/>\
  <w:LsdException Locked=\\\"false\\\" Priority=\\\"61\\\" Name=\\\"Light List\\\"\\/>\
  <w:LsdException Locked=\\\"false\\\" Priority=\\\"62\\\" Name=\\\"Light Grid\\\"\\/>\
  <w:LsdException Locked=\\\"false\\\" Priority=\\\"63\\\" Name=\\\"Medium Shading 1\\\"\\/>\
  <w:LsdException Locked=\\\"false\\\" Priority=\\\"64\\\" Name=\\\"Medium Shading 2\\\"\\/>\
  <w:LsdException Locked=\\\"false\\\" Priority=\\\"65\\\" Name=\\\"Medium List 1\\\"\\/>\
  <w:LsdException Locked=\\\"false\\\" Priority=\\\"66\\\" Name=\\\"Medium List 2\\\"\\/>\
  <w:LsdException Locked=\\\"false\\\" Priority=\\\"67\\\" Name=\\\"Medium Grid 1\\\"\\/>\
  <w:LsdException Locked=\\\"false\\\" Priority=\\\"68\\\" Name=\\\"Medium Grid 2\\\"\\/>\
  <w:LsdException Locked=\\\"false\\\" Priority=\\\"69\\\" Name=\\\"Medium Grid 3\\\"\\/>\
  <w:LsdException Locked=\\\"false\\\" Priority=\\\"70\\\" Name=\\\"Dark List\\\"\\/>\
  <w:LsdException Locked=\\\"false\\\" Priority=\\\"71\\\" Name=\\\"Colorful Shading\\\"\\/>\
  <w:LsdException Locked=\\\"false\\\" Priority=\\\"72\\\" Name=\\\"Colorful List\\\"\\/>\
  <w:LsdException Locked=\\\"false\\\" Priority=\\\"73\\\" Name=\\\"Colorful Grid\\\"\\/>\
  <w:LsdException Locked=\\\"false\\\" Priority=\\\"60\\\" Name=\\\"Light Shading Accent 1\\\"\\/>\
  <w:LsdException Locked=\\\"false\\\" Priority=\\\"61\\\" Name=\\\"Light List Accent 1\\\"\\/>\
  <w:LsdException Locked=\\\"false\\\" Priority=\\\"62\\\" Name=\\\"Light Grid Accent 1\\\"\\/>\
  <w:LsdException Locked=\\\"false\\\" Priority=\\\"63\\\" Name=\\\"Medium Shading 1 Accent 1\\\"\\/>\
  <w:LsdException Locked=\\\"false\\\" Priority=\\\"64\\\" Name=\\\"Medium Shading 2 Accent 1\\\"\\/>\
  <w:LsdException Locked=\\\"false\\\" Priority=\\\"65\\\" Name=\\\"Medium List 1 Accent 1\\\"\\/>\
  <w:LsdException Locked=\\\"false\\\" SemiHidden=\\\"true\\\" Name=\\\"Revision\\\"\\/>\
  <w:LsdException Locked=\\\"false\\\" Priority=\\\"34\\\" QFormat=\\\"true\\\"\
   Name=\\\"List Paragraph\\\"\\/>\
  <w:LsdException Locked=\\\"false\\\" Priority=\\\"29\\\" QFormat=\\\"true\\\" Name=\\\"Quote\\\"\\/>\
  <w:LsdException Locked=\\\"false\\\" Priority=\\\"30\\\" QFormat=\\\"true\\\"\
   Name=\\\"Intense Quote\\\"\\/>\
  <w:LsdException Locked=\\\"false\\\" Priority=\\\"66\\\" Name=\\\"Medium List 2 Accent 1\\\"\\/>\
  <w:LsdException Locked=\\\"false\\\" Priority=\\\"67\\\" Name=\\\"Medium Grid 1 Accent 1\\\"\\/>\
  <w:LsdException Locked=\\\"false\\\" Priority=\\\"68\\\" Name=\\\"Medium Grid 2 Accent 1\\\"\\/>\
  <w:LsdException Locked=\\\"false\\\" Priority=\\\"69\\\" Name=\\\"Medium Grid 3 Accent 1\\\"\\/>\
  <w:LsdException Locked=\\\"false\\\" Priority=\\\"70\\\" Name=\\\"Dark List Accent 1\\\"\\/>\
  <w:LsdException Locked=\\\"false\\\" Priority=\\\"71\\\" Name=\\\"Colorful Shading Accent 1\\\"\\/>\
  <w:LsdException Locked=\\\"false\\\" Priority=\\\"72\\\" Name=\\\"Colorful List Accent 1\\\"\\/>\
  <w:LsdException Locked=\\\"false\\\" Priority=\\\"73\\\" Name=\\\"Colorful Grid Accent 1\\\"\\/>\
  <w:LsdException Locked=\\\"false\\\" Priority=\\\"60\\\" Name=\\\"Light Shading Accent 2\\\"\\/>\
  <w:LsdException Locked=\\\"false\\\" Priority=\\\"61\\\" Name=\\\"Light List Accent 2\\\"\\/>\
  <w:LsdException Locked=\\\"false\\\" Priority=\\\"62\\\" Name=\\\"Light Grid Accent 2\\\"\\/>\
  <w:LsdException Locked=\\\"false\\\" Priority=\\\"63\\\" Name=\\\"Medium Shading 1 Accent 2\\\"\\/>\
  <w:LsdException Locked=\\\"false\\\" Priority=\\\"64\\\" Name=\\\"Medium Shading 2 Accent 2\\\"\\/>\
  <w:LsdException Locked=\\\"false\\\" Priority=\\\"65\\\" Name=\\\"Medium List 1 Accent 2\\\"\\/>\
  <w:LsdException Locked=\\\"false\\\" Priority=\\\"66\\\" Name=\\\"Medium List 2 Accent 2\\\"\\/>\
  <w:LsdException Locked=\\\"false\\\" Priority=\\\"67\\\" Name=\\\"Medium Grid 1 Accent 2\\\"\\/>\
  <w:LsdException Locked=\\\"false\\\" Priority=\\\"68\\\" Name=\\\"Medium Grid 2 Accent 2\\\"\\/>\
  <w:LsdException Locked=\\\"false\\\" Priority=\\\"69\\\" Name=\\\"Medium Grid 3 Accent 2\\\"\\/>\
  <w:LsdException Locked=\\\"false\\\" Priority=\\\"70\\\" Name=\\\"Dark List Accent 2\\\"\\/>\
  <w:LsdException Locked=\\\"false\\\" Priority=\\\"71\\\" Name=\\\"Colorful Shading Accent 2\\\"\\/>\
  <w:LsdException Locked=\\\"false\\\" Priority=\\\"72\\\" Name=\\\"Colorful List Accent 2\\\"\\/>\
  <w:LsdException Locked=\\\"false\\\" Priority=\\\"73\\\" Name=\\\"Colorful Grid Accent 2\\\"\\/>\
  <w:LsdException Locked=\\\"false\\\" Priority=\\\"60\\\" Name=\\\"Light Shading Accent 3\\\"\\/>\
  <w:LsdException Locked=\\\"false\\\" Priority=\\\"61\\\" Name=\\\"Light List Accent 3\\\"\\/>\
  <w:LsdException Locked=\\\"false\\\" Priority=\\\"62\\\" Name=\\\"Light Grid Accent 3\\\"\\/>\
  <w:LsdException Locked=\\\"false\\\" Priority=\\\"63\\\" Name=\\\"Medium Shading 1 Accent 3\\\"\\/>\
  <w:LsdException Locked=\\\"false\\\" Priority=\\\"64\\\" Name=\\\"Medium Shading 2 Accent 3\\\"\\/>\
  <w:LsdException Locked=\\\"false\\\" Priority=\\\"65\\\" Name=\\\"Medium List 1 Accent 3\\\"\\/>\
  <w:LsdException Locked=\\\"false\\\" Priority=\\\"66\\\" Name=\\\"Medium List 2 Accent 3\\\"\\/>\
  <w:LsdException Locked=\\\"false\\\" Priority=\\\"67\\\" Name=\\\"Medium Grid 1 Accent 3\\\"\\/>\
  <w:LsdException Locked=\\\"false\\\" Priority=\\\"68\\\" Name=\\\"Medium Grid 2 Accent 3\\\"\\/>\
  <w:LsdException Locked=\\\"false\\\" Priority=\\\"69\\\" Name=\\\"Medium Grid 3 Accent 3\\\"\\/>\
  <w:LsdException Locked=\\\"false\\\" Priority=\\\"70\\\" Name=\\\"Dark List Accent 3\\\"\\/>\
  <w:LsdException Locked=\\\"false\\\" Priority=\\\"71\\\" Name=\\\"Colorful Shading Accent 3\\\"\\/>\
  <w:LsdException Locked=\\\"false\\\" Priority=\\\"72\\\" Name=\\\"Colorful List Accent 3\\\"\\/>\
  <w:LsdException Locked=\\\"false\\\" Priority=\\\"73\\\" Name=\\\"Colorful Grid Accent 3\\\"\\/>\
  <w:LsdException Locked=\\\"false\\\" Priority=\\\"60\\\" Name=\\\"Light Shading Accent 4\\\"\\/>\
  <w:LsdException Locked=\\\"false\\\" Priority=\\\"61\\\" Name=\\\"Light List Accent 4\\\"\\/>\
  <w:LsdException Locked=\\\"false\\\" Priority=\\\"62\\\" Name=\\\"Light Grid Accent 4\\\"\\/>\
  <w:LsdException Locked=\\\"false\\\" Priority=\\\"63\\\" Name=\\\"Medium Shading 1 Accent 4\\\"\\/>\
  <w:LsdException Locked=\\\"false\\\" Priority=\\\"64\\\" Name=\\\"Medium Shading 2 Accent 4\\\"\\/>\
  <w:LsdException Locked=\\\"false\\\" Priority=\\\"65\\\" Name=\\\"Medium List 1 Accent 4\\\"\\/>\
  <w:LsdException Locked=\\\"false\\\" Priority=\\\"66\\\" Name=\\\"Medium List 2 Accent 4\\\"\\/>\
  <w:LsdException Locked=\\\"false\\\" Priority=\\\"67\\\" Name=\\\"Medium Grid 1 Accent 4\\\"\\/>\
  <w:LsdException Locked=\\\"false\\\" Priority=\\\"68\\\" Name=\\\"Medium Grid 2 Accent 4\\\"\\/>\
  <w:LsdException Locked=\\\"false\\\" Priority=\\\"69\\\" Name=\\\"Medium Grid 3 Accent 4\\\"\\/>\
  <w:LsdException Locked=\\\"false\\\" Priority=\\\"70\\\" Name=\\\"Dark List Accent 4\\\"\\/>\
  <w:LsdException Locked=\\\"false\\\" Priority=\\\"71\\\" Name=\\\"Colorful Shading Accent 4\\\"\\/>\
  <w:LsdException Locked=\\\"false\\\" Priority=\\\"72\\\" Name=\\\"Colorful List Accent 4\\\"\\/>\
  <w:LsdException Locked=\\\"false\\\" Priority=\\\"73\\\" Name=\\\"Colorful Grid Accent 4\\\"\\/>\
  <w:LsdException Locked=\\\"false\\\" Priority=\\\"60\\\" Name=\\\"Light Shading Accent 5\\\"\\/>\
  <w:LsdException Locked=\\\"false\\\" Priority=\\\"61\\\" Name=\\\"Light List Accent 5\\\"\\/>\
  <w:LsdException Locked=\\\"false\\\" Priority=\\\"62\\\" Name=\\\"Light Grid Accent 5\\\"\\/>\
  <w:LsdException Locked=\\\"false\\\" Priority=\\\"63\\\" Name=\\\"Medium Shading 1 Accent 5\\\"\\/>\
  <w:LsdException Locked=\\\"false\\\" Priority=\\\"64\\\" Name=\\\"Medium Shading 2 Accent 5\\\"\\/>\
  <w:LsdException Locked=\\\"false\\\" Priority=\\\"65\\\" Name=\\\"Medium List 1 Accent 5\\\"\\/>\
  <w:LsdException Locked=\\\"false\\\" Priority=\\\"66\\\" Name=\\\"Medium List 2 Accent 5\\\"\\/>\
  <w:LsdException Locked=\\\"false\\\" Priority=\\\"67\\\" Name=\\\"Medium Grid 1 Accent 5\\\"\\/>\
  <w:LsdException Locked=\\\"false\\\" Priority=\\\"68\\\" Name=\\\"Medium Grid 2 Accent 5\\\"\\/>\
  <w:LsdException Locked=\\\"false\\\" Priority=\\\"69\\\" Name=\\\"Medium Grid 3 Accent 5\\\"\\/>\
  <w:LsdException Locked=\\\"false\\\" Priority=\\\"70\\\" Name=\\\"Dark List Accent 5\\\"\\/>\
  <w:LsdException Locked=\\\"false\\\" Priority=\\\"71\\\" Name=\\\"Colorful Shading Accent 5\\\"\\/>\
  <w:LsdException Locked=\\\"false\\\" Priority=\\\"72\\\" Name=\\\"Colorful List Accent 5\\\"\\/>\
  <w:LsdException Locked=\\\"false\\\" Priority=\\\"73\\\" Name=\\\"Colorful Grid Accent 5\\\"\\/>\
  <w:LsdException Locked=\\\"false\\\" Priority=\\\"60\\\" Name=\\\"Light Shading Accent 6\\\"\\/>\
  <w:LsdException Locked=\\\"false\\\" Priority=\\\"61\\\" Name=\\\"Light List Accent 6\\\"\\/>\
  <w:LsdException Locked=\\\"false\\\" Priority=\\\"62\\\" Name=\\\"Light Grid Accent 6\\\"\\/>\
  <w:LsdException Locked=\\\"false\\\" Priority=\\\"63\\\" Name=\\\"Medium Shading 1 Accent 6\\\"\\/>\
  <w:LsdException Locked=\\\"false\\\" Priority=\\\"64\\\" Name=\\\"Medium Shading 2 Accent 6\\\"\\/>\
  <w:LsdException Locked=\\\"false\\\" Priority=\\\"65\\\" Name=\\\"Medium List 1 Accent 6\\\"\\/>\
  <w:LsdException Locked=\\\"false\\\" Priority=\\\"66\\\" Name=\\\"Medium List 2 Accent 6\\\"\\/>\
  <w:LsdException Locked=\\\"false\\\" Priority=\\\"67\\\" Name=\\\"Medium Grid 1 Accent 6\\\"\\/>\
  <w:LsdException Locked=\\\"false\\\" Priority=\\\"68\\\" Name=\\\"Medium Grid 2 Accent 6\\\"\\/>\
  <w:LsdException Locked=\\\"false\\\" Priority=\\\"69\\\" Name=\\\"Medium Grid 3 Accent 6\\\"\\/>\
  <w:LsdException Locked=\\\"false\\\" Priority=\\\"70\\\" Name=\\\"Dark List Accent 6\\\"\\/>\
  <w:LsdException Locked=\\\"false\\\" Priority=\\\"71\\\" Name=\\\"Colorful Shading Accent 6\\\"\\/>\
  <w:LsdException Locked=\\\"false\\\" Priority=\\\"72\\\" Name=\\\"Colorful List Accent 6\\\"\\/>\
  <w:LsdException Locked=\\\"false\\\" Priority=\\\"73\\\" Name=\\\"Colorful Grid Accent 6\\\"\\/>\
  <w:LsdException Locked=\\\"false\\\" Priority=\\\"19\\\" QFormat=\\\"true\\\"\
   Name=\\\"Subtle Emphasis\\\"\\/>\
  <w:LsdException Locked=\\\"false\\\" Priority=\\\"21\\\" QFormat=\\\"true\\\"\
   Name=\\\"Intense Emphasis\\\"\\/>\
  <w:LsdException Locked=\\\"false\\\" Priority=\\\"31\\\" QFormat=\\\"true\\\"\
   Name=\\\"Subtle Reference\\\"\\/>\
  <w:LsdException Locked=\\\"false\\\" Priority=\\\"32\\\" QFormat=\\\"true\\\"\
   Name=\\\"Intense Reference\\\"\\/>\
  <w:LsdException Locked=\\\"false\\\" Priority=\\\"33\\\" QFormat=\\\"true\\\" Name=\\\"Book Title\\\"\\/>\
  <w:LsdException Locked=\\\"false\\\" Priority=\\\"37\\\" SemiHidden=\\\"true\\\"\
   UnhideWhenUsed=\\\"true\\\" Name=\\\"Bibliography\\\"\\/>\
  <w:LsdException Locked=\\\"false\\\" Priority=\\\"39\\\" SemiHidden=\\\"true\\\"\
   UnhideWhenUsed=\\\"true\\\" QFormat=\\\"true\\\" Name=\\\"TOC Heading\\\"\\/>\
  <w:LsdException Locked=\\\"false\\\" Priority=\\\"41\\\" Name=\\\"Plain Table 1\\\"\\/>\
  <w:LsdException Locked=\\\"false\\\" Priority=\\\"42\\\" Name=\\\"Plain Table 2\\\"\\/>\
  <w:LsdException Locked=\\\"false\\\" Priority=\\\"43\\\" Name=\\\"Plain Table 3\\\"\\/>\
  <w:LsdException Locked=\\\"false\\\" Priority=\\\"44\\\" Name=\\\"Plain Table 4\\\"\\/>\
  <w:LsdException Locked=\\\"false\\\" Priority=\\\"45\\\" Name=\\\"Plain Table 5\\\"\\/>\
  <w:LsdException Locked=\\\"false\\\" Priority=\\\"40\\\" Name=\\\"Grid Table Light\\\"\\/>\
  <w:LsdException Locked=\\\"false\\\" Priority=\\\"46\\\" Name=\\\"Grid Table 1 Light\\\"\\/>\
  <w:LsdException Locked=\\\"false\\\" Priority=\\\"47\\\" Name=\\\"Grid Table 2\\\"\\/>\
  <w:LsdException Locked=\\\"false\\\" Priority=\\\"48\\\" Name=\\\"Grid Table 3\\\"\\/>\
  <w:LsdException Locked=\\\"false\\\" Priority=\\\"49\\\" Name=\\\"Grid Table 4\\\"\\/>\
  <w:LsdException Locked=\\\"false\\\" Priority=\\\"50\\\" Name=\\\"Grid Table 5 Dark\\\"\\/>\
  <w:LsdException Locked=\\\"false\\\" Priority=\\\"51\\\" Name=\\\"Grid Table 6 Colorful\\\"\\/>\
  <w:LsdException Locked=\\\"false\\\" Priority=\\\"52\\\" Name=\\\"Grid Table 7 Colorful\\\"\\/>\
  <w:LsdException Locked=\\\"false\\\" Priority=\\\"46\\\"\
   Name=\\\"Grid Table 1 Light Accent 1\\\"\\/>\
  <w:LsdException Locked=\\\"false\\\" Priority=\\\"47\\\" Name=\\\"Grid Table 2 Accent 1\\\"\\/>\
  <w:LsdException Locked=\\\"false\\\" Priority=\\\"48\\\" Name=\\\"Grid Table 3 Accent 1\\\"\\/>\
  <w:LsdException Locked=\\\"false\\\" Priority=\\\"49\\\" Name=\\\"Grid Table 4 Accent 1\\\"\\/>\
  <w:LsdException Locked=\\\"false\\\" Priority=\\\"50\\\" Name=\\\"Grid Table 5 Dark Accent 1\\\"\\/>\
  <w:LsdException Locked=\\\"false\\\" Priority=\\\"51\\\"\
   Name=\\\"Grid Table 6 Colorful Accent 1\\\"\\/>\
  <w:LsdException Locked=\\\"false\\\" Priority=\\\"52\\\"\
   Name=\\\"Grid Table 7 Colorful Accent 1\\\"\\/>\
  <w:LsdException Locked=\\\"false\\\" Priority=\\\"46\\\"\
   Name=\\\"Grid Table 1 Light Accent 2\\\"\\/>\
  <w:LsdException Locked=\\\"false\\\" Priority=\\\"47\\\" Name=\\\"Grid Table 2 Accent 2\\\"\\/>\
  <w:LsdException Locked=\\\"false\\\" Priority=\\\"48\\\" Name=\\\"Grid Table 3 Accent 2\\\"\\/>\
  <w:LsdException Locked=\\\"false\\\" Priority=\\\"49\\\" Name=\\\"Grid Table 4 Accent 2\\\"\\/>\
  <w:LsdException Locked=\\\"false\\\" Priority=\\\"50\\\" Name=\\\"Grid Table 5 Dark Accent 2\\\"\\/>\
  <w:LsdException Locked=\\\"false\\\" Priority=\\\"51\\\"\
   Name=\\\"Grid Table 6 Colorful Accent 2\\\"\\/>\
  <w:LsdException Locked=\\\"false\\\" Priority=\\\"52\\\"\
   Name=\\\"Grid Table 7 Colorful Accent 2\\\"\\/>\
  <w:LsdException Locked=\\\"false\\\" Priority=\\\"46\\\"\
   Name=\\\"Grid Table 1 Light Accent 3\\\"\\/>\
  <w:LsdException Locked=\\\"false\\\" Priority=\\\"47\\\" Name=\\\"Grid Table 2 Accent 3\\\"\\/>\
  <w:LsdException Locked=\\\"false\\\" Priority=\\\"48\\\" Name=\\\"Grid Table 3 Accent 3\\\"\\/>\
  <w:LsdException Locked=\\\"false\\\" Priority=\\\"49\\\" Name=\\\"Grid Table 4 Accent 3\\\"\\/>\
  <w:LsdException Locked=\\\"false\\\" Priority=\\\"50\\\" Name=\\\"Grid Table 5 Dark Accent 3\\\"\\/>\
  <w:LsdException Locked=\\\"false\\\" Priority=\\\"51\\\"\
   Name=\\\"Grid Table 6 Colorful Accent 3\\\"\\/>\
  <w:LsdException Locked=\\\"false\\\" Priority=\\\"52\\\"\
   Name=\\\"Grid Table 7 Colorful Accent 3\\\"\\/>\
  <w:LsdException Locked=\\\"false\\\" Priority=\\\"46\\\"\
   Name=\\\"Grid Table 1 Light Accent 4\\\"\\/>\
  <w:LsdException Locked=\\\"false\\\" Priority=\\\"47\\\" Name=\\\"Grid Table 2 Accent 4\\\"\\/>\
  <w:LsdException Locked=\\\"false\\\" Priority=\\\"48\\\" Name=\\\"Grid Table 3 Accent 4\\\"\\/>\
  <w:LsdException Locked=\\\"false\\\" Priority=\\\"49\\\" Name=\\\"Grid Table 4 Accent 4\\\"\\/>\
  <w:LsdException Locked=\\\"false\\\" Priority=\\\"50\\\" Name=\\\"Grid Table 5 Dark Accent 4\\\"\\/>\
  <w:LsdException Locked=\\\"false\\\" Priority=\\\"51\\\"\
   Name=\\\"Grid Table 6 Colorful Accent 4\\\"\\/>\
  <w:LsdException Locked=\\\"false\\\" Priority=\\\"52\\\"\
   Name=\\\"Grid Table 7 Colorful Accent 4\\\"\\/>\
  <w:LsdException Locked=\\\"false\\\" Priority=\\\"46\\\"\
   Name=\\\"Grid Table 1 Light Accent 5\\\"\\/>\
  <w:LsdException Locked=\\\"false\\\" Priority=\\\"47\\\" Name=\\\"Grid Table 2 Accent 5\\\"\\/>\
  <w:LsdException Locked=\\\"false\\\" Priority=\\\"48\\\" Name=\\\"Grid Table 3 Accent 5\\\"\\/>\
  <w:LsdException Locked=\\\"false\\\" Priority=\\\"49\\\" Name=\\\"Grid Table 4 Accent 5\\\"\\/>\
  <w:LsdException Locked=\\\"false\\\" Priority=\\\"50\\\" Name=\\\"Grid Table 5 Dark Accent 5\\\"\\/>\
  <w:LsdException Locked=\\\"false\\\" Priority=\\\"51\\\"\
   Name=\\\"Grid Table 6 Colorful Accent 5\\\"\\/>\
  <w:LsdException Locked=\\\"false\\\" Priority=\\\"52\\\"\
   Name=\\\"Grid Table 7 Colorful Accent 5\\\"\\/>\
  <w:LsdException Locked=\\\"false\\\" Priority=\\\"46\\\"\
   Name=\\\"Grid Table 1 Light Accent 6\\\"\\/>\
  <w:LsdException Locked=\\\"false\\\" Priority=\\\"47\\\" Name=\\\"Grid Table 2 Accent 6\\\"\\/>\
  <w:LsdException Locked=\\\"false\\\" Priority=\\\"48\\\" Name=\\\"Grid Table 3 Accent 6\\\"\\/>\
  <w:LsdException Locked=\\\"false\\\" Priority=\\\"49\\\" Name=\\\"Grid Table 4 Accent 6\\\"\\/>\
  <w:LsdException Locked=\\\"false\\\" Priority=\\\"50\\\" Name=\\\"Grid Table 5 Dark Accent 6\\\"\\/>\
  <w:LsdException Locked=\\\"false\\\" Priority=\\\"51\\\"\
   Name=\\\"Grid Table 6 Colorful Accent 6\\\"\\/>\
  <w:LsdException Locked=\\\"false\\\" Priority=\\\"52\\\"\
   Name=\\\"Grid Table 7 Colorful Accent 6\\\"\\/>\
  <w:LsdException Locked=\\\"false\\\" Priority=\\\"46\\\" Name=\\\"List Table 1 Light\\\"\\/>\
  <w:LsdException Locked=\\\"false\\\" Priority=\\\"47\\\" Name=\\\"List Table 2\\\"\\/>\
  <w:LsdException Locked=\\\"false\\\" Priority=\\\"48\\\" Name=\\\"List Table 3\\\"\\/>\
  <w:LsdException Locked=\\\"false\\\" Priority=\\\"49\\\" Name=\\\"List Table 4\\\"\\/>\
  <w:LsdException Locked=\\\"false\\\" Priority=\\\"50\\\" Name=\\\"List Table 5 Dark\\\"\\/>\
  <w:LsdException Locked=\\\"false\\\" Priority=\\\"51\\\" Name=\\\"List Table 6 Colorful\\\"\\/>\
  <w:LsdException Locked=\\\"false\\\" Priority=\\\"52\\\" Name=\\\"List Table 7 Colorful\\\"\\/>\
  <w:LsdException Locked=\\\"false\\\" Priority=\\\"46\\\"\
   Name=\\\"List Table 1 Light Accent 1\\\"\\/>\
  <w:LsdException Locked=\\\"false\\\" Priority=\\\"47\\\" Name=\\\"List Table 2 Accent 1\\\"\\/>\
  <w:LsdException Locked=\\\"false\\\" Priority=\\\"48\\\" Name=\\\"List Table 3 Accent 1\\\"\\/>\
  <w:LsdException Locked=\\\"false\\\" Priority=\\\"49\\\" Name=\\\"List Table 4 Accent 1\\\"\\/>\
  <w:LsdException Locked=\\\"false\\\" Priority=\\\"50\\\" Name=\\\"List Table 5 Dark Accent 1\\\"\\/>\
  <w:LsdException Locked=\\\"false\\\" Priority=\\\"51\\\"\
   Name=\\\"List Table 6 Colorful Accent 1\\\"\\/>\
  <w:LsdException Locked=\\\"false\\\" Priority=\\\"52\\\"\
   Name=\\\"List Table 7 Colorful Accent 1\\\"\\/>\
  <w:LsdException Locked=\\\"false\\\" Priority=\\\"46\\\"\
   Name=\\\"List Table 1 Light Accent 2\\\"\\/>\
  <w:LsdException Locked=\\\"false\\\" Priority=\\\"47\\\" Name=\\\"List Table 2 Accent 2\\\"\\/>\
  <w:LsdException Locked=\\\"false\\\" Priority=\\\"48\\\" Name=\\\"List Table 3 Accent 2\\\"\\/>\
  <w:LsdException Locked=\\\"false\\\" Priority=\\\"49\\\" Name=\\\"List Table 4 Accent 2\\\"\\/>\
  <w:LsdException Locked=\\\"false\\\" Priority=\\\"50\\\" Name=\\\"List Table 5 Dark Accent 2\\\"\\/>\
  <w:LsdException Locked=\\\"false\\\" Priority=\\\"51\\\"\
   Name=\\\"List Table 6 Colorful Accent 2\\\"\\/>\
  <w:LsdException Locked=\\\"false\\\" Priority=\\\"52\\\"\
   Name=\\\"List Table 7 Colorful Accent 2\\\"\\/>\
  <w:LsdException Locked=\\\"false\\\" Priority=\\\"46\\\"\
   Name=\\\"List Table 1 Light Accent 3\\\"\\/>\
  <w:LsdException Locked=\\\"false\\\" Priority=\\\"47\\\" Name=\\\"List Table 2 Accent 3\\\"\\/>\
  <w:LsdException Locked=\\\"false\\\" Priority=\\\"48\\\" Name=\\\"List Table 3 Accent 3\\\"\\/>\
  <w:LsdException Locked=\\\"false\\\" Priority=\\\"49\\\" Name=\\\"List Table 4 Accent 3\\\"\\/>\
  <w:LsdException Locked=\\\"false\\\" Priority=\\\"50\\\" Name=\\\"List Table 5 Dark Accent 3\\\"\\/>\
  <w:LsdException Locked=\\\"false\\\" Priority=\\\"51\\\"\
   Name=\\\"List Table 6 Colorful Accent 3\\\"\\/>\
  <w:LsdException Locked=\\\"false\\\" Priority=\\\"52\\\"\
   Name=\\\"List Table 7 Colorful Accent 3\\\"\\/>\
  <w:LsdException Locked=\\\"false\\\" Priority=\\\"46\\\"\
   Name=\\\"List Table 1 Light Accent 4\\\"\\/>\
  <w:LsdException Locked=\\\"false\\\" Priority=\\\"47\\\" Name=\\\"List Table 2 Accent 4\\\"\\/>\
  <w:LsdException Locked=\\\"false\\\" Priority=\\\"48\\\" Name=\\\"List Table 3 Accent 4\\\"\\/>\
  <w:LsdException Locked=\\\"false\\\" Priority=\\\"49\\\" Name=\\\"List Table 4 Accent 4\\\"\\/>\
  <w:LsdException Locked=\\\"false\\\" Priority=\\\"50\\\" Name=\\\"List Table 5 Dark Accent 4\\\"\\/>\
  <w:LsdException Locked=\\\"false\\\" Priority=\\\"51\\\"\
   Name=\\\"List Table 6 Colorful Accent 4\\\"\\/>\
  <w:LsdException Locked=\\\"false\\\" Priority=\\\"52\\\"\
   Name=\\\"List Table 7 Colorful Accent 4\\\"\\/>\
  <w:LsdException Locked=\\\"false\\\" Priority=\\\"46\\\"\
   Name=\\\"List Table 1 Light Accent 5\\\"\\/>\
  <w:LsdException Locked=\\\"false\\\" Priority=\\\"47\\\" Name=\\\"List Table 2 Accent 5\\\"\\/>\
  <w:LsdException Locked=\\\"false\\\" Priority=\\\"48\\\" Name=\\\"List Table 3 Accent 5\\\"\\/>\
  <w:LsdException Locked=\\\"false\\\" Priority=\\\"49\\\" Name=\\\"List Table 4 Accent 5\\\"\\/>\
  <w:LsdException Locked=\\\"false\\\" Priority=\\\"50\\\" Name=\\\"List Table 5 Dark Accent 5\\\"\\/>\
  <w:LsdException Locked=\\\"false\\\" Priority=\\\"51\\\"\
   Name=\\\"List Table 6 Colorful Accent 5\\\"\\/>\
  <w:LsdException Locked=\\\"false\\\" Priority=\\\"52\\\"\
   Name=\\\"List Table 7 Colorful Accent 5\\\"\\/>\
  <w:LsdException Locked=\\\"false\\\" Priority=\\\"46\\\"\
   Name=\\\"List Table 1 Light Accent 6\\\"\\/>\
  <w:LsdException Locked=\\\"false\\\" Priority=\\\"47\\\" Name=\\\"List Table 2 Accent 6\\\"\\/>\
  <w:LsdException Locked=\\\"false\\\" Priority=\\\"48\\\" Name=\\\"List Table 3 Accent 6\\\"\\/>\
  <w:LsdException Locked=\\\"false\\\" Priority=\\\"49\\\" Name=\\\"List Table 4 Accent 6\\\"\\/>\
  <w:LsdException Locked=\\\"false\\\" Priority=\\\"50\\\" Name=\\\"List Table 5 Dark Accent 6\\\"\\/>\
  <w:LsdException Locked=\\\"false\\\" Priority=\\\"51\\\"\
   Name=\\\"List Table 6 Colorful Accent 6\\\"\\/>\
  <w:LsdException Locked=\\\"false\\\" Priority=\\\"52\\\"\
   Name=\\\"List Table 7 Colorful Accent 6\\\"\\/>\
  <w:LsdException Locked=\\\"false\\\" SemiHidden=\\\"true\\\" UnhideWhenUsed=\\\"true\\\"\
   Name=\\\"Mention\\\"\\/>\
  <w:LsdException Locked=\\\"false\\\" SemiHidden=\\\"true\\\" UnhideWhenUsed=\\\"true\\\"\
   Name=\\\"Smart Hyperlink\\\"\\/>\
  <w:LsdException Locked=\\\"false\\\" SemiHidden=\\\"true\\\" UnhideWhenUsed=\\\"true\\\"\
   Name=\\\"Hashtag\\\"\\/>\
  <w:LsdException Locked=\\\"false\\\" SemiHidden=\\\"true\\\" UnhideWhenUsed=\\\"true\\\"\
   Name=\\\"Unresolved Mention\\\"\\/>\
 <\\/w:LatentStyles>\
<\\/xml><![endif]--> <!-- [if gte mso 10]>\
<style>\
 \\/* Style Definitions *\\/\
 table.MsoNormalTable\
\\t{mso-style-name:\\\"Normale Tabelle\\\";\
\\tmso-tstyle-rowband-size:0;\
\\tmso-tstyle-colband-size:0;\
\\tmso-style-noshow:yes;\
\\tmso-style-priority:99;\
\\tmso-style-parent:\\\"\\\";\
\\tmso-padding-alt:0cm 5.4pt 0cm 5.4pt;\
\\tmso-para-margin:0cm;\
\\tmso-para-margin-bottom:.0001pt;\
\\tmso-pagination:widow-orphan;\
\\tfont-size:12.0pt;\
\\tfont-family:\\\"Calibri\\\",sans-serif;\
\\tmso-ascii-font-family:Calibri;\
\\tmso-ascii-theme-font:minor-latin;\
\\tmso-hansi-font-family:Calibri;\
\\tmso-hansi-theme-font:minor-latin;\
\\tmso-bidi-font-family:\\\"Times New Roman\\\";\
\\tmso-bidi-theme-font:minor-bidi;\
\\tmso-ansi-language:DE;\
\\tmso-fareast-language:EN-US;}\
<\\/style>\
<![endif]--> <!--StartFragment--> <!--EndFragment--><\\/p>\
<p class=\\\"MsoNormal\\\"><!-- [if gte mso 9]><xml>\
 <o:OfficeDocumentSettings>\
  <o:AllowPNG\\/>\
 <\\/o:OfficeDocumentSettings>\
<\\/xml><![endif]--> <!-- [if gte mso 9]><xml>\
 <w:WordDocument>\
  <w:View>Normal<\\/w:View>\
  <w:Zoom>0<\\/w:Zoom>\
  <w:TrackMoves\\/>\
  <w:TrackFormatting\\/>\
  <w:HyphenationZone>21<\\/w:HyphenationZone>\
  <w:PunctuationKerning\\/>\
  <w:ValidateAgainstSchemas\\/>\
  <w:SaveIfXMLInvalid>false<\\/w:SaveIfXMLInvalid>\
  <w:IgnoreMixedContent>false<\\/w:IgnoreMixedContent>\
  <w:AlwaysShowPlaceholderText>false<\\/w:AlwaysShowPlaceholderText>\
  <w:DoNotPromoteQF\\/>\
  <w:LidThemeOther>DE<\\/w:LidThemeOther>\
  <w:LidThemeAsian>X-NONE<\\/w:LidThemeAsian>\
  <w:LidThemeComplexScript>X-NONE<\\/w:LidThemeComplexScript>\
  <w:Compatibility>\
   <w:BreakWrappedTables\\/>\
   <w:SnapToGridInCell\\/>\
   <w:WrapTextWithPunct\\/>\
   <w:UseAsianBreakRules\\/>\
   <w:DontGrowAutofit\\/>\
   <w:SplitPgBreakAndParaMark\\/>\
   <w:EnableOpenTypeKerning\\/>\
   <w:DontFlipMirrorIndents\\/>\
   <w:OverrideTableStyleHps\\/>\
  <\\/w:Compatibility>\
  <w:DoNotOptimizeForBrowser\\/>\
  <m:mathPr>\
   <m:mathFont m:val=\\\"Cambria Math\\\"\\/>\
   <m:brkBin m:val=\\\"before\\\"\\/>\
   <m:brkBinSub m:val=\\\"&#45;-\\\"\\/>\
   <m:smallFrac m:val=\\\"off\\\"\\/>\
   <m:dispDef\\/>\
   <m:lMargin m:val=\\\"0\\\"\\/>\
   <m:rMargin m:val=\\\"0\\\"\\/>\
   <m:defJc m:val=\\\"centerGroup\\\"\\/>\
   <m:wrapIndent m:val=\\\"1440\\\"\\/>\
   <m:intLim m:val=\\\"subSup\\\"\\/>\
   <m:naryLim m:val=\\\"undOvr\\\"\\/>\
  <\\/m:mathPr><\\/w:WordDocument>\
<\\/xml><![endif]--><!-- [if gte mso 9]><xml>\
 <w:LatentStyles DefLockedState=\\\"false\\\" DefUnhideWhenUsed=\\\"false\\\"\
  DefSemiHidden=\\\"false\\\" DefQFormat=\\\"false\\\" DefPriority=\\\"99\\\"\
  LatentStyleCount=\\\"375\\\">\
  <w:LsdException Locked=\\\"false\\\" Priority=\\\"0\\\" QFormat=\\\"true\\\" Name=\\\"Normal\\\"\\/>\
  <w:LsdException Locked=\\\"false\\\" Priority=\\\"9\\\" QFormat=\\\"true\\\" Name=\\\"heading 1\\\"\\/>\
  <w:LsdException Locked=\\\"false\\\" Priority=\\\"9\\\" SemiHidden=\\\"true\\\"\
   UnhideWhenUsed=\\\"true\\\" QFormat=\\\"true\\\" Name=\\\"heading 2\\\"\\/>\
  <w:LsdException Locked=\\\"false\\\" Priority=\\\"9\\\" SemiHidden=\\\"true\\\"\
   UnhideWhenUsed=\\\"true\\\" QFormat=\\\"true\\\" Name=\\\"heading 3\\\"\\/>\
  <w:LsdException Locked=\\\"false\\\" Priority=\\\"9\\\" SemiHidden=\\\"true\\\"\
   UnhideWhenUsed=\\\"true\\\" QFormat=\\\"true\\\" Name=\\\"heading 4\\\"\\/>\
  <w:LsdException Locked=\\\"false\\\" Priority=\\\"9\\\" SemiHidden=\\\"true\\\"\
   UnhideWhenUsed=\\\"true\\\" QFormat=\\\"true\\\" Name=\\\"heading 5\\\"\\/>\
  <w:LsdException Locked=\\\"false\\\" Priority=\\\"9\\\" SemiHidden=\\\"true\\\"\
   UnhideWhenUsed=\\\"true\\\" QFormat=\\\"true\\\" Name=\\\"heading 6\\\"\\/>\
  <w:LsdException Locked=\\\"false\\\" Priority=\\\"9\\\" SemiHidden=\\\"true\\\"\
   UnhideWhenUsed=\\\"true\\\" QFormat=\\\"true\\\" Name=\\\"heading 7\\\"\\/>\
  <w:LsdException Locked=\\\"false\\\" Priority=\\\"9\\\" SemiHidden=\\\"true\\\"\
   UnhideWhenUsed=\\\"true\\\" QFormat=\\\"true\\\" Name=\\\"heading 8\\\"\\/>\
  <w:LsdException Locked=\\\"false\\\" Priority=\\\"9\\\" SemiHidden=\\\"true\\\"\
   UnhideWhenUsed=\\\"true\\\" QFormat=\\\"true\\\" Name=\\\"heading 9\\\"\\/>\
  <w:LsdException Locked=\\\"false\\\" SemiHidden=\\\"true\\\" UnhideWhenUsed=\\\"true\\\"\
   Name=\\\"index 1\\\"\\/>\
  <w:LsdException Locked=\\\"false\\\" SemiHidden=\\\"true\\\" UnhideWhenUsed=\\\"true\\\"\
   Name=\\\"index 2\\\"\\/>\
  <w:LsdException Locked=\\\"false\\\" SemiHidden=\\\"true\\\" UnhideWhenUsed=\\\"true\\\"\
   Name=\\\"index 3\\\"\\/>\
  <w:LsdException Locked=\\\"false\\\" SemiHidden=\\\"true\\\" UnhideWhenUsed=\\\"true\\\"\
   Name=\\\"index 4\\\"\\/>\
  <w:LsdException Locked=\\\"false\\\" SemiHidden=\\\"true\\\" UnhideWhenUsed=\\\"true\\\"\
   Name=\\\"index 5\\\"\\/>\
  <w:LsdException Locked=\\\"false\\\" SemiHidden=\\\"true\\\" UnhideWhenUsed=\\\"true\\\"\
   Name=\\\"index 6\\\"\\/>\
  <w:LsdException Locked=\\\"false\\\" SemiHidden=\\\"true\\\" UnhideWhenUsed=\\\"true\\\"\
   Name=\\\"index 7\\\"\\/>\
  <w:LsdException Locked=\\\"false\\\" SemiHidden=\\\"true\\\" UnhideWhenUsed=\\\"true\\\"\
   Name=\\\"index 8\\\"\\/>\
  <w:LsdException Locked=\\\"false\\\" SemiHidden=\\\"true\\\" UnhideWhenUsed=\\\"true\\\"\
   Name=\\\"index 9\\\"\\/>\
  <w:LsdException Locked=\\\"false\\\" Priority=\\\"39\\\" SemiHidden=\\\"true\\\"\
   UnhideWhenUsed=\\\"true\\\" Name=\\\"toc 1\\\"\\/>\
  <w:LsdException Locked=\\\"false\\\" Priority=\\\"39\\\" SemiHidden=\\\"true\\\"\
   UnhideWhenUsed=\\\"true\\\" Name=\\\"toc 2\\\"\\/>\
  <w:LsdException Locked=\\\"false\\\" Priority=\\\"39\\\" SemiHidden=\\\"true\\\"\
   UnhideWhenUsed=\\\"true\\\" Name=\\\"toc 3\\\"\\/>\
  <w:LsdException Locked=\\\"false\\\" Priority=\\\"39\\\" SemiHidden=\\\"true\\\"\
   UnhideWhenUsed=\\\"true\\\" Name=\\\"toc 4\\\"\\/>\
  <w:LsdException Locked=\\\"false\\\" Priority=\\\"39\\\" SemiHidden=\\\"true\\\"\
   UnhideWhenUsed=\\\"true\\\" Name=\\\"toc 5\\\"\\/>\
  <w:LsdException Locked=\\\"false\\\" Priority=\\\"39\\\" SemiHidden=\\\"true\\\"\
   UnhideWhenUsed=\\\"true\\\" Name=\\\"toc 6\\\"\\/>\
  <w:LsdException Locked=\\\"false\\\" Priority=\\\"39\\\" SemiHidden=\\\"true\\\"\
   UnhideWhenUsed=\\\"true\\\" Name=\\\"toc 7\\\"\\/>\
  <w:LsdException Locked=\\\"false\\\" Priority=\\\"39\\\" SemiHidden=\\\"true\\\"\
   UnhideWhenUsed=\\\"true\\\" Name=\\\"toc 8\\\"\\/>\
  <w:LsdException Locked=\\\"false\\\" Priority=\\\"39\\\" SemiHidden=\\\"true\\\"\
   UnhideWhenUsed=\\\"true\\\" Name=\\\"toc 9\\\"\\/>\
  <w:LsdException Locked=\\\"false\\\" SemiHidden=\\\"true\\\" UnhideWhenUsed=\\\"true\\\"\
   Name=\\\"Normal Indent\\\"\\/>\
  <w:LsdException Locked=\\\"false\\\" SemiHidden=\\\"true\\\" UnhideWhenUsed=\\\"true\\\"\
   Name=\\\"footnote text\\\"\\/>\
  <w:LsdException Locked=\\\"false\\\" SemiHidden=\\\"true\\\" UnhideWhenUsed=\\\"true\\\"\
   Name=\\\"annotation text\\\"\\/>\
  <w:LsdException Locked=\\\"false\\\" SemiHidden=\\\"true\\\" UnhideWhenUsed=\\\"true\\\"\
   Name=\\\"header\\\"\\/>\
  <w:LsdException Locked=\\\"false\\\" SemiHidden=\\\"true\\\" UnhideWhenUsed=\\\"true\\\"\
   Name=\\\"footer\\\"\\/>\
  <w:LsdException Locked=\\\"false\\\" SemiHidden=\\\"true\\\" UnhideWhenUsed=\\\"true\\\"\
   Name=\\\"index heading\\\"\\/>\
  <w:LsdException Locked=\\\"false\\\" Priority=\\\"35\\\" SemiHidden=\\\"true\\\"\
   UnhideWhenUsed=\\\"true\\\" QFormat=\\\"true\\\" Name=\\\"caption\\\"\\/>\
  <w:LsdException Locked=\\\"false\\\" SemiHidden=\\\"true\\\" UnhideWhenUsed=\\\"true\\\"\
   Name=\\\"table of figures\\\"\\/>\
  <w:LsdException Locked=\\\"false\\\" SemiHidden=\\\"true\\\" UnhideWhenUsed=\\\"true\\\"\
   Name=\\\"envelope address\\\"\\/>\
  <w:LsdException Locked=\\\"false\\\" SemiHidden=\\\"true\\\" UnhideWhenUsed=\\\"true\\\"\
   Name=\\\"envelope return\\\"\\/>\
  <w:LsdException Locked=\\\"false\\\" SemiHidden=\\\"true\\\" UnhideWhenUsed=\\\"true\\\"\
   Name=\\\"footnote reference\\\"\\/>\
  <w:LsdException Locked=\\\"false\\\" SemiHidden=\\\"true\\\" UnhideWhenUsed=\\\"true\\\"\
   Name=\\\"annotation reference\\\"\\/>\
  <w:LsdException Locked=\\\"false\\\" SemiHidden=\\\"true\\\" UnhideWhenUsed=\\\"true\\\"\
   Name=\\\"line number\\\"\\/>\
  <w:LsdException Locked=\\\"false\\\" SemiHidden=\\\"true\\\" UnhideWhenUsed=\\\"true\\\"\
   Name=\\\"page number\\\"\\/>\
  <w:LsdException Locked=\\\"false\\\" SemiHidden=\\\"true\\\" UnhideWhenUsed=\\\"true\\\"\
   Name=\\\"endnote reference\\\"\\/>\
  <w:LsdException Locked=\\\"false\\\" SemiHidden=\\\"true\\\" UnhideWhenUsed=\\\"true\\\"\
   Name=\\\"endnote text\\\"\\/>\
  <w:LsdException Locked=\\\"false\\\" SemiHidden=\\\"true\\\" UnhideWhenUsed=\\\"true\\\"\
   Name=\\\"table of authorities\\\"\\/>\
  <w:LsdException Locked=\\\"false\\\" SemiHidden=\\\"true\\\" UnhideWhenUsed=\\\"true\\\"\
   Name=\\\"macro\\\"\\/>\
  <w:LsdException Locked=\\\"false\\\" SemiHidden=\\\"true\\\" UnhideWhenUsed=\\\"true\\\"\
   Name=\\\"toa heading\\\"\\/>\
  <w:LsdException Locked=\\\"false\\\" SemiHidden=\\\"true\\\" UnhideWhenUsed=\\\"true\\\"\
   Name=\\\"List\\\"\\/>\
  <w:LsdException Locked=\\\"false\\\" SemiHidden=\\\"true\\\" UnhideWhenUsed=\\\"true\\\"\
   Name=\\\"List Bullet\\\"\\/>\
  <w:LsdException Locked=\\\"false\\\" SemiHidden=\\\"true\\\" UnhideWhenUsed=\\\"true\\\"\
   Name=\\\"List Number\\\"\\/>\
  <w:LsdException Locked=\\\"false\\\" SemiHidden=\\\"true\\\" UnhideWhenUsed=\\\"true\\\"\
   Name=\\\"List 2\\\"\\/>\
  <w:LsdException Locked=\\\"false\\\" SemiHidden=\\\"true\\\" UnhideWhenUsed=\\\"true\\\"\
   Name=\\\"List 3\\\"\\/>\
  <w:LsdException Locked=\\\"false\\\" SemiHidden=\\\"true\\\" UnhideWhenUsed=\\\"true\\\"\
   Name=\\\"List 4\\\"\\/>\
  <w:LsdException Locked=\\\"false\\\" SemiHidden=\\\"true\\\" UnhideWhenUsed=\\\"true\\\"\
   Name=\\\"List 5\\\"\\/>\
  <w:LsdException Locked=\\\"false\\\" SemiHidden=\\\"true\\\" UnhideWhenUsed=\\\"true\\\"\
   Name=\\\"List Bullet 2\\\"\\/>\
  <w:LsdException Locked=\\\"false\\\" SemiHidden=\\\"true\\\" UnhideWhenUsed=\\\"true\\\"\
   Name=\\\"List Bullet 3\\\"\\/>\
  <w:LsdException Locked=\\\"false\\\" SemiHidden=\\\"true\\\" UnhideWhenUsed=\\\"true\\\"\
   Name=\\\"List Bullet 4\\\"\\/>\
  <w:LsdException Locked=\\\"false\\\" SemiHidden=\\\"true\\\" UnhideWhenUsed=\\\"true\\\"\
   Name=\\\"List Bullet 5\\\"\\/>\
  <w:LsdException Locked=\\\"false\\\" SemiHidden=\\\"true\\\" UnhideWhenUsed=\\\"true\\\"\
   Name=\\\"List Number 2\\\"\\/>\
  <w:LsdException Locked=\\\"false\\\" SemiHidden=\\\"true\\\" UnhideWhenUsed=\\\"true\\\"\
   Name=\\\"List Number 3\\\"\\/>\
  <w:LsdException Locked=\\\"false\\\" SemiHidden=\\\"true\\\" UnhideWhenUsed=\\\"true\\\"\
   Name=\\\"List Number 4\\\"\\/>\
  <w:LsdException Locked=\\\"false\\\" SemiHidden=\\\"true\\\" UnhideWhenUsed=\\\"true\\\"\
   Name=\\\"List Number 5\\\"\\/>\
  <w:LsdException Locked=\\\"false\\\" Priority=\\\"10\\\" QFormat=\\\"true\\\" Name=\\\"Title\\\"\\/>\
  <w:LsdException Locked=\\\"false\\\" SemiHidden=\\\"true\\\" UnhideWhenUsed=\\\"true\\\"\
   Name=\\\"Closing\\\"\\/>\
  <w:LsdException Locked=\\\"false\\\" SemiHidden=\\\"true\\\" UnhideWhenUsed=\\\"true\\\"\
   Name=\\\"Signature\\\"\\/>\
  <w:LsdException Locked=\\\"false\\\" Priority=\\\"1\\\" SemiHidden=\\\"true\\\"\
   UnhideWhenUsed=\\\"true\\\" Name=\\\"Default Paragraph Font\\\"\\/>\
  <w:LsdException Locked=\\\"false\\\" SemiHidden=\\\"true\\\" UnhideWhenUsed=\\\"true\\\"\
   Name=\\\"Body Text\\\"\\/>\
  <w:LsdException Locked=\\\"false\\\" SemiHidden=\\\"true\\\" UnhideWhenUsed=\\\"true\\\"\
   Name=\\\"Body Text Indent\\\"\\/>\
  <w:LsdException Locked=\\\"false\\\" SemiHidden=\\\"true\\\" UnhideWhenUsed=\\\"true\\\"\
   Name=\\\"List Continue\\\"\\/>\
  <w:LsdException Locked=\\\"false\\\" SemiHidden=\\\"true\\\" UnhideWhenUsed=\\\"true\\\"\
   Name=\\\"List Continue 2\\\"\\/>\
  <w:LsdException Locked=\\\"false\\\" SemiHidden=\\\"true\\\" UnhideWhenUsed=\\\"true\\\"\
   Name=\\\"List Continue 3\\\"\\/>\
  <w:LsdException Locked=\\\"false\\\" SemiHidden=\\\"true\\\" UnhideWhenUsed=\\\"true\\\"\
   Name=\\\"List Continue 4\\\"\\/>\
  <w:LsdException Locked=\\\"false\\\" SemiHidden=\\\"true\\\" UnhideWhenUsed=\\\"true\\\"\
   Name=\\\"List Continue 5\\\"\\/>\
  <w:LsdException Locked=\\\"false\\\" SemiHidden=\\\"true\\\" UnhideWhenUsed=\\\"true\\\"\
   Name=\\\"Message Header\\\"\\/>\
  <w:LsdException Locked=\\\"false\\\" Priority=\\\"11\\\" QFormat=\\\"true\\\" Name=\\\"Subtitle\\\"\\/>\
  <w:LsdException Locked=\\\"false\\\" SemiHidden=\\\"true\\\" UnhideWhenUsed=\\\"true\\\"\
   Name=\\\"Salutation\\\"\\/>\
  <w:LsdException Locked=\\\"false\\\" SemiHidden=\\\"true\\\" UnhideWhenUsed=\\\"true\\\"\
   Name=\\\"Date\\\"\\/>\
  <w:LsdException Locked=\\\"false\\\" SemiHidden=\\\"true\\\" UnhideWhenUsed=\\\"true\\\"\
   Name=\\\"Body Text First Indent\\\"\\/>\
  <w:LsdException Locked=\\\"false\\\" SemiHidden=\\\"true\\\" UnhideWhenUsed=\\\"true\\\"\
   Name=\\\"Body Text First Indent 2\\\"\\/>\
  <w:LsdException Locked=\\\"false\\\" SemiHidden=\\\"true\\\" UnhideWhenUsed=\\\"true\\\"\
   Name=\\\"Note Heading\\\"\\/>\
  <w:LsdException Locked=\\\"false\\\" SemiHidden=\\\"true\\\" UnhideWhenUsed=\\\"true\\\"\
   Name=\\\"Body Text 2\\\"\\/>\
  <w:LsdException Locked=\\\"false\\\" SemiHidden=\\\"true\\\" UnhideWhenUsed=\\\"true\\\"\
   Name=\\\"Body Text 3\\\"\\/>\
  <w:LsdException Locked=\\\"false\\\" SemiHidden=\\\"true\\\" UnhideWhenUsed=\\\"true\\\"\
   Name=\\\"Body Text Indent 2\\\"\\/>\
  <w:LsdException Locked=\\\"false\\\" SemiHidden=\\\"true\\\" UnhideWhenUsed=\\\"true\\\"\
   Name=\\\"Body Text Indent 3\\\"\\/>\
  <w:LsdException Locked=\\\"false\\\" SemiHidden=\\\"true\\\" UnhideWhenUsed=\\\"true\\\"\
   Name=\\\"Block Text\\\"\\/>\
  <w:LsdException Locked=\\\"false\\\" SemiHidden=\\\"true\\\" UnhideWhenUsed=\\\"true\\\"\
   Name=\\\"Hyperlink\\\"\\/>\
  <w:LsdException Locked=\\\"false\\\" SemiHidden=\\\"true\\\" UnhideWhenUsed=\\\"true\\\"\
   Name=\\\"FollowedHyperlink\\\"\\/>\
  <w:LsdException Locked=\\\"false\\\" Priority=\\\"22\\\" QFormat=\\\"true\\\" Name=\\\"Strong\\\"\\/>\
  <w:LsdException Locked=\\\"false\\\" Priority=\\\"20\\\" QFormat=\\\"true\\\" Name=\\\"Emphasis\\\"\\/>\
  <w:LsdException Locked=\\\"false\\\" SemiHidden=\\\"true\\\" UnhideWhenUsed=\\\"true\\\"\
   Name=\\\"Document Map\\\"\\/>\
  <w:LsdException Locked=\\\"false\\\" SemiHidden=\\\"true\\\" UnhideWhenUsed=\\\"true\\\"\
   Name=\\\"Plain Text\\\"\\/>\
  <w:LsdException Locked=\\\"false\\\" SemiHidden=\\\"true\\\" UnhideWhenUsed=\\\"true\\\"\
   Name=\\\"E-mail Signature\\\"\\/>\
  <w:LsdException Locked=\\\"false\\\" SemiHidden=\\\"true\\\" UnhideWhenUsed=\\\"true\\\"\
   Name=\\\"HTML Top of Form\\\"\\/>\
  <w:LsdException Locked=\\\"false\\\" SemiHidden=\\\"true\\\" UnhideWhenUsed=\\\"true\\\"\
   Name=\\\"HTML Bottom of Form\\\"\\/>\
  <w:LsdException Locked=\\\"false\\\" SemiHidden=\\\"true\\\" UnhideWhenUsed=\\\"true\\\"\
   Name=\\\"Normal (Web)\\\"\\/>\
  <w:LsdException Locked=\\\"false\\\" SemiHidden=\\\"true\\\" UnhideWhenUsed=\\\"true\\\"\
   Name=\\\"HTML Acronym\\\"\\/>\
  <w:LsdException Locked=\\\"false\\\" SemiHidden=\\\"true\\\" UnhideWhenUsed=\\\"true\\\"\
   Name=\\\"HTML Address\\\"\\/>\
  <w:LsdException Locked=\\\"false\\\" SemiHidden=\\\"true\\\" UnhideWhenUsed=\\\"true\\\"\
   Name=\\\"HTML Cite\\\"\\/>\
  <w:LsdException Locked=\\\"false\\\" SemiHidden=\\\"true\\\" UnhideWhenUsed=\\\"true\\\"\
   Name=\\\"HTML Code\\\"\\/>\
  <w:LsdException Locked=\\\"false\\\" SemiHidden=\\\"true\\\" UnhideWhenUsed=\\\"true\\\"\
   Name=\\\"HTML Definition\\\"\\/>\
  <w:LsdException Locked=\\\"false\\\" SemiHidden=\\\"true\\\" UnhideWhenUsed=\\\"true\\\"\
   Name=\\\"HTML Keyboard\\\"\\/>\
  <w:LsdException Locked=\\\"false\\\" SemiHidden=\\\"true\\\" UnhideWhenUsed=\\\"true\\\"\
   Name=\\\"HTML Preformatted\\\"\\/>\
  <w:LsdException Locked=\\\"false\\\" SemiHidden=\\\"true\\\" UnhideWhenUsed=\\\"true\\\"\
   Name=\\\"HTML Sample\\\"\\/>\
  <w:LsdException Locked=\\\"false\\\" SemiHidden=\\\"true\\\" UnhideWhenUsed=\\\"true\\\"\
   Name=\\\"HTML Typewriter\\\"\\/>\
  <w:LsdException Locked=\\\"false\\\" SemiHidden=\\\"true\\\" UnhideWhenUsed=\\\"true\\\"\
   Name=\\\"HTML Variable\\\"\\/>\
  <w:LsdException Locked=\\\"false\\\" SemiHidden=\\\"true\\\" UnhideWhenUsed=\\\"true\\\"\
   Name=\\\"Normal Table\\\"\\/>\
  <w:LsdException Locked=\\\"false\\\" SemiHidden=\\\"true\\\" UnhideWhenUsed=\\\"true\\\"\
   Name=\\\"annotation subject\\\"\\/>\
  <w:LsdException Locked=\\\"false\\\" SemiHidden=\\\"true\\\" UnhideWhenUsed=\\\"true\\\"\
   Name=\\\"No List\\\"\\/>\
  <w:LsdException Locked=\\\"false\\\" SemiHidden=\\\"true\\\" UnhideWhenUsed=\\\"true\\\"\
   Name=\\\"Outline List 1\\\"\\/>\
  <w:LsdException Locked=\\\"false\\\" SemiHidden=\\\"true\\\" UnhideWhenUsed=\\\"true\\\"\
   Name=\\\"Outline List 2\\\"\\/>\
  <w:LsdException Locked=\\\"false\\\" SemiHidden=\\\"true\\\" UnhideWhenUsed=\\\"true\\\"\
   Name=\\\"Outline List 3\\\"\\/>\
  <w:LsdException Locked=\\\"false\\\" SemiHidden=\\\"true\\\" UnhideWhenUsed=\\\"true\\\"\
   Name=\\\"Table Simple 1\\\"\\/>\
  <w:LsdException Locked=\\\"false\\\" SemiHidden=\\\"true\\\" UnhideWhenUsed=\\\"true\\\"\
   Name=\\\"Table Simple 2\\\"\\/>\
  <w:LsdException Locked=\\\"false\\\" SemiHidden=\\\"true\\\" UnhideWhenUsed=\\\"true\\\"\
   Name=\\\"Table Simple 3\\\"\\/>\
  <w:LsdException Locked=\\\"false\\\" SemiHidden=\\\"true\\\" UnhideWhenUsed=\\\"true\\\"\
   Name=\\\"Table Classic 1\\\"\\/>\
  <w:LsdException Locked=\\\"false\\\" SemiHidden=\\\"true\\\" UnhideWhenUsed=\\\"true\\\"\
   Name=\\\"Table Classic 2\\\"\\/>\
  <w:LsdException Locked=\\\"false\\\" SemiHidden=\\\"true\\\" UnhideWhenUsed=\\\"true\\\"\
   Name=\\\"Table Classic 3\\\"\\/>\
  <w:LsdException Locked=\\\"false\\\" SemiHidden=\\\"true\\\" UnhideWhenUsed=\\\"true\\\"\
   Name=\\\"Table Classic 4\\\"\\/>\
  <w:LsdException Locked=\\\"false\\\" SemiHidden=\\\"true\\\" UnhideWhenUsed=\\\"true\\\"\
   Name=\\\"Table Colorful 1\\\"\\/>\
  <w:LsdException Locked=\\\"false\\\" SemiHidden=\\\"true\\\" UnhideWhenUsed=\\\"true\\\"\
   Name=\\\"Table Colorful 2\\\"\\/>\
  <w:LsdException Locked=\\\"false\\\" SemiHidden=\\\"true\\\" UnhideWhenUsed=\\\"true\\\"\
   Name=\\\"Table Colorful 3\\\"\\/>\
  <w:LsdException Locked=\\\"false\\\" SemiHidden=\\\"true\\\" UnhideWhenUsed=\\\"true\\\"\
   Name=\\\"Table Columns 1\\\"\\/>\
  <w:LsdException Locked=\\\"false\\\" SemiHidden=\\\"true\\\" UnhideWhenUsed=\\\"true\\\"\
   Name=\\\"Table Columns 2\\\"\\/>\
  <w:LsdException Locked=\\\"false\\\" SemiHidden=\\\"true\\\" UnhideWhenUsed=\\\"true\\\"\
   Name=\\\"Table Columns 3\\\"\\/>\
  <w:LsdException Locked=\\\"false\\\" SemiHidden=\\\"true\\\" UnhideWhenUsed=\\\"true\\\"\
   Name=\\\"Table Columns 4\\\"\\/>\
  <w:LsdException Locked=\\\"false\\\" SemiHidden=\\\"true\\\" UnhideWhenUsed=\\\"true\\\"\
   Name=\\\"Table Columns 5\\\"\\/>\
  <w:LsdException Locked=\\\"false\\\" SemiHidden=\\\"true\\\" UnhideWhenUsed=\\\"true\\\"\
   Name=\\\"Table Grid 1\\\"\\/>\
  <w:LsdException Locked=\\\"false\\\" SemiHidden=\\\"true\\\" UnhideWhenUsed=\\\"true\\\"\
   Name=\\\"Table Grid 2\\\"\\/>\
  <w:LsdException Locked=\\\"false\\\" SemiHidden=\\\"true\\\" UnhideWhenUsed=\\\"true\\\"\
   Name=\\\"Table Grid 3\\\"\\/>\
  <w:LsdException Locked=\\\"false\\\" SemiHidden=\\\"true\\\" UnhideWhenUsed=\\\"true\\\"\
   Name=\\\"Table Grid 4\\\"\\/>\
  <w:LsdException Locked=\\\"false\\\" SemiHidden=\\\"true\\\" UnhideWhenUsed=\\\"true\\\"\
   Name=\\\"Table Grid 5\\\"\\/>\
  <w:LsdException Locked=\\\"false\\\" SemiHidden=\\\"true\\\" UnhideWhenUsed=\\\"true\\\"\
   Name=\\\"Table Grid 6\\\"\\/>\
  <w:LsdException Locked=\\\"false\\\" SemiHidden=\\\"true\\\" UnhideWhenUsed=\\\"true\\\"\
   Name=\\\"Table Grid 7\\\"\\/>\
  <w:LsdException Locked=\\\"false\\\" SemiHidden=\\\"true\\\" UnhideWhenUsed=\\\"true\\\"\
   Name=\\\"Table Grid 8\\\"\\/>\
  <w:LsdException Locked=\\\"false\\\" SemiHidden=\\\"true\\\" UnhideWhenUsed=\\\"true\\\"\
   Name=\\\"Table List 1\\\"\\/>\
  <w:LsdException Locked=\\\"false\\\" SemiHidden=\\\"true\\\" UnhideWhenUsed=\\\"true\\\"\
   Name=\\\"Table List 2\\\"\\/>\
  <w:LsdException Locked=\\\"false\\\" SemiHidden=\\\"true\\\" UnhideWhenUsed=\\\"true\\\"\
   Name=\\\"Table List 3\\\"\\/>\
  <w:LsdException Locked=\\\"false\\\" SemiHidden=\\\"true\\\" UnhideWhenUsed=\\\"true\\\"\
   Name=\\\"Table List 4\\\"\\/>\
  <w:LsdException Locked=\\\"false\\\" SemiHidden=\\\"true\\\" UnhideWhenUsed=\\\"true\\\"\
   Name=\\\"Table List 5\\\"\\/>\
  <w:LsdException Locked=\\\"false\\\" SemiHidden=\\\"true\\\" UnhideWhenUsed=\\\"true\\\"\
   Name=\\\"Table List 6\\\"\\/>\
  <w:LsdException Locked=\\\"false\\\" SemiHidden=\\\"true\\\" UnhideWhenUsed=\\\"true\\\"\
   Name=\\\"Table List 7\\\"\\/>\
  <w:LsdException Locked=\\\"false\\\" SemiHidden=\\\"true\\\" UnhideWhenUsed=\\\"true\\\"\
   Name=\\\"Table List 8\\\"\\/>\
  <w:LsdException Locked=\\\"false\\\" SemiHidden=\\\"true\\\" UnhideWhenUsed=\\\"true\\\"\
   Name=\\\"Table 3D effects 1\\\"\\/>\
  <w:LsdException Locked=\\\"false\\\" SemiHidden=\\\"true\\\" UnhideWhenUsed=\\\"true\\\"\
   Name=\\\"Table 3D effects 2\\\"\\/>\
  <w:LsdException Locked=\\\"false\\\" SemiHidden=\\\"true\\\" UnhideWhenUsed=\\\"true\\\"\
   Name=\\\"Table 3D effects 3\\\"\\/>\
  <w:LsdException Locked=\\\"false\\\" SemiHidden=\\\"true\\\" UnhideWhenUsed=\\\"true\\\"\
   Name=\\\"Table Contemporary\\\"\\/>\
  <w:LsdException Locked=\\\"false\\\" SemiHidden=\\\"true\\\" UnhideWhenUsed=\\\"true\\\"\
   Name=\\\"Table Elegant\\\"\\/>\
  <w:LsdException Locked=\\\"false\\\" SemiHidden=\\\"true\\\" UnhideWhenUsed=\\\"true\\\"\
   Name=\\\"Table Professional\\\"\\/>\
  <w:LsdException Locked=\\\"false\\\" SemiHidden=\\\"true\\\" UnhideWhenUsed=\\\"true\\\"\
   Name=\\\"Table Subtle 1\\\"\\/>\
  <w:LsdException Locked=\\\"false\\\" SemiHidden=\\\"true\\\" UnhideWhenUsed=\\\"true\\\"\
   Name=\\\"Table Subtle 2\\\"\\/>\
  <w:LsdException Locked=\\\"false\\\" SemiHidden=\\\"true\\\" UnhideWhenUsed=\\\"true\\\"\
   Name=\\\"Table Web 1\\\"\\/>\
  <w:LsdException Locked=\\\"false\\\" SemiHidden=\\\"true\\\" UnhideWhenUsed=\\\"true\\\"\
   Name=\\\"Table Web 2\\\"\\/>\
  <w:LsdException Locked=\\\"false\\\" SemiHidden=\\\"true\\\" UnhideWhenUsed=\\\"true\\\"\
   Name=\\\"Table Web 3\\\"\\/>\
  <w:LsdException Locked=\\\"false\\\" SemiHidden=\\\"true\\\" UnhideWhenUsed=\\\"true\\\"\
   Name=\\\"Balloon Text\\\"\\/>\
  <w:LsdException Locked=\\\"false\\\" Priority=\\\"39\\\" Name=\\\"Table Grid\\\"\\/>\
  <w:LsdException Locked=\\\"false\\\" SemiHidden=\\\"true\\\" UnhideWhenUsed=\\\"true\\\"\
   Name=\\\"Table Theme\\\"\\/>\
  <w:LsdException Locked=\\\"false\\\" SemiHidden=\\\"true\\\" Name=\\\"Placeholder Text\\\"\\/>\
  <w:LsdException Locked=\\\"false\\\" Priority=\\\"1\\\" QFormat=\\\"true\\\" Name=\\\"No Spacing\\\"\\/>\
  <w:LsdException Locked=\\\"false\\\" Priority=\\\"60\\\" Name=\\\"Light Shading\\\"\\/>\
  <w:LsdException Locked=\\\"false\\\" Priority=\\\"61\\\" Name=\\\"Light List\\\"\\/>\
  <w:LsdException Locked=\\\"false\\\" Priority=\\\"62\\\" Name=\\\"Light Grid\\\"\\/>\
  <w:LsdException Locked=\\\"false\\\" Priority=\\\"63\\\" Name=\\\"Medium Shading 1\\\"\\/>\
  <w:LsdException Locked=\\\"false\\\" Priority=\\\"64\\\" Name=\\\"Medium Shading 2\\\"\\/>\
  <w:LsdException Locked=\\\"false\\\" Priority=\\\"65\\\" Name=\\\"Medium List 1\\\"\\/>\
  <w:LsdException Locked=\\\"false\\\" Priority=\\\"66\\\" Name=\\\"Medium List 2\\\"\\/>\
  <w:LsdException Locked=\\\"false\\\" Priority=\\\"67\\\" Name=\\\"Medium Grid 1\\\"\\/>\
  <w:LsdException Locked=\\\"false\\\" Priority=\\\"68\\\" Name=\\\"Medium Grid 2\\\"\\/>\
  <w:LsdException Locked=\\\"false\\\" Priority=\\\"69\\\" Name=\\\"Medium Grid 3\\\"\\/>\
  <w:LsdException Locked=\\\"false\\\" Priority=\\\"70\\\" Name=\\\"Dark List\\\"\\/>\
  <w:LsdException Locked=\\\"false\\\" Priority=\\\"71\\\" Name=\\\"Colorful Shading\\\"\\/>\
  <w:LsdException Locked=\\\"false\\\" Priority=\\\"72\\\" Name=\\\"Colorful List\\\"\\/>\
  <w:LsdException Locked=\\\"false\\\" Priority=\\\"73\\\" Name=\\\"Colorful Grid\\\"\\/>\
  <w:LsdException Locked=\\\"false\\\" Priority=\\\"60\\\" Name=\\\"Light Shading Accent 1\\\"\\/>\
  <w:LsdException Locked=\\\"false\\\" Priority=\\\"61\\\" Name=\\\"Light List Accent 1\\\"\\/>\
  <w:LsdException Locked=\\\"false\\\" Priority=\\\"62\\\" Name=\\\"Light Grid Accent 1\\\"\\/>\
  <w:LsdException Locked=\\\"false\\\" Priority=\\\"63\\\" Name=\\\"Medium Shading 1 Accent 1\\\"\\/>\
  <w:LsdException Locked=\\\"false\\\" Priority=\\\"64\\\" Name=\\\"Medium Shading 2 Accent 1\\\"\\/>\
  <w:LsdException Locked=\\\"false\\\" Priority=\\\"65\\\" Name=\\\"Medium List 1 Accent 1\\\"\\/>\
  <w:LsdException Locked=\\\"false\\\" SemiHidden=\\\"true\\\" Name=\\\"Revision\\\"\\/>\
  <w:LsdException Locked=\\\"false\\\" Priority=\\\"34\\\" QFormat=\\\"true\\\"\
   Name=\\\"List Paragraph\\\"\\/>\
  <w:LsdException Locked=\\\"false\\\" Priority=\\\"29\\\" QFormat=\\\"true\\\" Name=\\\"Quote\\\"\\/>\
  <w:LsdException Locked=\\\"false\\\" Priority=\\\"30\\\" QFormat=\\\"true\\\"\
   Name=\\\"Intense Quote\\\"\\/>\
  <w:LsdException Locked=\\\"false\\\" Priority=\\\"66\\\" Name=\\\"Medium List 2 Accent 1\\\"\\/>\
  <w:LsdException Locked=\\\"false\\\" Priority=\\\"67\\\" Name=\\\"Medium Grid 1 Accent 1\\\"\\/>\
  <w:LsdException Locked=\\\"false\\\" Priority=\\\"68\\\" Name=\\\"Medium Grid 2 Accent 1\\\"\\/>\
  <w:LsdException Locked=\\\"false\\\" Priority=\\\"69\\\" Name=\\\"Medium Grid 3 Accent 1\\\"\\/>\
  <w:LsdException Locked=\\\"false\\\" Priority=\\\"70\\\" Name=\\\"Dark List Accent 1\\\"\\/>\
  <w:LsdException Locked=\\\"false\\\" Priority=\\\"71\\\" Name=\\\"Colorful Shading Accent 1\\\"\\/>\
  <w:LsdException Locked=\\\"false\\\" Priority=\\\"72\\\" Name=\\\"Colorful List Accent 1\\\"\\/>\
  <w:LsdException Locked=\\\"false\\\" Priority=\\\"73\\\" Name=\\\"Colorful Grid Accent 1\\\"\\/>\
  <w:LsdException Locked=\\\"false\\\" Priority=\\\"60\\\" Name=\\\"Light Shading Accent 2\\\"\\/>\
  <w:LsdException Locked=\\\"false\\\" Priority=\\\"61\\\" Name=\\\"Light List Accent 2\\\"\\/>\
  <w:LsdException Locked=\\\"false\\\" Priority=\\\"62\\\" Name=\\\"Light Grid Accent 2\\\"\\/>\
  <w:LsdException Locked=\\\"false\\\" Priority=\\\"63\\\" Name=\\\"Medium Shading 1 Accent 2\\\"\\/>\
  <w:LsdException Locked=\\\"false\\\" Priority=\\\"64\\\" Name=\\\"Medium Shading 2 Accent 2\\\"\\/>\
  <w:LsdException Locked=\\\"false\\\" Priority=\\\"65\\\" Name=\\\"Medium List 1 Accent 2\\\"\\/>\
  <w:LsdException Locked=\\\"false\\\" Priority=\\\"66\\\" Name=\\\"Medium List 2 Accent 2\\\"\\/>\
  <w:LsdException Locked=\\\"false\\\" Priority=\\\"67\\\" Name=\\\"Medium Grid 1 Accent 2\\\"\\/>\
  <w:LsdException Locked=\\\"false\\\" Priority=\\\"68\\\" Name=\\\"Medium Grid 2 Accent 2\\\"\\/>\
  <w:LsdException Locked=\\\"false\\\" Priority=\\\"69\\\" Name=\\\"Medium Grid 3 Accent 2\\\"\\/>\
  <w:LsdException Locked=\\\"false\\\" Priority=\\\"70\\\" Name=\\\"Dark List Accent 2\\\"\\/>\
  <w:LsdException Locked=\\\"false\\\" Priority=\\\"71\\\" Name=\\\"Colorful Shading Accent 2\\\"\\/>\
  <w:LsdException Locked=\\\"false\\\" Priority=\\\"72\\\" Name=\\\"Colorful List Accent 2\\\"\\/>\
  <w:LsdException Locked=\\\"false\\\" Priority=\\\"73\\\" Name=\\\"Colorful Grid Accent 2\\\"\\/>\
  <w:LsdException Locked=\\\"false\\\" Priority=\\\"60\\\" Name=\\\"Light Shading Accent 3\\\"\\/>\
  <w:LsdException Locked=\\\"false\\\" Priority=\\\"61\\\" Name=\\\"Light List Accent 3\\\"\\/>\
  <w:LsdException Locked=\\\"false\\\" Priority=\\\"62\\\" Name=\\\"Light Grid Accent 3\\\"\\/>\
  <w:LsdException Locked=\\\"false\\\" Priority=\\\"63\\\" Name=\\\"Medium Shading 1 Accent 3\\\"\\/>\
  <w:LsdException Locked=\\\"false\\\" Priority=\\\"64\\\" Name=\\\"Medium Shading 2 Accent 3\\\"\\/>\
  <w:LsdException Locked=\\\"false\\\" Priority=\\\"65\\\" Name=\\\"Medium List 1 Accent 3\\\"\\/>\
  <w:LsdException Locked=\\\"false\\\" Priority=\\\"66\\\" Name=\\\"Medium List 2 Accent 3\\\"\\/>\
  <w:LsdException Locked=\\\"false\\\" Priority=\\\"67\\\" Name=\\\"Medium Grid 1 Accent 3\\\"\\/>\
  <w:LsdException Locked=\\\"false\\\" Priority=\\\"68\\\" Name=\\\"Medium Grid 2 Accent 3\\\"\\/>\
  <w:LsdException Locked=\\\"false\\\" Priority=\\\"69\\\" Name=\\\"Medium Grid 3 Accent 3\\\"\\/>\
  <w:LsdException Locked=\\\"false\\\" Priority=\\\"70\\\" Name=\\\"Dark List Accent 3\\\"\\/>\
  <w:LsdException Locked=\\\"false\\\" Priority=\\\"71\\\" Name=\\\"Colorful Shading Accent 3\\\"\\/>\
  <w:LsdException Locked=\\\"false\\\" Priority=\\\"72\\\" Name=\\\"Colorful List Accent 3\\\"\\/>\
  <w:LsdException Locked=\\\"false\\\" Priority=\\\"73\\\" Name=\\\"Colorful Grid Accent 3\\\"\\/>\
  <w:LsdException Locked=\\\"false\\\" Priority=\\\"60\\\" Name=\\\"Light Shading Accent 4\\\"\\/>\
  <w:LsdException Locked=\\\"false\\\" Priority=\\\"61\\\" Name=\\\"Light List Accent 4\\\"\\/>\
  <w:LsdException Locked=\\\"false\\\" Priority=\\\"62\\\" Name=\\\"Light Grid Accent 4\\\"\\/>\
  <w:LsdException Locked=\\\"false\\\" Priority=\\\"63\\\" Name=\\\"Medium Shading 1 Accent 4\\\"\\/>\
  <w:LsdException Locked=\\\"false\\\" Priority=\\\"64\\\" Name=\\\"Medium Shading 2 Accent 4\\\"\\/>\
  <w:LsdException Locked=\\\"false\\\" Priority=\\\"65\\\" Name=\\\"Medium List 1 Accent 4\\\"\\/>\
  <w:LsdException Locked=\\\"false\\\" Priority=\\\"66\\\" Name=\\\"Medium List 2 Accent 4\\\"\\/>\
  <w:LsdException Locked=\\\"false\\\" Priority=\\\"67\\\" Name=\\\"Medium Grid 1 Accent 4\\\"\\/>\
  <w:LsdException Locked=\\\"false\\\" Priority=\\\"68\\\" Name=\\\"Medium Grid 2 Accent 4\\\"\\/>\
  <w:LsdException Locked=\\\"false\\\" Priority=\\\"69\\\" Name=\\\"Medium Grid 3 Accent 4\\\"\\/>\
  <w:LsdException Locked=\\\"false\\\" Priority=\\\"70\\\" Name=\\\"Dark List Accent 4\\\"\\/>\
  <w:LsdException Locked=\\\"false\\\" Priority=\\\"71\\\" Name=\\\"Colorful Shading Accent 4\\\"\\/>\
  <w:LsdException Locked=\\\"false\\\" Priority=\\\"72\\\" Name=\\\"Colorful List Accent 4\\\"\\/>\
  <w:LsdException Locked=\\\"false\\\" Priority=\\\"73\\\" Name=\\\"Colorful Grid Accent 4\\\"\\/>\
  <w:LsdException Locked=\\\"false\\\" Priority=\\\"60\\\" Name=\\\"Light Shading Accent 5\\\"\\/>\
  <w:LsdException Locked=\\\"false\\\" Priority=\\\"61\\\" Name=\\\"Light List Accent 5\\\"\\/>\
  <w:LsdException Locked=\\\"false\\\" Priority=\\\"62\\\" Name=\\\"Light Grid Accent 5\\\"\\/>\
  <w:LsdException Locked=\\\"false\\\" Priority=\\\"63\\\" Name=\\\"Medium Shading 1 Accent 5\\\"\\/>\
  <w:LsdException Locked=\\\"false\\\" Priority=\\\"64\\\" Name=\\\"Medium Shading 2 Accent 5\\\"\\/>\
  <w:LsdException Locked=\\\"false\\\" Priority=\\\"65\\\" Name=\\\"Medium List 1 Accent 5\\\"\\/>\
  <w:LsdException Locked=\\\"false\\\" Priority=\\\"66\\\" Name=\\\"Medium List 2 Accent 5\\\"\\/>\
  <w:LsdException Locked=\\\"false\\\" Priority=\\\"67\\\" Name=\\\"Medium Grid 1 Accent 5\\\"\\/>\
  <w:LsdException Locked=\\\"false\\\" Priority=\\\"68\\\" Name=\\\"Medium Grid 2 Accent 5\\\"\\/>\
  <w:LsdException Locked=\\\"false\\\" Priority=\\\"69\\\" Name=\\\"Medium Grid 3 Accent 5\\\"\\/>\
  <w:LsdException Locked=\\\"false\\\" Priority=\\\"70\\\" Name=\\\"Dark List Accent 5\\\"\\/>\
  <w:LsdException Locked=\\\"false\\\" Priority=\\\"71\\\" Name=\\\"Colorful Shading Accent 5\\\"\\/>\
  <w:LsdException Locked=\\\"false\\\" Priority=\\\"72\\\" Name=\\\"Colorful List Accent 5\\\"\\/>\
  <w:LsdException Locked=\\\"false\\\" Priority=\\\"73\\\" Name=\\\"Colorful Grid Accent 5\\\"\\/>\
  <w:LsdException Locked=\\\"false\\\" Priority=\\\"60\\\" Name=\\\"Light Shading Accent 6\\\"\\/>\
  <w:LsdException Locked=\\\"false\\\" Priority=\\\"61\\\" Name=\\\"Light List Accent 6\\\"\\/>\
  <w:LsdException Locked=\\\"false\\\" Priority=\\\"62\\\" Name=\\\"Light Grid Accent 6\\\"\\/>\
  <w:LsdException Locked=\\\"false\\\" Priority=\\\"63\\\" Name=\\\"Medium Shading 1 Accent 6\\\"\\/>\
  <w:LsdException Locked=\\\"false\\\" Priority=\\\"64\\\" Name=\\\"Medium Shading 2 Accent 6\\\"\\/>\
  <w:LsdException Locked=\\\"false\\\" Priority=\\\"65\\\" Name=\\\"Medium List 1 Accent 6\\\"\\/>\
  <w:LsdException Locked=\\\"false\\\" Priority=\\\"66\\\" Name=\\\"Medium List 2 Accent 6\\\"\\/>\
  <w:LsdException Locked=\\\"false\\\" Priority=\\\"67\\\" Name=\\\"Medium Grid 1 Accent 6\\\"\\/>\
  <w:LsdException Locked=\\\"false\\\" Priority=\\\"68\\\" Name=\\\"Medium Grid 2 Accent 6\\\"\\/>\
  <w:LsdException Locked=\\\"false\\\" Priority=\\\"69\\\" Name=\\\"Medium Grid 3 Accent 6\\\"\\/>\
  <w:LsdException Locked=\\\"false\\\" Priority=\\\"70\\\" Name=\\\"Dark List Accent 6\\\"\\/>\
  <w:LsdException Locked=\\\"false\\\" Priority=\\\"71\\\" Name=\\\"Colorful Shading Accent 6\\\"\\/>\
  <w:LsdException Locked=\\\"false\\\" Priority=\\\"72\\\" Name=\\\"Colorful List Accent 6\\\"\\/>\
  <w:LsdException Locked=\\\"false\\\" Priority=\\\"73\\\" Name=\\\"Colorful Grid Accent 6\\\"\\/>\
  <w:LsdException Locked=\\\"false\\\" Priority=\\\"19\\\" QFormat=\\\"true\\\"\
   Name=\\\"Subtle Emphasis\\\"\\/>\
  <w:LsdException Locked=\\\"false\\\" Priority=\\\"21\\\" QFormat=\\\"true\\\"\
   Name=\\\"Intense Emphasis\\\"\\/>\
  <w:LsdException Locked=\\\"false\\\" Priority=\\\"31\\\" QFormat=\\\"true\\\"\
   Name=\\\"Subtle Reference\\\"\\/>\
  <w:LsdException Locked=\\\"false\\\" Priority=\\\"32\\\" QFormat=\\\"true\\\"\
   Name=\\\"Intense Reference\\\"\\/>\
  <w:LsdException Locked=\\\"false\\\" Priority=\\\"33\\\" QFormat=\\\"true\\\" Name=\\\"Book Title\\\"\\/>\
  <w:LsdException Locked=\\\"false\\\" Priority=\\\"37\\\" SemiHidden=\\\"true\\\"\
   UnhideWhenUsed=\\\"true\\\" Name=\\\"Bibliography\\\"\\/>\
  <w:LsdException Locked=\\\"false\\\" Priority=\\\"39\\\" SemiHidden=\\\"true\\\"\
   UnhideWhenUsed=\\\"true\\\" QFormat=\\\"true\\\" Name=\\\"TOC Heading\\\"\\/>\
  <w:LsdException Locked=\\\"false\\\" Priority=\\\"41\\\" Name=\\\"Plain Table 1\\\"\\/>\
  <w:LsdException Locked=\\\"false\\\" Priority=\\\"42\\\" Name=\\\"Plain Table 2\\\"\\/>\
  <w:LsdException Locked=\\\"false\\\" Priority=\\\"43\\\" Name=\\\"Plain Table 3\\\"\\/>\
  <w:LsdException Locked=\\\"false\\\" Priority=\\\"44\\\" Name=\\\"Plain Table 4\\\"\\/>\
  <w:LsdException Locked=\\\"false\\\" Priority=\\\"45\\\" Name=\\\"Plain Table 5\\\"\\/>\
  <w:LsdException Locked=\\\"false\\\" Priority=\\\"40\\\" Name=\\\"Grid Table Light\\\"\\/>\
  <w:LsdException Locked=\\\"false\\\" Priority=\\\"46\\\" Name=\\\"Grid Table 1 Light\\\"\\/>\
  <w:LsdException Locked=\\\"false\\\" Priority=\\\"47\\\" Name=\\\"Grid Table 2\\\"\\/>\
  <w:LsdException Locked=\\\"false\\\" Priority=\\\"48\\\" Name=\\\"Grid Table 3\\\"\\/>\
  <w:LsdException Locked=\\\"false\\\" Priority=\\\"49\\\" Name=\\\"Grid Table 4\\\"\\/>\
  <w:LsdException Locked=\\\"false\\\" Priority=\\\"50\\\" Name=\\\"Grid Table 5 Dark\\\"\\/>\
  <w:LsdException Locked=\\\"false\\\" Priority=\\\"51\\\" Name=\\\"Grid Table 6 Colorful\\\"\\/>\
  <w:LsdException Locked=\\\"false\\\" Priority=\\\"52\\\" Name=\\\"Grid Table 7 Colorful\\\"\\/>\
  <w:LsdException Locked=\\\"false\\\" Priority=\\\"46\\\"\
   Name=\\\"Grid Table 1 Light Accent 1\\\"\\/>\
  <w:LsdException Locked=\\\"false\\\" Priority=\\\"47\\\" Name=\\\"Grid Table 2 Accent 1\\\"\\/>\
  <w:LsdException Locked=\\\"false\\\" Priority=\\\"48\\\" Name=\\\"Grid Table 3 Accent 1\\\"\\/>\
  <w:LsdException Locked=\\\"false\\\" Priority=\\\"49\\\" Name=\\\"Grid Table 4 Accent 1\\\"\\/>\
  <w:LsdException Locked=\\\"false\\\" Priority=\\\"50\\\" Name=\\\"Grid Table 5 Dark Accent 1\\\"\\/>\
  <w:LsdException Locked=\\\"false\\\" Priority=\\\"51\\\"\
   Name=\\\"Grid Table 6 Colorful Accent 1\\\"\\/>\
  <w:LsdException Locked=\\\"false\\\" Priority=\\\"52\\\"\
   Name=\\\"Grid Table 7 Colorful Accent 1\\\"\\/>\
  <w:LsdException Locked=\\\"false\\\" Priority=\\\"46\\\"\
   Name=\\\"Grid Table 1 Light Accent 2\\\"\\/>\
  <w:LsdException Locked=\\\"false\\\" Priority=\\\"47\\\" Name=\\\"Grid Table 2 Accent 2\\\"\\/>\
  <w:LsdException Locked=\\\"false\\\" Priority=\\\"48\\\" Name=\\\"Grid Table 3 Accent 2\\\"\\/>\
  <w:LsdException Locked=\\\"false\\\" Priority=\\\"49\\\" Name=\\\"Grid Table 4 Accent 2\\\"\\/>\
  <w:LsdException Locked=\\\"false\\\" Priority=\\\"50\\\" Name=\\\"Grid Table 5 Dark Accent 2\\\"\\/>\
  <w:LsdException Locked=\\\"false\\\" Priority=\\\"51\\\"\
   Name=\\\"Grid Table 6 Colorful Accent 2\\\"\\/>\
  <w:LsdException Locked=\\\"false\\\" Priority=\\\"52\\\"\
   Name=\\\"Grid Table 7 Colorful Accent 2\\\"\\/>\
  <w:LsdException Locked=\\\"false\\\" Priority=\\\"46\\\"\
   Name=\\\"Grid Table 1 Light Accent 3\\\"\\/>\
  <w:LsdException Locked=\\\"false\\\" Priority=\\\"47\\\" Name=\\\"Grid Table 2 Accent 3\\\"\\/>\
  <w:LsdException Locked=\\\"false\\\" Priority=\\\"48\\\" Name=\\\"Grid Table 3 Accent 3\\\"\\/>\
  <w:LsdException Locked=\\\"false\\\" Priority=\\\"49\\\" Name=\\\"Grid Table 4 Accent 3\\\"\\/>\
  <w:LsdException Locked=\\\"false\\\" Priority=\\\"50\\\" Name=\\\"Grid Table 5 Dark Accent 3\\\"\\/>\
  <w:LsdException Locked=\\\"false\\\" Priority=\\\"51\\\"\
   Name=\\\"Grid Table 6 Colorful Accent 3\\\"\\/>\
  <w:LsdException Locked=\\\"false\\\" Priority=\\\"52\\\"\
   Name=\\\"Grid Table 7 Colorful Accent 3\\\"\\/>\
  <w:LsdException Locked=\\\"false\\\" Priority=\\\"46\\\"\
   Name=\\\"Grid Table 1 Light Accent 4\\\"\\/>\
  <w:LsdException Locked=\\\"false\\\" Priority=\\\"47\\\" Name=\\\"Grid Table 2 Accent 4\\\"\\/>\
  <w:LsdException Locked=\\\"false\\\" Priority=\\\"48\\\" Name=\\\"Grid Table 3 Accent 4\\\"\\/>\
  <w:LsdException Locked=\\\"false\\\" Priority=\\\"49\\\" Name=\\\"Grid Table 4 Accent 4\\\"\\/>\
  <w:LsdException Locked=\\\"false\\\" Priority=\\\"50\\\" Name=\\\"Grid Table 5 Dark Accent 4\\\"\\/>\
  <w:LsdException Locked=\\\"false\\\" Priority=\\\"51\\\"\
   Name=\\\"Grid Table 6 Colorful Accent 4\\\"\\/>\
  <w:LsdException Locked=\\\"false\\\" Priority=\\\"52\\\"\
   Name=\\\"Grid Table 7 Colorful Accent 4\\\"\\/>\
  <w:LsdException Locked=\\\"false\\\" Priority=\\\"46\\\"\
   Name=\\\"Grid Table 1 Light Accent 5\\\"\\/>\
  <w:LsdException Locked=\\\"false\\\" Priority=\\\"47\\\" Name=\\\"Grid Table 2 Accent 5\\\"\\/>\
  <w:LsdException Locked=\\\"false\\\" Priority=\\\"48\\\" Name=\\\"Grid Table 3 Accent 5\\\"\\/>\
  <w:LsdException Locked=\\\"false\\\" Priority=\\\"49\\\" Name=\\\"Grid Table 4 Accent 5\\\"\\/>\
  <w:LsdException Locked=\\\"false\\\" Priority=\\\"50\\\" Name=\\\"Grid Table 5 Dark Accent 5\\\"\\/>\
  <w:LsdException Locked=\\\"false\\\" Priority=\\\"51\\\"\
   Name=\\\"Grid Table 6 Colorful Accent 5\\\"\\/>\
  <w:LsdException Locked=\\\"false\\\" Priority=\\\"52\\\"\
   Name=\\\"Grid Table 7 Colorful Accent 5\\\"\\/>\
  <w:LsdException Locked=\\\"false\\\" Priority=\\\"46\\\"\
   Name=\\\"Grid Table 1 Light Accent 6\\\"\\/>\
  <w:LsdException Locked=\\\"false\\\" Priority=\\\"47\\\" Name=\\\"Grid Table 2 Accent 6\\\"\\/>\
  <w:LsdException Locked=\\\"false\\\" Priority=\\\"48\\\" Name=\\\"Grid Table 3 Accent 6\\\"\\/>\
  <w:LsdException Locked=\\\"false\\\" Priority=\\\"49\\\" Name=\\\"Grid Table 4 Accent 6\\\"\\/>\
  <w:LsdException Locked=\\\"false\\\" Priority=\\\"50\\\" Name=\\\"Grid Table 5 Dark Accent 6\\\"\\/>\
  <w:LsdException Locked=\\\"false\\\" Priority=\\\"51\\\"\
   Name=\\\"Grid Table 6 Colorful Accent 6\\\"\\/>\
  <w:LsdException Locked=\\\"false\\\" Priority=\\\"52\\\"\
   Name=\\\"Grid Table 7 Colorful Accent 6\\\"\\/>\
  <w:LsdException Locked=\\\"false\\\" Priority=\\\"46\\\" Name=\\\"List Table 1 Light\\\"\\/>\
  <w:LsdException Locked=\\\"false\\\" Priority=\\\"47\\\" Name=\\\"List Table 2\\\"\\/>\
  <w:LsdException Locked=\\\"false\\\" Priority=\\\"48\\\" Name=\\\"List Table 3\\\"\\/>\
  <w:LsdException Locked=\\\"false\\\" Priority=\\\"49\\\" Name=\\\"List Table 4\\\"\\/>\
  <w:LsdException Locked=\\\"false\\\" Priority=\\\"50\\\" Name=\\\"List Table 5 Dark\\\"\\/>\
  <w:LsdException Locked=\\\"false\\\" Priority=\\\"51\\\" Name=\\\"List Table 6 Colorful\\\"\\/>\
  <w:LsdException Locked=\\\"false\\\" Priority=\\\"52\\\" Name=\\\"List Table 7 Colorful\\\"\\/>\
  <w:LsdException Locked=\\\"false\\\" Priority=\\\"46\\\"\
   Name=\\\"List Table 1 Light Accent 1\\\"\\/>\
  <w:LsdException Locked=\\\"false\\\" Priority=\\\"47\\\" Name=\\\"List Table 2 Accent 1\\\"\\/>\
  <w:LsdException Locked=\\\"false\\\" Priority=\\\"48\\\" Name=\\\"List Table 3 Accent 1\\\"\\/>\
  <w:LsdException Locked=\\\"false\\\" Priority=\\\"49\\\" Name=\\\"List Table 4 Accent 1\\\"\\/>\
  <w:LsdException Locked=\\\"false\\\" Priority=\\\"50\\\" Name=\\\"List Table 5 Dark Accent 1\\\"\\/>\
  <w:LsdException Locked=\\\"false\\\" Priority=\\\"51\\\"\
   Name=\\\"List Table 6 Colorful Accent 1\\\"\\/>\
  <w:LsdException Locked=\\\"false\\\" Priority=\\\"52\\\"\
   Name=\\\"List Table 7 Colorful Accent 1\\\"\\/>\
  <w:LsdException Locked=\\\"false\\\" Priority=\\\"46\\\"\
   Name=\\\"List Table 1 Light Accent 2\\\"\\/>\
  <w:LsdException Locked=\\\"false\\\" Priority=\\\"47\\\" Name=\\\"List Table 2 Accent 2\\\"\\/>\
  <w:LsdException Locked=\\\"false\\\" Priority=\\\"48\\\" Name=\\\"List Table 3 Accent 2\\\"\\/>\
  <w:LsdException Locked=\\\"false\\\" Priority=\\\"49\\\" Name=\\\"List Table 4 Accent 2\\\"\\/>\
  <w:LsdException Locked=\\\"false\\\" Priority=\\\"50\\\" Name=\\\"List Table 5 Dark Accent 2\\\"\\/>\
  <w:LsdException Locked=\\\"false\\\" Priority=\\\"51\\\"\
   Name=\\\"List Table 6 Colorful Accent 2\\\"\\/>\
  <w:LsdException Locked=\\\"false\\\" Priority=\\\"52\\\"\
   Name=\\\"List Table 7 Colorful Accent 2\\\"\\/>\
  <w:LsdException Locked=\\\"false\\\" Priority=\\\"46\\\"\
   Name=\\\"List Table 1 Light Accent 3\\\"\\/>\
  <w:LsdException Locked=\\\"false\\\" Priority=\\\"47\\\" Name=\\\"List Table 2 Accent 3\\\"\\/>\
  <w:LsdException Locked=\\\"false\\\" Priority=\\\"48\\\" Name=\\\"List Table 3 Accent 3\\\"\\/>\
  <w:LsdException Locked=\\\"false\\\" Priority=\\\"49\\\" Name=\\\"List Table 4 Accent 3\\\"\\/>\
  <w:LsdException Locked=\\\"false\\\" Priority=\\\"50\\\" Name=\\\"List Table 5 Dark Accent 3\\\"\\/>\
  <w:LsdException Locked=\\\"false\\\" Priority=\\\"51\\\"\
   Name=\\\"List Table 6 Colorful Accent 3\\\"\\/>\
  <w:LsdException Locked=\\\"false\\\" Priority=\\\"52\\\"\
   Name=\\\"List Table 7 Colorful Accent 3\\\"\\/>\
  <w:LsdException Locked=\\\"false\\\" Priority=\\\"46\\\"\
   Name=\\\"List Table 1 Light Accent 4\\\"\\/>\
  <w:LsdException Locked=\\\"false\\\" Priority=\\\"47\\\" Name=\\\"List Table 2 Accent 4\\\"\\/>\
  <w:LsdException Locked=\\\"false\\\" Priority=\\\"48\\\" Name=\\\"List Table 3 Accent 4\\\"\\/>\
  <w:LsdException Locked=\\\"false\\\" Priority=\\\"49\\\" Name=\\\"List Table 4 Accent 4\\\"\\/>\
  <w:LsdException Locked=\\\"false\\\" Priority=\\\"50\\\" Name=\\\"List Table 5 Dark Accent 4\\\"\\/>\
  <w:LsdException Locked=\\\"false\\\" Priority=\\\"51\\\"\
   Name=\\\"List Table 6 Colorful Accent 4\\\"\\/>\
  <w:LsdException Locked=\\\"false\\\" Priority=\\\"52\\\"\
   Name=\\\"List Table 7 Colorful Accent 4\\\"\\/>\
  <w:LsdException Locked=\\\"false\\\" Priority=\\\"46\\\"\
   Name=\\\"List Table 1 Light Accent 5\\\"\\/>\
  <w:LsdException Locked=\\\"false\\\" Priority=\\\"47\\\" Name=\\\"List Table 2 Accent 5\\\"\\/>\
  <w:LsdException Locked=\\\"false\\\" Priority=\\\"48\\\" Name=\\\"List Table 3 Accent 5\\\"\\/>\
  <w:LsdException Locked=\\\"false\\\" Priority=\\\"49\\\" Name=\\\"List Table 4 Accent 5\\\"\\/>\
  <w:LsdException Locked=\\\"false\\\" Priority=\\\"50\\\" Name=\\\"List Table 5 Dark Accent 5\\\"\\/>\
  <w:LsdException Locked=\\\"false\\\" Priority=\\\"51\\\"\
   Name=\\\"List Table 6 Colorful Accent 5\\\"\\/>\
  <w:LsdException Locked=\\\"false\\\" Priority=\\\"52\\\"\
   Name=\\\"List Table 7 Colorful Accent 5\\\"\\/>\
  <w:LsdException Locked=\\\"false\\\" Priority=\\\"46\\\"\
   Name=\\\"List Table 1 Light Accent 6\\\"\\/>\
  <w:LsdException Locked=\\\"false\\\" Priority=\\\"47\\\" Name=\\\"List Table 2 Accent 6\\\"\\/>\
  <w:LsdException Locked=\\\"false\\\" Priority=\\\"48\\\" Name=\\\"List Table 3 Accent 6\\\"\\/>\
  <w:LsdException Locked=\\\"false\\\" Priority=\\\"49\\\" Name=\\\"List Table 4 Accent 6\\\"\\/>\
  <w:LsdException Locked=\\\"false\\\" Priority=\\\"50\\\" Name=\\\"List Table 5 Dark Accent 6\\\"\\/>\
  <w:LsdException Locked=\\\"false\\\" Priority=\\\"51\\\"\
   Name=\\\"List Table 6 Colorful Accent 6\\\"\\/>\
  <w:LsdException Locked=\\\"false\\\" Priority=\\\"52\\\"\
   Name=\\\"List Table 7 Colorful Accent 6\\\"\\/>\
  <w:LsdException Locked=\\\"false\\\" SemiHidden=\\\"true\\\" UnhideWhenUsed=\\\"true\\\"\
   Name=\\\"Mention\\\"\\/>\
  <w:LsdException Locked=\\\"false\\\" SemiHidden=\\\"true\\\" UnhideWhenUsed=\\\"true\\\"\
   Name=\\\"Smart Hyperlink\\\"\\/>\
  <w:LsdException Locked=\\\"false\\\" SemiHidden=\\\"true\\\" UnhideWhenUsed=\\\"true\\\"\
   Name=\\\"Hashtag\\\"\\/>\
  <w:LsdException Locked=\\\"false\\\" SemiHidden=\\\"true\\\" UnhideWhenUsed=\\\"true\\\"\
   Name=\\\"Unresolved Mention\\\"\\/>\
 <\\/w:LatentStyles>\
<\\/xml><![endif]--> <!-- [if gte mso 10]>\
<style>\
 \\/* Style Definitions *\\/\
 table.MsoNormalTable\
\\t{mso-style-name:\\\"Normale Tabelle\\\";\
\\tmso-tstyle-rowband-size:0;\
\\tmso-tstyle-colband-size:0;\
\\tmso-style-noshow:yes;\
\\tmso-style-priority:99;\
\\tmso-style-parent:\\\"\\\";\
\\tmso-padding-alt:0cm 5.4pt 0cm 5.4pt;\
\\tmso-para-margin:0cm;\
\\tmso-para-margin-bottom:.0001pt;\
\\tmso-pagination:widow-orphan;\
\\tfont-size:12.0pt;\
\\tfont-family:\\\"Calibri\\\",sans-serif;\
\\tmso-ascii-font-family:Calibri;\
\\tmso-ascii-theme-font:minor-latin;\
\\tmso-hansi-font-family:Calibri;\
\\tmso-hansi-theme-font:minor-latin;\
\\tmso-bidi-font-family:\\\"Times New Roman\\\";\
\\tmso-bidi-theme-font:minor-bidi;\
\\tmso-ansi-language:DE;\
\\tmso-fareast-language:EN-US;}\
<\\/style>\
<![endif]--> <!--StartFragment--> <!--EndFragment--><\\/p>\
<p class=\\\"MsoNormal\\\"><span lang=\\\"DE\\\">Die Wohnh&auml;user des Winterthurer Architekten Peter Kunz k&ouml;nnen als in sich ruhende Mikrokosmen des Wohnens betrachtet werden. Innen- und Aussenraumzonen sind in sich verwoben und situativ durch gezielte &Ouml;ffnungen mit der weiteren Umgebung verbunden.&nbsp;<br \\/>Herausgeber: Heinz Wirz<\\/span><\\/p>\"}, `url` = http://www.quart.ch/anthologie-de.php?nID=53, `books`.`updated_at` = 2019-12-02 16:44:40 where `id` = 6) at /home/archit10/www/strut.ch/vendor/laravel/framework/src/Illuminate/Database/Connection.php:664, PDOException(code: 22001): SQLSTATE[22001]: String data, right truncated: 1406 Data too long for column 'info' at row 1 at /home/archit10/www/strut.ch/vendor/laravel/framework/src/Illuminate/Database/Connection.php:483)
[stacktrace]
#0 /home/archit10/www/strut.ch/vendor/laravel/framework/src/Illuminate/Database/Connection.php(624): Illuminate\\Database\\Connection->runQueryCallback('update `books` ...', Array, Object(Closure))
#1 /home/archit10/www/strut.ch/vendor/laravel/framework/src/Illuminate/Database/Connection.php(490): Illuminate\\Database\\Connection->run('update `books` ...', Array, Object(Closure))
#2 /home/archit10/www/strut.ch/vendor/laravel/framework/src/Illuminate/Database/Connection.php(423): Illuminate\\Database\\Connection->affectingStatement('update `books` ...', Array)
#3 /home/archit10/www/strut.ch/vendor/laravel/framework/src/Illuminate/Database/Query/Builder.php(2721): Illuminate\\Database\\Connection->update('update `books` ...', Array)
#4 /home/archit10/www/strut.ch/vendor/laravel/framework/src/Illuminate/Database/Eloquent/Builder.php(820): Illuminate\\Database\\Query\\Builder->update(Array)
#5 /home/archit10/www/strut.ch/vendor/laravel/framework/src/Illuminate/Database/Eloquent/Model.php(745): Illuminate\\Database\\Eloquent\\Builder->update(Array)
#6 /home/archit10/www/strut.ch/vendor/laravel/framework/src/Illuminate/Database/Eloquent/Model.php(660): Illuminate\\Database\\Eloquent\\Model->performUpdate(Object(Illuminate\\Database\\Eloquent\\Builder))
#7 /home/archit10/www/strut.ch/app/Http/Controllers/Backend/Book/BookController.php(96): Illuminate\\Database\\Eloquent\\Model->save()
#8 [internal function]: App\\Http\\Controllers\\Backend\\Book\\BookController->update('6', Object(Illuminate\\Http\\Request))
#9 /home/archit10/www/strut.ch/vendor/laravel/framework/src/Illuminate/Routing/Controller.php(54): call_user_func_array(Array, Array)
#10 /home/archit10/www/strut.ch/vendor/laravel/framework/src/Illuminate/Routing/ControllerDispatcher.php(45): Illuminate\\Routing\\Controller->callAction('update', Array)
#11 /home/archit10/www/strut.ch/vendor/laravel/framework/src/Illuminate/Routing/Route.php(219): Illuminate\\Routing\\ControllerDispatcher->dispatch(Object(Illuminate\\Routing\\Route), Object(App\\Http\\Controllers\\Backend\\Book\\BookController), 'update')
#12 /home/archit10/www/strut.ch/vendor/laravel/framework/src/Illuminate/Routing/Route.php(176): Illuminate\\Routing\\Route->runController()
#13 /home/archit10/www/strut.ch/vendor/laravel/framework/src/Illuminate/Routing/Router.php(680): Illuminate\\Routing\\Route->run()
#14 /home/archit10/www/strut.ch/vendor/laravel/framework/src/Illuminate/Routing/Pipeline.php(30): Illuminate\\Routing\\Router->Illuminate\\Routing\\{closure}(Object(Illuminate\\Http\\Request))
#15 /home/archit10/www/strut.ch/vendor/laravel/framework/src/Illuminate/Routing/Middleware/SubstituteBindings.php(41): Illuminate\\Routing\\Pipeline->Illuminate\\Routing\\{closure}(Object(Illuminate\\Http\\Request))
#16 /home/archit10/www/strut.ch/vendor/laravel/framework/src/Illuminate/Pipeline/Pipeline.php(163): Illuminate\\Routing\\Middleware\\SubstituteBindings->handle(Object(Illuminate\\Http\\Request), Object(Closure))
#17 /home/archit10/www/strut.ch/vendor/laravel/framework/src/Illuminate/Routing/Pipeline.php(53): Illuminate\\Pipeline\\Pipeline->Illuminate\\Pipeline\\{closure}(Object(Illuminate\\Http\\Request))
#18 /home/archit10/www/strut.ch/vendor/laravel/framework/src/Illuminate/Auth/Middleware/Authenticate.php(43): Illuminate\\Routing\\Pipeline->Illuminate\\Routing\\{closure}(Object(Illuminate\\Http\\Request))
#19 /home/archit10/www/strut.ch/vendor/laravel/framework/src/Illuminate/Pipeline/Pipeline.php(163): Illuminate\\Auth\\Middleware\\Authenticate->handle(Object(Illuminate\\Http\\Request), Object(Closure), 'api')
#20 /home/archit10/www/strut.ch/vendor/laravel/framework/src/Illuminate/Routing/Pipeline.php(53): Illuminate\\Pipeline\\Pipeline->Illuminate\\Pipeline\\{closure}(Object(Illuminate\\Http\\Request))
#21 /home/archit10/www/strut.ch/vendor/laravel/framework/src/Illuminate/Routing/Middleware/ThrottleRequests.php(58): Illuminate\\Routing\\Pipeline->Illuminate\\Routing\\{closure}(Object(Illuminate\\Http\\Request))
#22 /home/archit10/www/strut.ch/vendor/laravel/framework/src/Illuminate/Pipeline/Pipeline.php(163): Illuminate\\Routing\\Middleware\\ThrottleRequests->handle(Object(Illuminate\\Http\\Request), Object(Closure), 60, '1')
#23 /home/archit10/www/strut.ch/vendor/laravel/framework/src/Illuminate/Routing/Pipeline.php(53): Illuminate\\Pipeline\\Pipeline->Illuminate\\Pipeline\\{closure}(Object(Illuminate\\Http\\Request))
#24 /home/archit10/www/strut.ch/vendor/laravel/framework/src/Illuminate/Pipeline/Pipeline.php(104): Illuminate\\Routing\\Pipeline->Illuminate\\Routing\\{closure}(Object(Illuminate\\Http\\Request))
#25 /home/archit10/www/strut.ch/vendor/laravel/framework/src/Illuminate/Routing/Router.php(682): Illuminate\\Pipeline\\Pipeline->then(Object(Closure))
#26 /home/archit10/www/strut.ch/vendor/laravel/framework/src/Illuminate/Routing/Router.php(657): Illuminate\\Routing\\Router->runRouteWithinStack(Object(Illuminate\\Routing\\Route), Object(Illuminate\\Http\\Request))
#27 /home/archit10/www/strut.ch/vendor/laravel/framework/src/Illuminate/Routing/Router.php(623): Illuminate\\Routing\\Router->runRoute(Object(Illuminate\\Http\\Request), Object(Illuminate\\Routing\\Route))
#28 /home/archit10/www/strut.ch/vendor/laravel/framework/src/Illuminate/Routing/Router.php(612): Illuminate\\Routing\\Router->dispatchToRoute(Object(Illuminate\\Http\\Request))
#29 /home/archit10/www/strut.ch/vendor/laravel/framework/src/Illuminate/Foundation/Http/Kernel.php(176): Illuminate\\Routing\\Router->dispatch(Object(Illuminate\\Http\\Request))
#30 /home/archit10/www/strut.ch/vendor/laravel/framework/src/Illuminate/Routing/Pipeline.php(30): Illuminate\\Foundation\\Http\\Kernel->Illuminate\\Foundation\\Http\\{closure}(Object(Illuminate\\Http\\Request))
#31 /home/archit10/www/strut.ch/vendor/fideloper/proxy/src/TrustProxies.php(57): Illuminate\\Routing\\Pipeline->Illuminate\\Routing\\{closure}(Object(Illuminate\\Http\\Request))
#32 /home/archit10/www/strut.ch/vendor/laravel/framework/src/Illuminate/Pipeline/Pipeline.php(163): Fideloper\\Proxy\\TrustProxies->handle(Object(Illuminate\\Http\\Request), Object(Closure))
#33 /home/archit10/www/strut.ch/vendor/laravel/framework/src/Illuminate/Routing/Pipeline.php(53): Illuminate\\Pipeline\\Pipeline->Illuminate\\Pipeline\\{closure}(Object(Illuminate\\Http\\Request))
#34 /home/archit10/www/strut.ch/vendor/laravel/framework/src/Illuminate/Foundation/Http/Middleware/TransformsRequest.php(21): Illuminate\\Routing\\Pipeline->Illuminate\\Routing\\{closure}(Object(Illuminate\\Http\\Request))
#35 /home/archit10/www/strut.ch/vendor/laravel/framework/src/Illuminate/Pipeline/Pipeline.php(163): Illuminate\\Foundation\\Http\\Middleware\\TransformsRequest->handle(Object(Illuminate\\Http\\Request), Object(Closure))
#36 /home/archit10/www/strut.ch/vendor/laravel/framework/src/Illuminate/Routing/Pipeline.php(53): Illuminate\\Pipeline\\Pipeline->Illuminate\\Pipeline\\{closure}(Object(Illuminate\\Http\\Request))
#37 /home/archit10/www/strut.ch/vendor/laravel/framework/src/Illuminate/Foundation/Http/Middleware/TransformsRequest.php(21): Illuminate\\Routing\\Pipeline->Illuminate\\Routing\\{closure}(Object(Illuminate\\Http\\Request))
#38 /home/archit10/www/strut.ch/vendor/laravel/framework/src/Illuminate/Pipeline/Pipeline.php(163): Illuminate\\Foundation\\Http\\Middleware\\TransformsRequest->handle(Object(Illuminate\\Http\\Request), Object(Closure))
#39 /home/archit10/www/strut.ch/vendor/laravel/framework/src/Illuminate/Routing/Pipeline.php(53): Illuminate\\Pipeline\\Pipeline->Illuminate\\Pipeline\\{closure}(Object(Illuminate\\Http\\Request))
#40 /home/archit10/www/strut.ch/vendor/laravel/framework/src/Illuminate/Foundation/Http/Middleware/ValidatePostSize.php(27): Illuminate\\Routing\\Pipeline->Illuminate\\Routing\\{closure}(Object(Illuminate\\Http\\Request))
#41 /home/archit10/www/strut.ch/vendor/laravel/framework/src/Illuminate/Pipeline/Pipeline.php(163): Illuminate\\Foundation\\Http\\Middleware\\ValidatePostSize->handle(Object(Illuminate\\Http\\Request), Object(Closure))
#42 /home/archit10/www/strut.ch/vendor/laravel/framework/src/Illuminate/Routing/Pipeline.php(53): Illuminate\\Pipeline\\Pipeline->Illuminate\\Pipeline\\{closure}(Object(Illuminate\\Http\\Request))
#43 /home/archit10/www/strut.ch/vendor/laravel/framework/src/Illuminate/Foundation/Http/Middleware/CheckForMaintenanceMode.php(62): Illuminate\\Routing\\Pipeline->Illuminate\\Routing\\{closure}(Object(Illuminate\\Http\\Request))
#44 /home/archit10/www/strut.ch/vendor/laravel/framework/src/Illuminate/Pipeline/Pipeline.php(163): Illuminate\\Foundation\\Http\\Middleware\\CheckForMaintenanceMode->handle(Object(Illuminate\\Http\\Request), Object(Closure))
#45 /home/archit10/www/strut.ch/vendor/laravel/framework/src/Illuminate/Routing/Pipeline.php(53): Illuminate\\Pipeline\\Pipeline->Illuminate\\Pipeline\\{closure}(Object(Illuminate\\Http\\Request))
#46 /home/archit10/www/strut.ch/vendor/laravel/framework/src/Illuminate/Pipeline/Pipeline.php(104): Illuminate\\Routing\\Pipeline->Illuminate\\Routing\\{closure}(Object(Illuminate\\Http\\Request))
#47 /home/archit10/www/strut.ch/vendor/laravel/framework/src/Illuminate/Foundation/Http/Kernel.php(151): Illuminate\\Pipeline\\Pipeline->then(Object(Closure))
#48 /home/archit10/www/strut.ch/vendor/laravel/framework/src/Illuminate/Foundation/Http/Kernel.php(116): Illuminate\\Foundation\\Http\\Kernel->sendRequestThroughRouter(Object(Illuminate\\Http\\Request))
#49 /home/archit10/www/strut.ch/public/index.php(55): Illuminate\\Foundation\\Http\\Kernel->handle(Object(Illuminate\\Http\\Request))
#50 {main}
"} 
[2019-12-02 16:44:40] production.ERROR: Argument 1 passed to Illuminate\Routing\Middleware\ThrottleRequests::addHeaders() must be an instance of Symfony\Component\HttpFoundation\Response, null given, called in /home/archit10/www/strut.ch/vendor/laravel/framework/src/Illuminate/Routing/Middleware/ThrottleRequests.php on line 62 {"userId":2,"exception":"[object] (Symfony\\Component\\Debug\\Exception\\FatalThrowableError(code: 0): Argument 1 passed to Illuminate\\Routing\\Middleware\\ThrottleRequests::addHeaders() must be an instance of Symfony\\Component\\HttpFoundation\\Response, null given, called in /home/archit10/www/strut.ch/vendor/laravel/framework/src/Illuminate/Routing/Middleware/ThrottleRequests.php on line 62 at /home/archit10/www/strut.ch/vendor/laravel/framework/src/Illuminate/Routing/Middleware/ThrottleRequests.php:149)
[stacktrace]
#0 /home/archit10/www/strut.ch/vendor/laravel/framework/src/Illuminate/Routing/Middleware/ThrottleRequests.php(62): Illuminate\\Routing\\Middleware\\ThrottleRequests->addHeaders(NULL, 60, 58)
#1 /home/archit10/www/strut.ch/vendor/laravel/framework/src/Illuminate/Pipeline/Pipeline.php(163): Illuminate\\Routing\\Middleware\\ThrottleRequests->handle(Object(Illuminate\\Http\\Request), Object(Closure), 60, '1')
#2 /home/archit10/www/strut.ch/vendor/laravel/framework/src/Illuminate/Routing/Pipeline.php(53): Illuminate\\Pipeline\\Pipeline->Illuminate\\Pipeline\\{closure}(Object(Illuminate\\Http\\Request))
#3 /home/archit10/www/strut.ch/vendor/laravel/framework/src/Illuminate/Pipeline/Pipeline.php(104): Illuminate\\Routing\\Pipeline->Illuminate\\Routing\\{closure}(Object(Illuminate\\Http\\Request))
#4 /home/archit10/www/strut.ch/vendor/laravel/framework/src/Illuminate/Routing/Router.php(682): Illuminate\\Pipeline\\Pipeline->then(Object(Closure))
#5 /home/archit10/www/strut.ch/vendor/laravel/framework/src/Illuminate/Routing/Router.php(657): Illuminate\\Routing\\Router->runRouteWithinStack(Object(Illuminate\\Routing\\Route), Object(Illuminate\\Http\\Request))
#6 /home/archit10/www/strut.ch/vendor/laravel/framework/src/Illuminate/Routing/Router.php(623): Illuminate\\Routing\\Router->runRoute(Object(Illuminate\\Http\\Request), Object(Illuminate\\Routing\\Route))
#7 /home/archit10/www/strut.ch/vendor/laravel/framework/src/Illuminate/Routing/Router.php(612): Illuminate\\Routing\\Router->dispatchToRoute(Object(Illuminate\\Http\\Request))
#8 /home/archit10/www/strut.ch/vendor/laravel/framework/src/Illuminate/Foundation/Http/Kernel.php(176): Illuminate\\Routing\\Router->dispatch(Object(Illuminate\\Http\\Request))
#9 /home/archit10/www/strut.ch/vendor/laravel/framework/src/Illuminate/Routing/Pipeline.php(30): Illuminate\\Foundation\\Http\\Kernel->Illuminate\\Foundation\\Http\\{closure}(Object(Illuminate\\Http\\Request))
#10 /home/archit10/www/strut.ch/vendor/fideloper/proxy/src/TrustProxies.php(57): Illuminate\\Routing\\Pipeline->Illuminate\\Routing\\{closure}(Object(Illuminate\\Http\\Request))
#11 /home/archit10/www/strut.ch/vendor/laravel/framework/src/Illuminate/Pipeline/Pipeline.php(163): Fideloper\\Proxy\\TrustProxies->handle(Object(Illuminate\\Http\\Request), Object(Closure))
#12 /home/archit10/www/strut.ch/vendor/laravel/framework/src/Illuminate/Routing/Pipeline.php(53): Illuminate\\Pipeline\\Pipeline->Illuminate\\Pipeline\\{closure}(Object(Illuminate\\Http\\Request))
#13 /home/archit10/www/strut.ch/vendor/laravel/framework/src/Illuminate/Foundation/Http/Middleware/TransformsRequest.php(21): Illuminate\\Routing\\Pipeline->Illuminate\\Routing\\{closure}(Object(Illuminate\\Http\\Request))
#14 /home/archit10/www/strut.ch/vendor/laravel/framework/src/Illuminate/Pipeline/Pipeline.php(163): Illuminate\\Foundation\\Http\\Middleware\\TransformsRequest->handle(Object(Illuminate\\Http\\Request), Object(Closure))
#15 /home/archit10/www/strut.ch/vendor/laravel/framework/src/Illuminate/Routing/Pipeline.php(53): Illuminate\\Pipeline\\Pipeline->Illuminate\\Pipeline\\{closure}(Object(Illuminate\\Http\\Request))
#16 /home/archit10/www/strut.ch/vendor/laravel/framework/src/Illuminate/Foundation/Http/Middleware/TransformsRequest.php(21): Illuminate\\Routing\\Pipeline->Illuminate\\Routing\\{closure}(Object(Illuminate\\Http\\Request))
#17 /home/archit10/www/strut.ch/vendor/laravel/framework/src/Illuminate/Pipeline/Pipeline.php(163): Illuminate\\Foundation\\Http\\Middleware\\TransformsRequest->handle(Object(Illuminate\\Http\\Request), Object(Closure))
#18 /home/archit10/www/strut.ch/vendor/laravel/framework/src/Illuminate/Routing/Pipeline.php(53): Illuminate\\Pipeline\\Pipeline->Illuminate\\Pipeline\\{closure}(Object(Illuminate\\Http\\Request))
#19 /home/archit10/www/strut.ch/vendor/laravel/framework/src/Illuminate/Foundation/Http/Middleware/ValidatePostSize.php(27): Illuminate\\Routing\\Pipeline->Illuminate\\Routing\\{closure}(Object(Illuminate\\Http\\Request))
#20 /home/archit10/www/strut.ch/vendor/laravel/framework/src/Illuminate/Pipeline/Pipeline.php(163): Illuminate\\Foundation\\Http\\Middleware\\ValidatePostSize->handle(Object(Illuminate\\Http\\Request), Object(Closure))
#21 /home/archit10/www/strut.ch/vendor/laravel/framework/src/Illuminate/Routing/Pipeline.php(53): Illuminate\\Pipeline\\Pipeline->Illuminate\\Pipeline\\{closure}(Object(Illuminate\\Http\\Request))
#22 /home/archit10/www/strut.ch/vendor/laravel/framework/src/Illuminate/Foundation/Http/Middleware/CheckForMaintenanceMode.php(62): Illuminate\\Routing\\Pipeline->Illuminate\\Routing\\{closure}(Object(Illuminate\\Http\\Request))
#23 /home/archit10/www/strut.ch/vendor/laravel/framework/src/Illuminate/Pipeline/Pipeline.php(163): Illuminate\\Foundation\\Http\\Middleware\\CheckForMaintenanceMode->handle(Object(Illuminate\\Http\\Request), Object(Closure))
#24 /home/archit10/www/strut.ch/vendor/laravel/framework/src/Illuminate/Routing/Pipeline.php(53): Illuminate\\Pipeline\\Pipeline->Illuminate\\Pipeline\\{closure}(Object(Illuminate\\Http\\Request))
#25 /home/archit10/www/strut.ch/vendor/laravel/framework/src/Illuminate/Pipeline/Pipeline.php(104): Illuminate\\Routing\\Pipeline->Illuminate\\Routing\\{closure}(Object(Illuminate\\Http\\Request))
#26 /home/archit10/www/strut.ch/vendor/laravel/framework/src/Illuminate/Foundation/Http/Kernel.php(151): Illuminate\\Pipeline\\Pipeline->then(Object(Closure))
#27 /home/archit10/www/strut.ch/vendor/laravel/framework/src/Illuminate/Foundation/Http/Kernel.php(116): Illuminate\\Foundation\\Http\\Kernel->sendRequestThroughRouter(Object(Illuminate\\Http\\Request))
#28 /home/archit10/www/strut.ch/public/index.php(55): Illuminate\\Foundation\\Http\\Kernel->handle(Object(Illuminate\\Http\\Request))
#29 {main}
"} 
[2019-12-02 16:45:18] production.ERROR: SQLSTATE[22001]: String data, right truncated: 1406 Data too long for column 'info' at row 1 (SQL: update `books` set `description` = {"de":"48 Seiten, 16,5 x 21 cm\n25 Farb- und 19 s\/w-Abbildungen, 29 Pl\u00e4ne\nFadengeheftete Broschur\nCHF 28.\u2013\/EUR 20.\u2013"}, `info` = {"de":"<p><!-- [if gte mso 9]><xml>\n <o:OfficeDocumentSettings>\n  <o:AllowPNG\/>\n <\/o:OfficeDocumentSettings>\n<\/xml><![endif]--> <!-- [if gte mso 9]><xml>\n <w:WordDocument>\n  <w:View>Normal<\/w:View>\n  <w:Zoom>0<\/w:Zoom>\n  <w:TrackMoves\/>\n  <w:TrackFormatting\/>\n  <w:HyphenationZone>21<\/w:HyphenationZone>\n  <w:PunctuationKerning\/>\n  <w:ValidateAgainstSchemas\/>\n  <w:SaveIfXMLInvalid>false<\/w:SaveIfXMLInvalid>\n  <w:IgnoreMixedContent>false<\/w:IgnoreMixedContent>\n  <w:AlwaysShowPlaceholderText>false<\/w:AlwaysShowPlaceholderText>\n  <w:DoNotPromoteQF\/>\n  <w:LidThemeOther>DE<\/w:LidThemeOther>\n  <w:LidThemeAsian>X-NONE<\/w:LidThemeAsian>\n  <w:LidThemeComplexScript>X-NONE<\/w:LidThemeComplexScript>\n  <w:Compatibility>\n   <w:BreakWrappedTables\/>\n   <w:SnapToGridInCell\/>\n   <w:WrapTextWithPunct\/>\n   <w:UseAsianBreakRules\/>\n   <w:DontGrowAutofit\/>\n   <w:SplitPgBreakAndParaMark\/>\n   <w:EnableOpenTypeKerning\/>\n   <w:DontFlipMirrorIndents\/>\n   <w:OverrideTableStyleHps\/>\n  <\/w:Compatibility>\n  <w:DoNotOptimizeForBrowser\/>\n  <m:mathPr>\n   <m:mathFont m:val=\"Cambria Math\"\/>\n   <m:brkBin m:val=\"before\"\/>\n   <m:brkBinSub m:val=\"&#45;-\"\/>\n   <m:smallFrac m:val=\"off\"\/>\n   <m:dispDef\/>\n   <m:lMargin m:val=\"0\"\/>\n   <m:rMargin m:val=\"0\"\/>\n   <m:defJc m:val=\"centerGroup\"\/>\n   <m:wrapIndent m:val=\"1440\"\/>\n   <m:intLim m:val=\"subSup\"\/>\n   <m:naryLim m:val=\"undOvr\"\/>\n  <\/m:mathPr><\/w:WordDocument>\n<\/xml><![endif]--><!-- [if gte mso 9]><xml>\n <w:LatentStyles DefLockedState=\"false\" DefUnhideWhenUsed=\"false\"\n  DefSemiHidden=\"false\" DefQFormat=\"false\" DefPriority=\"99\"\n  LatentStyleCount=\"375\">\n  <w:LsdException Locked=\"false\" Priority=\"0\" QFormat=\"true\" Name=\"Normal\"\/>\n  <w:LsdException Locked=\"false\" Priority=\"9\" QFormat=\"true\" Name=\"heading 1\"\/>\n  <w:LsdException Locked=\"false\" Priority=\"9\" SemiHidden=\"true\"\n   UnhideWhenUsed=\"true\" QFormat=\"true\" Name=\"heading 2\"\/>\n  <w:LsdException Locked=\"false\" Priority=\"9\" SemiHidden=\"true\"\n   UnhideWhenUsed=\"true\" QFormat=\"true\" Name=\"heading 3\"\/>\n  <w:LsdException Locked=\"false\" Priority=\"9\" SemiHidden=\"true\"\n   UnhideWhenUsed=\"true\" QFormat=\"true\" Name=\"heading 4\"\/>\n  <w:LsdException Locked=\"false\" Priority=\"9\" SemiHidden=\"true\"\n   UnhideWhenUsed=\"true\" QFormat=\"true\" Name=\"heading 5\"\/>\n  <w:LsdException Locked=\"false\" Priority=\"9\" SemiHidden=\"true\"\n   UnhideWhenUsed=\"true\" QFormat=\"true\" Name=\"heading 6\"\/>\n  <w:LsdException Locked=\"false\" Priority=\"9\" SemiHidden=\"true\"\n   UnhideWhenUsed=\"true\" QFormat=\"true\" Name=\"heading 7\"\/>\n  <w:LsdException Locked=\"false\" Priority=\"9\" SemiHidden=\"true\"\n   UnhideWhenUsed=\"true\" QFormat=\"true\" Name=\"heading 8\"\/>\n  <w:LsdException Locked=\"false\" Priority=\"9\" SemiHidden=\"true\"\n   UnhideWhenUsed=\"true\" QFormat=\"true\" Name=\"heading 9\"\/>\n  <w:LsdException Locked=\"false\" SemiHidden=\"true\" UnhideWhenUsed=\"true\"\n   Name=\"index 1\"\/>\n  <w:LsdException Locked=\"false\" SemiHidden=\"true\" UnhideWhenUsed=\"true\"\n   Name=\"index 2\"\/>\n  <w:LsdException Locked=\"false\" SemiHidden=\"true\" UnhideWhenUsed=\"true\"\n   Name=\"index 3\"\/>\n  <w:LsdException Locked=\"false\" SemiHidden=\"true\" UnhideWhenUsed=\"true\"\n   Name=\"index 4\"\/>\n  <w:LsdException Locked=\"false\" SemiHidden=\"true\" UnhideWhenUsed=\"true\"\n   Name=\"index 5\"\/>\n  <w:LsdException Locked=\"false\" SemiHidden=\"true\" UnhideWhenUsed=\"true\"\n   Name=\"index 6\"\/>\n  <w:LsdException Locked=\"false\" SemiHidden=\"true\" UnhideWhenUsed=\"true\"\n   Name=\"index 7\"\/>\n  <w:LsdException Locked=\"false\" SemiHidden=\"true\" UnhideWhenUsed=\"true\"\n   Name=\"index 8\"\/>\n  <w:LsdException Locked=\"false\" SemiHidden=\"true\" UnhideWhenUsed=\"true\"\n   Name=\"index 9\"\/>\n  <w:LsdException Locked=\"false\" Priority=\"39\" SemiHidden=\"true\"\n   UnhideWhenUsed=\"true\" Name=\"toc 1\"\/>\n  <w:LsdException Locked=\"false\" Priority=\"39\" SemiHidden=\"true\"\n   UnhideWhenUsed=\"true\" Name=\"toc 2\"\/>\n  <w:LsdException Locked=\"false\" Priority=\"39\" SemiHidden=\"true\"\n   UnhideWhenUsed=\"true\" Name=\"toc 3\"\/>\n  <w:LsdException Locked=\"false\" Priority=\"39\" SemiHidden=\"true\"\n   UnhideWhenUsed=\"true\" Name=\"toc 4\"\/>\n  <w:LsdException Locked=\"false\" Priority=\"39\" SemiHidden=\"true\"\n   UnhideWhenUsed=\"true\" Name=\"toc 5\"\/>\n  <w:LsdException Locked=\"false\" Priority=\"39\" SemiHidden=\"true\"\n   UnhideWhenUsed=\"true\" Name=\"toc 6\"\/>\n  <w:LsdException Locked=\"false\" Priority=\"39\" SemiHidden=\"true\"\n   UnhideWhenUsed=\"true\" Name=\"toc 7\"\/>\n  <w:LsdException Locked=\"false\" Priority=\"39\" SemiHidden=\"true\"\n   UnhideWhenUsed=\"true\" Name=\"toc 8\"\/>\n  <w:LsdException Locked=\"false\" Priority=\"39\" SemiHidden=\"true\"\n   UnhideWhenUsed=\"true\" Name=\"toc 9\"\/>\n  <w:LsdException Locked=\"false\" SemiHidden=\"true\" UnhideWhenUsed=\"true\"\n   Name=\"Normal Indent\"\/>\n  <w:LsdException Locked=\"false\" SemiHidden=\"true\" UnhideWhenUsed=\"true\"\n   Name=\"footnote text\"\/>\n  <w:LsdException Locked=\"false\" SemiHidden=\"true\" UnhideWhenUsed=\"true\"\n   Name=\"annotation text\"\/>\n  <w:LsdException Locked=\"false\" SemiHidden=\"true\" UnhideWhenUsed=\"true\"\n   Name=\"header\"\/>\n  <w:LsdException Locked=\"false\" SemiHidden=\"true\" UnhideWhenUsed=\"true\"\n   Name=\"footer\"\/>\n  <w:LsdException Locked=\"false\" SemiHidden=\"true\" UnhideWhenUsed=\"true\"\n   Name=\"index heading\"\/>\n  <w:LsdException Locked=\"false\" Priority=\"35\" SemiHidden=\"true\"\n   UnhideWhenUsed=\"true\" QFormat=\"true\" Name=\"caption\"\/>\n  <w:LsdException Locked=\"false\" SemiHidden=\"true\" UnhideWhenUsed=\"true\"\n   Name=\"table of figures\"\/>\n  <w:LsdException Locked=\"false\" SemiHidden=\"true\" UnhideWhenUsed=\"true\"\n   Name=\"envelope address\"\/>\n  <w:LsdException Locked=\"false\" SemiHidden=\"true\" UnhideWhenUsed=\"true\"\n   Name=\"envelope return\"\/>\n  <w:LsdException Locked=\"false\" SemiHidden=\"true\" UnhideWhenUsed=\"true\"\n   Name=\"footnote reference\"\/>\n  <w:LsdException Locked=\"false\" SemiHidden=\"true\" UnhideWhenUsed=\"true\"\n   Name=\"annotation reference\"\/>\n  <w:LsdException Locked=\"false\" SemiHidden=\"true\" UnhideWhenUsed=\"true\"\n   Name=\"line number\"\/>\n  <w:LsdException Locked=\"false\" SemiHidden=\"true\" UnhideWhenUsed=\"true\"\n   Name=\"page number\"\/>\n  <w:LsdException Locked=\"false\" SemiHidden=\"true\" UnhideWhenUsed=\"true\"\n   Name=\"endnote reference\"\/>\n  <w:LsdException Locked=\"false\" SemiHidden=\"true\" UnhideWhenUsed=\"true\"\n   Name=\"endnote text\"\/>\n  <w:LsdException Locked=\"false\" SemiHidden=\"true\" UnhideWhenUsed=\"true\"\n   Name=\"table of authorities\"\/>\n  <w:LsdException Locked=\"false\" SemiHidden=\"true\" UnhideWhenUsed=\"true\"\n   Name=\"macro\"\/>\n  <w:LsdException Locked=\"false\" SemiHidden=\"true\" UnhideWhenUsed=\"true\"\n   Name=\"toa heading\"\/>\n  <w:LsdException Locked=\"false\" SemiHidden=\"true\" UnhideWhenUsed=\"true\"\n   Name=\"List\"\/>\n  <w:LsdException Locked=\"false\" SemiHidden=\"true\" UnhideWhenUsed=\"true\"\n   Name=\"List Bullet\"\/>\n  <w:LsdException Locked=\"false\" SemiHidden=\"true\" UnhideWhenUsed=\"true\"\n   Name=\"List Number\"\/>\n  <w:LsdException Locked=\"false\" SemiHidden=\"true\" UnhideWhenUsed=\"true\"\n   Name=\"List 2\"\/>\n  <w:LsdException Locked=\"false\" SemiHidden=\"true\" UnhideWhenUsed=\"true\"\n   Name=\"List 3\"\/>\n  <w:LsdException Locked=\"false\" SemiHidden=\"true\" UnhideWhenUsed=\"true\"\n   Name=\"List 4\"\/>\n  <w:LsdException Locked=\"false\" SemiHidden=\"true\" UnhideWhenUsed=\"true\"\n   Name=\"List 5\"\/>\n  <w:LsdException Locked=\"false\" SemiHidden=\"true\" UnhideWhenUsed=\"true\"\n   Name=\"List Bullet 2\"\/>\n  <w:LsdException Locked=\"false\" SemiHidden=\"true\" UnhideWhenUsed=\"true\"\n   Name=\"List Bullet 3\"\/>\n  <w:LsdException Locked=\"false\" SemiHidden=\"true\" UnhideWhenUsed=\"true\"\n   Name=\"List Bullet 4\"\/>\n  <w:LsdException Locked=\"false\" SemiHidden=\"true\" UnhideWhenUsed=\"true\"\n   Name=\"List Bullet 5\"\/>\n  <w:LsdException Locked=\"false\" SemiHidden=\"true\" UnhideWhenUsed=\"true\"\n   Name=\"List Number 2\"\/>\n  <w:LsdException Locked=\"false\" SemiHidden=\"true\" UnhideWhenUsed=\"true\"\n   Name=\"List Number 3\"\/>\n  <w:LsdException Locked=\"false\" SemiHidden=\"true\" UnhideWhenUsed=\"true\"\n   Name=\"List Number 4\"\/>\n  <w:LsdException Locked=\"false\" SemiHidden=\"true\" UnhideWhenUsed=\"true\"\n   Name=\"List Number 5\"\/>\n  <w:LsdException Locked=\"false\" Priority=\"10\" QFormat=\"true\" Name=\"Title\"\/>\n  <w:LsdException Locked=\"false\" SemiHidden=\"true\" UnhideWhenUsed=\"true\"\n   Name=\"Closing\"\/>\n  <w:LsdException Locked=\"false\" SemiHidden=\"true\" UnhideWhenUsed=\"true\"\n   Name=\"Signature\"\/>\n  <w:LsdException Locked=\"false\" Priority=\"1\" SemiHidden=\"true\"\n   UnhideWhenUsed=\"true\" Name=\"Default Paragraph Font\"\/>\n  <w:LsdException Locked=\"false\" SemiHidden=\"true\" UnhideWhenUsed=\"true\"\n   Name=\"Body Text\"\/>\n  <w:LsdException Locked=\"false\" SemiHidden=\"true\" UnhideWhenUsed=\"true\"\n   Name=\"Body Text Indent\"\/>\n  <w:LsdException Locked=\"false\" SemiHidden=\"true\" UnhideWhenUsed=\"true\"\n   Name=\"List Continue\"\/>\n  <w:LsdException Locked=\"false\" SemiHidden=\"true\" UnhideWhenUsed=\"true\"\n   Name=\"List Continue 2\"\/>\n  <w:LsdException Locked=\"false\" SemiHidden=\"true\" UnhideWhenUsed=\"true\"\n   Name=\"List Continue 3\"\/>\n  <w:LsdException Locked=\"false\" SemiHidden=\"true\" UnhideWhenUsed=\"true\"\n   Name=\"List Continue 4\"\/>\n  <w:LsdException Locked=\"false\" SemiHidden=\"true\" UnhideWhenUsed=\"true\"\n   Name=\"List Continue 5\"\/>\n  <w:LsdException Locked=\"false\" SemiHidden=\"true\" UnhideWhenUsed=\"true\"\n   Name=\"Message Header\"\/>\n  <w:LsdException Locked=\"false\" Priority=\"11\" QFormat=\"true\" Name=\"Subtitle\"\/>\n  <w:LsdException Locked=\"false\" SemiHidden=\"true\" UnhideWhenUsed=\"true\"\n   Name=\"Salutation\"\/>\n  <w:LsdException Locked=\"false\" SemiHidden=\"true\" UnhideWhenUsed=\"true\"\n   Name=\"Date\"\/>\n  <w:LsdException Locked=\"false\" SemiHidden=\"true\" UnhideWhenUsed=\"true\"\n   Name=\"Body Text First Indent\"\/>\n  <w:LsdException Locked=\"false\" SemiHidden=\"true\" UnhideWhenUsed=\"true\"\n   Name=\"Body Text First Indent 2\"\/>\n  <w:LsdException Locked=\"false\" SemiHidden=\"true\" UnhideWhenUsed=\"true\"\n   Name=\"Note Heading\"\/>\n  <w:LsdException Locked=\"false\" SemiHidden=\"true\" UnhideWhenUsed=\"true\"\n   Name=\"Body Text 2\"\/>\n  <w:LsdException Locked=\"false\" SemiHidden=\"true\" UnhideWhenUsed=\"true\"\n   Name=\"Body Text 3\"\/>\n  <w:LsdException Locked=\"false\" SemiHidden=\"true\" UnhideWhenUsed=\"true\"\n   Name=\"Body Text Indent 2\"\/>\n  <w:LsdException Locked=\"false\" SemiHidden=\"true\" UnhideWhenUsed=\"true\"\n   Name=\"Body Text Indent 3\"\/>\n  <w:LsdException Locked=\"false\" SemiHidden=\"true\" UnhideWhenUsed=\"true\"\n   Name=\"Block Text\"\/>\n  <w:LsdException Locked=\"false\" SemiHidden=\"true\" UnhideWhenUsed=\"true\"\n   Name=\"Hyperlink\"\/>\n  <w:LsdException Locked=\"false\" SemiHidden=\"true\" UnhideWhenUsed=\"true\"\n   Name=\"FollowedHyperlink\"\/>\n  <w:LsdException Locked=\"false\" Priority=\"22\" QFormat=\"true\" Name=\"Strong\"\/>\n  <w:LsdException Locked=\"false\" Priority=\"20\" QFormat=\"true\" Name=\"Emphasis\"\/>\n  <w:LsdException Locked=\"false\" SemiHidden=\"true\" UnhideWhenUsed=\"true\"\n   Name=\"Document Map\"\/>\n  <w:LsdException Locked=\"false\" SemiHidden=\"true\" UnhideWhenUsed=\"true\"\n   Name=\"Plain Text\"\/>\n  <w:LsdException Locked=\"false\" SemiHidden=\"true\" UnhideWhenUsed=\"true\"\n   Name=\"E-mail Signature\"\/>\n  <w:LsdException Locked=\"false\" SemiHidden=\"true\" UnhideWhenUsed=\"true\"\n   Name=\"HTML Top of Form\"\/>\n  <w:LsdException Locked=\"false\" SemiHidden=\"true\" UnhideWhenUsed=\"true\"\n   Name=\"HTML Bottom of Form\"\/>\n  <w:LsdException Locked=\"false\" SemiHidden=\"true\" UnhideWhenUsed=\"true\"\n   Name=\"Normal (Web)\"\/>\n  <w:LsdException Locked=\"false\" SemiHidden=\"true\" UnhideWhenUsed=\"true\"\n   Name=\"HTML Acronym\"\/>\n  <w:LsdException Locked=\"false\" SemiHidden=\"true\" UnhideWhenUsed=\"true\"\n   Name=\"HTML Address\"\/>\n  <w:LsdException Locked=\"false\" SemiHidden=\"true\" UnhideWhenUsed=\"true\"\n   Name=\"HTML Cite\"\/>\n  <w:LsdException Locked=\"false\" SemiHidden=\"true\" UnhideWhenUsed=\"true\"\n   Name=\"HTML Code\"\/>\n  <w:LsdException Locked=\"false\" SemiHidden=\"true\" UnhideWhenUsed=\"true\"\n   Name=\"HTML Definition\"\/>\n  <w:LsdException Locked=\"false\" SemiHidden=\"true\" UnhideWhenUsed=\"true\"\n   Name=\"HTML Keyboard\"\/>\n  <w:LsdException Locked=\"false\" SemiHidden=\"true\" UnhideWhenUsed=\"true\"\n   Name=\"HTML Preformatted\"\/>\n  <w:LsdException Locked=\"false\" SemiHidden=\"true\" UnhideWhenUsed=\"true\"\n   Name=\"HTML Sample\"\/>\n  <w:LsdException Locked=\"false\" SemiHidden=\"true\" UnhideWhenUsed=\"true\"\n   Name=\"HTML Typewriter\"\/>\n  <w:LsdException Locked=\"false\" SemiHidden=\"true\" UnhideWhenUsed=\"true\"\n   Name=\"HTML Variable\"\/>\n  <w:LsdException Locked=\"false\" SemiHidden=\"true\" UnhideWhenUsed=\"true\"\n   Name=\"Normal Table\"\/>\n  <w:LsdException Locked=\"false\" SemiHidden=\"true\" UnhideWhenUsed=\"true\"\n   Name=\"annotation subject\"\/>\n  <w:LsdException Locked=\"false\" SemiHidden=\"true\" UnhideWhenUsed=\"true\"\n   Name=\"No List\"\/>\n  <w:LsdException Locked=\"false\" SemiHidden=\"true\" UnhideWhenUsed=\"true\"\n   Name=\"Outline List 1\"\/>\n  <w:LsdException Locked=\"false\" SemiHidden=\"true\" UnhideWhenUsed=\"true\"\n   Name=\"Outline List 2\"\/>\n  <w:LsdException Locked=\"false\" SemiHidden=\"true\" UnhideWhenUsed=\"true\"\n   Name=\"Outline List 3\"\/>\n  <w:LsdException Locked=\"false\" SemiHidden=\"true\" UnhideWhenUsed=\"true\"\n   Name=\"Table Simple 1\"\/>\n  <w:LsdException Locked=\"false\" SemiHidden=\"true\" UnhideWhenUsed=\"true\"\n   Name=\"Table Simple 2\"\/>\n  <w:LsdException Locked=\"false\" SemiHidden=\"true\" UnhideWhenUsed=\"true\"\n   Name=\"Table Simple 3\"\/>\n  <w:LsdException Locked=\"false\" SemiHidden=\"true\" UnhideWhenUsed=\"true\"\n   Name=\"Table Classic 1\"\/>\n  <w:LsdException Locked=\"false\" SemiHidden=\"true\" UnhideWhenUsed=\"true\"\n   Name=\"Table Classic 2\"\/>\n  <w:LsdException Locked=\"false\" SemiHidden=\"true\" UnhideWhenUsed=\"true\"\n   Name=\"Table Classic 3\"\/>\n  <w:LsdException Locked=\"false\" SemiHidden=\"true\" UnhideWhenUsed=\"true\"\n   Name=\"Table Classic 4\"\/>\n  <w:LsdException Locked=\"false\" SemiHidden=\"true\" UnhideWhenUsed=\"true\"\n   Name=\"Table Colorful 1\"\/>\n  <w:LsdException Locked=\"false\" SemiHidden=\"true\" UnhideWhenUsed=\"true\"\n   Name=\"Table Colorful 2\"\/>\n  <w:LsdException Locked=\"false\" SemiHidden=\"true\" UnhideWhenUsed=\"true\"\n   Name=\"Table Colorful 3\"\/>\n  <w:LsdException Locked=\"false\" SemiHidden=\"true\" UnhideWhenUsed=\"true\"\n   Name=\"Table Columns 1\"\/>\n  <w:LsdException Locked=\"false\" SemiHidden=\"true\" UnhideWhenUsed=\"true\"\n   Name=\"Table Columns 2\"\/>\n  <w:LsdException Locked=\"false\" SemiHidden=\"true\" UnhideWhenUsed=\"true\"\n   Name=\"Table Columns 3\"\/>\n  <w:LsdException Locked=\"false\" SemiHidden=\"true\" UnhideWhenUsed=\"true\"\n   Name=\"Table Columns 4\"\/>\n  <w:LsdException Locked=\"false\" SemiHidden=\"true\" UnhideWhenUsed=\"true\"\n   Name=\"Table Columns 5\"\/>\n  <w:LsdException Locked=\"false\" SemiHidden=\"true\" UnhideWhenUsed=\"true\"\n   Name=\"Table Grid 1\"\/>\n  <w:LsdException Locked=\"false\" SemiHidden=\"true\" UnhideWhenUsed=\"true\"\n   Name=\"Table Grid 2\"\/>\n  <w:LsdException Locked=\"false\" SemiHidden=\"true\" UnhideWhenUsed=\"true\"\n   Name=\"Table Grid 3\"\/>\n  <w:LsdException Locked=\"false\" SemiHidden=\"true\" UnhideWhenUsed=\"true\"\n   Name=\"Table Grid 4\"\/>\n  <w:LsdException Locked=\"false\" SemiHidden=\"true\" UnhideWhenUsed=\"true\"\n   Name=\"Table Grid 5\"\/>\n  <w:LsdException Locked=\"false\" SemiHidden=\"true\" UnhideWhenUsed=\"true\"\n   Name=\"Table Grid 6\"\/>\n  <w:LsdException Locked=\"false\" SemiHidden=\"true\" UnhideWhenUsed=\"true\"\n   Name=\"Table Grid 7\"\/>\n  <w:LsdException Locked=\"false\" SemiHidden=\"true\" UnhideWhenUsed=\"true\"\n   Name=\"Table Grid 8\"\/>\n  <w:LsdException Locked=\"false\" SemiHidden=\"true\" UnhideWhenUsed=\"true\"\n   Name=\"Table List 1\"\/>\n  <w:LsdException Locked=\"false\" SemiHidden=\"true\" UnhideWhenUsed=\"true\"\n   Name=\"Table List 2\"\/>\n  <w:LsdException Locked=\"false\" SemiHidden=\"true\" UnhideWhenUsed=\"true\"\n   Name=\"Table List 3\"\/>\n  <w:LsdException Locked=\"false\" SemiHidden=\"true\" UnhideWhenUsed=\"true\"\n   Name=\"Table List 4\"\/>\n  <w:LsdException Locked=\"false\" SemiHidden=\"true\" UnhideWhenUsed=\"true\"\n   Name=\"Table List 5\"\/>\n  <w:LsdException Locked=\"false\" SemiHidden=\"true\" UnhideWhenUsed=\"true\"\n   Name=\"Table List 6\"\/>\n  <w:LsdException Locked=\"false\" SemiHidden=\"true\" UnhideWhenUsed=\"true\"\n   Name=\"Table List 7\"\/>\n  <w:LsdException Locked=\"false\" SemiHidden=\"true\" UnhideWhenUsed=\"true\"\n   Name=\"Table List 8\"\/>\n  <w:LsdException Locked=\"false\" SemiHidden=\"true\" UnhideWhenUsed=\"true\"\n   Name=\"Table 3D effects 1\"\/>\n  <w:LsdException Locked=\"false\" SemiHidden=\"true\" UnhideWhenUsed=\"true\"\n   Name=\"Table 3D effects 2\"\/>\n  <w:LsdException Locked=\"false\" SemiHidden=\"true\" UnhideWhenUsed=\"true\"\n   Name=\"Table 3D effects 3\"\/>\n  <w:LsdException Locked=\"false\" SemiHidden=\"true\" UnhideWhenUsed=\"true\"\n   Name=\"Table Contemporary\"\/>\n  <w:LsdException Locked=\"false\" SemiHidden=\"true\" UnhideWhenUsed=\"true\"\n   Name=\"Table Elegant\"\/>\n  <w:LsdException Locked=\"false\" SemiHidden=\"true\" UnhideWhenUsed=\"true\"\n   Name=\"Table Professional\"\/>\n  <w:LsdException Locked=\"false\" SemiHidden=\"true\" UnhideWhenUsed=\"true\"\n   Name=\"Table Subtle 1\"\/>\n  <w:LsdException Locked=\"false\" SemiHidden=\"true\" UnhideWhenUsed=\"true\"\n   Name=\"Table Subtle 2\"\/>\n  <w:LsdException Locked=\"false\" SemiHidden=\"true\" UnhideWhenUsed=\"true\"\n   Name=\"Table Web 1\"\/>\n  <w:LsdException Locked=\"false\" SemiHidden=\"true\" UnhideWhenUsed=\"true\"\n   Name=\"Table Web 2\"\/>\n  <w:LsdException Locked=\"false\" SemiHidden=\"true\" UnhideWhenUsed=\"true\"\n   Name=\"Table Web 3\"\/>\n  <w:LsdException Locked=\"false\" SemiHidden=\"true\" UnhideWhenUsed=\"true\"\n   Name=\"Balloon Text\"\/>\n  <w:LsdException Locked=\"false\" Priority=\"39\" Name=\"Table Grid\"\/>\n  <w:LsdException Locked=\"false\" SemiHidden=\"true\" UnhideWhenUsed=\"true\"\n   Name=\"Table Theme\"\/>\n  <w:LsdException Locked=\"false\" SemiHidden=\"true\" Name=\"Placeholder Text\"\/>\n  <w:LsdException Locked=\"false\" Priority=\"1\" QFormat=\"true\" Name=\"No Spacing\"\/>\n  <w:LsdException Locked=\"false\" Priority=\"60\" Name=\"Light Shading\"\/>\n  <w:LsdException Locked=\"false\" Priority=\"61\" Name=\"Light List\"\/>\n  <w:LsdException Locked=\"false\" Priority=\"62\" Name=\"Light Grid\"\/>\n  <w:LsdException Locked=\"false\" Priority=\"63\" Name=\"Medium Shading 1\"\/>\n  <w:LsdException Locked=\"false\" Priority=\"64\" Name=\"Medium Shading 2\"\/>\n  <w:LsdException Locked=\"false\" Priority=\"65\" Name=\"Medium List 1\"\/>\n  <w:LsdException Locked=\"false\" Priority=\"66\" Name=\"Medium List 2\"\/>\n  <w:LsdException Locked=\"false\" Priority=\"67\" Name=\"Medium Grid 1\"\/>\n  <w:LsdException Locked=\"false\" Priority=\"68\" Name=\"Medium Grid 2\"\/>\n  <w:LsdException Locked=\"false\" Priority=\"69\" Name=\"Medium Grid 3\"\/>\n  <w:LsdException Locked=\"false\" Priority=\"70\" Name=\"Dark List\"\/>\n  <w:LsdException Locked=\"false\" Priority=\"71\" Name=\"Colorful Shading\"\/>\n  <w:LsdException Locked=\"false\" Priority=\"72\" Name=\"Colorful List\"\/>\n  <w:LsdException Locked=\"false\" Priority=\"73\" Name=\"Colorful Grid\"\/>\n  <w:LsdException Locked=\"false\" Priority=\"60\" Name=\"Light Shading Accent 1\"\/>\n  <w:LsdException Locked=\"false\" Priority=\"61\" Name=\"Light List Accent 1\"\/>\n  <w:LsdException Locked=\"false\" Priority=\"62\" Name=\"Light Grid Accent 1\"\/>\n  <w:LsdException Locked=\"false\" Priority=\"63\" Name=\"Medium Shading 1 Accent 1\"\/>\n  <w:LsdException Locked=\"false\" Priority=\"64\" Name=\"Medium Shading 2 Accent 1\"\/>\n  <w:LsdException Locked=\"false\" Priority=\"65\" Name=\"Medium List 1 Accent 1\"\/>\n  <w:LsdException Locked=\"false\" SemiHidden=\"true\" Name=\"Revision\"\/>\n  <w:LsdException Locked=\"false\" Priority=\"34\" QFormat=\"true\"\n   Name=\"List Paragraph\"\/>\n  <w:LsdException Locked=\"false\" Priority=\"29\" QFormat=\"true\" Name=\"Quote\"\/>\n  <w:LsdException Locked=\"false\" Priority=\"30\" QFormat=\"true\"\n   Name=\"Intense Quote\"\/>\n  <w:LsdException Locked=\"false\" Priority=\"66\" Name=\"Medium List 2 Accent 1\"\/>\n  <w:LsdException Locked=\"false\" Priority=\"67\" Name=\"Medium Grid 1 Accent 1\"\/>\n  <w:LsdException Locked=\"false\" Priority=\"68\" Name=\"Medium Grid 2 Accent 1\"\/>\n  <w:LsdException Locked=\"false\" Priority=\"69\" Name=\"Medium Grid 3 Accent 1\"\/>\n  <w:LsdException Locked=\"false\" Priority=\"70\" Name=\"Dark List Accent 1\"\/>\n  <w:LsdException Locked=\"false\" Priority=\"71\" Name=\"Colorful Shading Accent 1\"\/>\n  <w:LsdException Locked=\"false\" Priority=\"72\" Name=\"Colorful List Accent 1\"\/>\n  <w:LsdException Locked=\"false\" Priority=\"73\" Name=\"Colorful Grid Accent 1\"\/>\n  <w:LsdException Locked=\"false\" Priority=\"60\" Name=\"Light Shading Accent 2\"\/>\n  <w:LsdException Locked=\"false\" Priority=\"61\" Name=\"Light List Accent 2\"\/>\n  <w:LsdException Locked=\"false\" Priority=\"62\" Name=\"Light Grid Accent 2\"\/>\n  <w:LsdException Locked=\"false\" Priority=\"63\" Name=\"Medium Shading 1 Accent 2\"\/>\n  <w:LsdException Locked=\"false\" Priority=\"64\" Name=\"Medium Shading 2 Accent 2\"\/>\n  <w:LsdException Locked=\"false\" Priority=\"65\" Name=\"Medium List 1 Accent 2\"\/>\n  <w:LsdException Locked=\"false\" Priority=\"66\" Name=\"Medium List 2 Accent 2\"\/>\n  <w:LsdException Locked=\"false\" Priority=\"67\" Name=\"Medium Grid 1 Accent 2\"\/>\n  <w:LsdException Locked=\"false\" Priority=\"68\" Name=\"Medium Grid 2 Accent 2\"\/>\n  <w:LsdException Locked=\"false\" Priority=\"69\" Name=\"Medium Grid 3 Accent 2\"\/>\n  <w:LsdException Locked=\"false\" Priority=\"70\" Name=\"Dark List Accent 2\"\/>\n  <w:LsdException Locked=\"false\" Priority=\"71\" Name=\"Colorful Shading Accent 2\"\/>\n  <w:LsdException Locked=\"false\" Priority=\"72\" Name=\"Colorful List Accent 2\"\/>\n  <w:LsdException Locked=\"false\" Priority=\"73\" Name=\"Colorful Grid Accent 2\"\/>\n  <w:LsdException Locked=\"false\" Priority=\"60\" Name=\"Light Shading Accent 3\"\/>\n  <w:LsdException Locked=\"false\" Priority=\"61\" Name=\"Light List Accent 3\"\/>\n  <w:LsdException Locked=\"false\" Priority=\"62\" Name=\"Light Grid Accent 3\"\/>\n  <w:LsdException Locked=\"false\" Priority=\"63\" Name=\"Medium Shading 1 Accent 3\"\/>\n  <w:LsdException Locked=\"false\" Priority=\"64\" Name=\"Medium Shading 2 Accent 3\"\/>\n  <w:LsdException Locked=\"false\" Priority=\"65\" Name=\"Medium List 1 Accent 3\"\/>\n  <w:LsdException Locked=\"false\" Priority=\"66\" Name=\"Medium List 2 Accent 3\"\/>\n  <w:LsdException Locked=\"false\" Priority=\"67\" Name=\"Medium Grid 1 Accent 3\"\/>\n  <w:LsdException Locked=\"false\" Priority=\"68\" Name=\"Medium Grid 2 Accent 3\"\/>\n  <w:LsdException Locked=\"false\" Priority=\"69\" Name=\"Medium Grid 3 Accent 3\"\/>\n  <w:LsdException Locked=\"false\" Priority=\"70\" Name=\"Dark List Accent 3\"\/>\n  <w:LsdException Locked=\"false\" Priority=\"71\" Name=\"Colorful Shading Accent 3\"\/>\n  <w:LsdException Locked=\"false\" Priority=\"72\" Name=\"Colorful List Accent 3\"\/>\n  <w:LsdException Locked=\"false\" Priority=\"73\" Name=\"Colorful Grid Accent 3\"\/>\n  <w:LsdException Locked=\"false\" Priority=\"60\" Name=\"Light Shading Accent 4\"\/>\n  <w:LsdException Locked=\"false\" Priority=\"61\" Name=\"Light List Accent 4\"\/>\n  <w:LsdException Locked=\"false\" Priority=\"62\" Name=\"Light Grid Accent 4\"\/>\n  <w:LsdException Locked=\"false\" Priority=\"63\" Name=\"Medium Shading 1 Accent 4\"\/>\n  <w:LsdException Locked=\"false\" Priority=\"64\" Name=\"Medium Shading 2 Accent 4\"\/>\n  <w:LsdException Locked=\"false\" Priority=\"65\" Name=\"Medium List 1 Accent 4\"\/>\n  <w:LsdException Locked=\"false\" Priority=\"66\" Name=\"Medium List 2 Accent 4\"\/>\n  <w:LsdException Locked=\"false\" Priority=\"67\" Name=\"Medium Grid 1 Accent 4\"\/>\n  <w:LsdException Locked=\"false\" Priority=\"68\" Name=\"Medium Grid 2 Accent 4\"\/>\n  <w:LsdException Locked=\"false\" Priority=\"69\" Name=\"Medium Grid 3 Accent 4\"\/>\n  <w:LsdException Locked=\"false\" Priority=\"70\" Name=\"Dark List Accent 4\"\/>\n  <w:LsdException Locked=\"false\" Priority=\"71\" Name=\"Colorful Shading Accent 4\"\/>\n  <w:LsdException Locked=\"false\" Priority=\"72\" Name=\"Colorful List Accent 4\"\/>\n  <w:LsdException Locked=\"false\" Priority=\"73\" Name=\"Colorful Grid Accent 4\"\/>\n  <w:LsdException Locked=\"false\" Priority=\"60\" Name=\"Light Shading Accent 5\"\/>\n  <w:LsdException Locked=\"false\" Priority=\"61\" Name=\"Light List Accent 5\"\/>\n  <w:LsdException Locked=\"false\" Priority=\"62\" Name=\"Light Grid Accent 5\"\/>\n  <w:LsdException Locked=\"false\" Priority=\"63\" Name=\"Medium Shading 1 Accent 5\"\/>\n  <w:LsdException Locked=\"false\" Priority=\"64\" Name=\"Medium Shading 2 Accent 5\"\/>\n  <w:LsdException Locked=\"false\" Priority=\"65\" Name=\"Medium List 1 Accent 5\"\/>\n  <w:LsdException Locked=\"false\" Priority=\"66\" Name=\"Medium List 2 Accent 5\"\/>\n  <w:LsdException Locked=\"false\" Priority=\"67\" Name=\"Medium Grid 1 Accent 5\"\/>\n  <w:LsdException Locked=\"false\" Priority=\"68\" Name=\"Medium Grid 2 Accent 5\"\/>\n  <w:LsdException Locked=\"false\" Priority=\"69\" Name=\"Medium Grid 3 Accent 5\"\/>\n  <w:LsdException Locked=\"false\" Priority=\"70\" Name=\"Dark List Accent 5\"\/>\n  <w:LsdException Locked=\"false\" Priority=\"71\" Name=\"Colorful Shading Accent 5\"\/>\n  <w:LsdException Locked=\"false\" Priority=\"72\" Name=\"Colorful List Accent 5\"\/>\n  <w:LsdException Locked=\"false\" Priority=\"73\" Name=\"Colorful Grid Accent 5\"\/>\n  <w:LsdException Locked=\"false\" Priority=\"60\" Name=\"Light Shading Accent 6\"\/>\n  <w:LsdException Locked=\"false\" Priority=\"61\" Name=\"Light List Accent 6\"\/>\n  <w:LsdException Locked=\"false\" Priority=\"62\" Name=\"Light Grid Accent 6\"\/>\n  <w:LsdException Locked=\"false\" Priority=\"63\" Name=\"Medium Shading 1 Accent 6\"\/>\n  <w:LsdException Locked=\"false\" Priority=\"64\" Name=\"Medium Shading 2 Accent 6\"\/>\n  <w:LsdException Locked=\"false\" Priority=\"65\" Name=\"Medium List 1 Accent 6\"\/>\n  <w:LsdException Locked=\"false\" Priority=\"66\" Name=\"Medium List 2 Accent 6\"\/>\n  <w:LsdException Locked=\"false\" Priority=\"67\" Name=\"Medium Grid 1 Accent 6\"\/>\n  <w:LsdException Locked=\"false\" Priority=\"68\" Name=\"Medium Grid 2 Accent 6\"\/>\n  <w:LsdException Locked=\"false\" Priority=\"69\" Name=\"Medium Grid 3 Accent 6\"\/>\n  <w:LsdException Locked=\"false\" Priority=\"70\" Name=\"Dark List Accent 6\"\/>\n  <w:LsdException Locked=\"false\" Priority=\"71\" Name=\"Colorful Shading Accent 6\"\/>\n  <w:LsdException Locked=\"false\" Priority=\"72\" Name=\"Colorful List Accent 6\"\/>\n  <w:LsdException Locked=\"false\" Priority=\"73\" Name=\"Colorful Grid Accent 6\"\/>\n  <w:LsdException Locked=\"false\" Priority=\"19\" QFormat=\"true\"\n   Name=\"Subtle Emphasis\"\/>\n  <w:LsdException Locked=\"false\" Priority=\"21\" QFormat=\"true\"\n   Name=\"Intense Emphasis\"\/>\n  <w:LsdException Locked=\"false\" Priority=\"31\" QFormat=\"true\"\n   Name=\"Subtle Reference\"\/>\n  <w:LsdException Locked=\"false\" Priority=\"32\" QFormat=\"true\"\n   Name=\"Intense Reference\"\/>\n  <w:LsdException Locked=\"false\" Priority=\"33\" QFormat=\"true\" Name=\"Book Title\"\/>\n  <w:LsdException Locked=\"false\" Priority=\"37\" SemiHidden=\"true\"\n   UnhideWhenUsed=\"true\" Name=\"Bibliography\"\/>\n  <w:LsdException Locked=\"false\" Priority=\"39\" SemiHidden=\"true\"\n   UnhideWhenUsed=\"true\" QFormat=\"true\" Name=\"TOC Heading\"\/>\n  <w:LsdException Locked=\"false\" Priority=\"41\" Name=\"Plain Table 1\"\/>\n  <w:LsdException Locked=\"false\" Priority=\"42\" Name=\"Plain Table 2\"\/>\n  <w:LsdException Locked=\"false\" Priority=\"43\" Name=\"Plain Table 3\"\/>\n  <w:LsdException Locked=\"false\" Priority=\"44\" Name=\"Plain Table 4\"\/>\n  <w:LsdException Locked=\"false\" Priority=\"45\" Name=\"Plain Table 5\"\/>\n  <w:LsdException Locked=\"false\" Priority=\"40\" Name=\"Grid Table Light\"\/>\n  <w:LsdException Locked=\"false\" Priority=\"46\" Name=\"Grid Table 1 Light\"\/>\n  <w:LsdException Locked=\"false\" Priority=\"47\" Name=\"Grid Table 2\"\/>\n  <w:LsdException Locked=\"false\" Priority=\"48\" Name=\"Grid Table 3\"\/>\n  <w:LsdException Locked=\"false\" Priority=\"49\" Name=\"Grid Table 4\"\/>\n  <w:LsdException Locked=\"false\" Priority=\"50\" Name=\"Grid Table 5 Dark\"\/>\n  <w:LsdException Locked=\"false\" Priority=\"51\" Name=\"Grid Table 6 Colorful\"\/>\n  <w:LsdException Locked=\"false\" Priority=\"52\" Name=\"Grid Table 7 Colorful\"\/>\n  <w:LsdException Locked=\"false\" Priority=\"46\"\n   Name=\"Grid Table 1 Light Accent 1\"\/>\n  <w:LsdException Locked=\"false\" Priority=\"47\" Name=\"Grid Table 2 Accent 1\"\/>\n  <w:LsdException Locked=\"false\" Priority=\"48\" Name=\"Grid Table 3 Accent 1\"\/>\n  <w:LsdException Locked=\"false\" Priority=\"49\" Name=\"Grid Table 4 Accent 1\"\/>\n  <w:LsdException Locked=\"false\" Priority=\"50\" Name=\"Grid Table 5 Dark Accent 1\"\/>\n  <w:LsdException Locked=\"false\" Priority=\"51\"\n   Name=\"Grid Table 6 Colorful Accent 1\"\/>\n  <w:LsdException Locked=\"false\" Priority=\"52\"\n   Name=\"Grid Table 7 Colorful Accent 1\"\/>\n  <w:LsdException Locked=\"false\" Priority=\"46\"\n   Name=\"Grid Table 1 Light Accent 2\"\/>\n  <w:LsdException Locked=\"false\" Priority=\"47\" Name=\"Grid Table 2 Accent 2\"\/>\n  <w:LsdException Locked=\"false\" Priority=\"48\" Name=\"Grid Table 3 Accent 2\"\/>\n  <w:LsdException Locked=\"false\" Priority=\"49\" Name=\"Grid Table 4 Accent 2\"\/>\n  <w:LsdException Locked=\"false\" Priority=\"50\" Name=\"Grid Table 5 Dark Accent 2\"\/>\n  <w:LsdException Locked=\"false\" Priority=\"51\"\n   Name=\"Grid Table 6 Colorful Accent 2\"\/>\n  <w:LsdException Locked=\"false\" Priority=\"52\"\n   Name=\"Grid Table 7 Colorful Accent 2\"\/>\n  <w:LsdException Locked=\"false\" Priority=\"46\"\n   Name=\"Grid Table 1 Light Accent 3\"\/>\n  <w:LsdException Locked=\"false\" Priority=\"47\" Name=\"Grid Table 2 Accent 3\"\/>\n  <w:LsdException Locked=\"false\" Priority=\"48\" Name=\"Grid Table 3 Accent 3\"\/>\n  <w:LsdException Locked=\"false\" Priority=\"49\" Name=\"Grid Table 4 Accent 3\"\/>\n  <w:LsdException Locked=\"false\" Priority=\"50\" Name=\"Grid Table 5 Dark Accent 3\"\/>\n  <w:LsdException Locked=\"false\" Priority=\"51\"\n   Name=\"Grid Table 6 Colorful Accent 3\"\/>\n  <w:LsdException Locked=\"false\" Priority=\"52\"\n   Name=\"Grid Table 7 Colorful Accent 3\"\/>\n  <w:LsdException Locked=\"false\" Priority=\"46\"\n   Name=\"Grid Table 1 Light Accent 4\"\/>\n  <w:LsdException Locked=\"false\" Priority=\"47\" Name=\"Grid Table 2 Accent 4\"\/>\n  <w:LsdException Locked=\"false\" Priority=\"48\" Name=\"Grid Table 3 Accent 4\"\/>\n  <w:LsdException Locked=\"false\" Priority=\"49\" Name=\"Grid Table 4 Accent 4\"\/>\n  <w:LsdException Locked=\"false\" Priority=\"50\" Name=\"Grid Table 5 Dark Accent 4\"\/>\n  <w:LsdException Locked=\"false\" Priority=\"51\"\n   Name=\"Grid Table 6 Colorful Accent 4\"\/>\n  <w:LsdException Locked=\"false\" Priority=\"52\"\n   Name=\"Grid Table 7 Colorful Accent 4\"\/>\n  <w:LsdException Locked=\"false\" Priority=\"46\"\n   Name=\"Grid Table 1 Light Accent 5\"\/>\n  <w:LsdException Locked=\"false\" Priority=\"47\" Name=\"Grid Table 2 Accent 5\"\/>\n  <w:LsdException Locked=\"false\" Priority=\"48\" Name=\"Grid Table 3 Accent 5\"\/>\n  <w:LsdException Locked=\"false\" Priority=\"49\" Name=\"Grid Table 4 Accent 5\"\/>\n  <w:LsdException Locked=\"false\" Priority=\"50\" Name=\"Grid Table 5 Dark Accent 5\"\/>\n  <w:LsdException Locked=\"false\" Priority=\"51\"\n   Name=\"Grid Table 6 Colorful Accent 5\"\/>\n  <w:LsdException Locked=\"false\" Priority=\"52\"\n   Name=\"Grid Table 7 Colorful Accent 5\"\/>\n  <w:LsdException Locked=\"false\" Priority=\"46\"\n   Name=\"Grid Table 1 Light Accent 6\"\/>\n  <w:LsdException Locked=\"false\" Priority=\"47\" Name=\"Grid Table 2 Accent 6\"\/>\n  <w:LsdException Locked=\"false\" Priority=\"48\" Name=\"Grid Table 3 Accent 6\"\/>\n  <w:LsdException Locked=\"false\" Priority=\"49\" Name=\"Grid Table 4 Accent 6\"\/>\n  <w:LsdException Locked=\"false\" Priority=\"50\" Name=\"Grid Table 5 Dark Accent 6\"\/>\n  <w:LsdException Locked=\"false\" Priority=\"51\"\n   Name=\"Grid Table 6 Colorful Accent 6\"\/>\n  <w:LsdException Locked=\"false\" Priority=\"52\"\n   Name=\"Grid Table 7 Colorful Accent 6\"\/>\n  <w:LsdException Locked=\"false\" Priority=\"46\" Name=\"List Table 1 Light\"\/>\n  <w:LsdException Locked=\"false\" Priority=\"47\" Name=\"List Table 2\"\/>\n  <w:LsdException Locked=\"false\" Priority=\"48\" Name=\"List Table 3\"\/>\n  <w:LsdException Locked=\"false\" Priority=\"49\" Name=\"List Table 4\"\/>\n  <w:LsdException Locked=\"false\" Priority=\"50\" Name=\"List Table 5 Dark\"\/>\n  <w:LsdException Locked=\"false\" Priority=\"51\" Name=\"List Table 6 Colorful\"\/>\n  <w:LsdException Locked=\"false\" Priority=\"52\" Name=\"List Table 7 Colorful\"\/>\n  <w:LsdException Locked=\"false\" Priority=\"46\"\n   Name=\"List Table 1 Light Accent 1\"\/>\n  <w:LsdException Locked=\"false\" Priority=\"47\" Name=\"List Table 2 Accent 1\"\/>\n  <w:LsdException Locked=\"false\" Priority=\"48\" Name=\"List Table 3 Accent 1\"\/>\n  <w:LsdException Locked=\"false\" Priority=\"49\" Name=\"List Table 4 Accent 1\"\/>\n  <w:LsdException Locked=\"false\" Priority=\"50\" Name=\"List Table 5 Dark Accent 1\"\/>\n  <w:LsdException Locked=\"false\" Priority=\"51\"\n   Name=\"List Table 6 Colorful Accent 1\"\/>\n  <w:LsdException Locked=\"false\" Priority=\"52\"\n   Name=\"List Table 7 Colorful Accent 1\"\/>\n  <w:LsdException Locked=\"false\" Priority=\"46\"\n   Name=\"List Table 1 Light Accent 2\"\/>\n  <w:LsdException Locked=\"false\" Priority=\"47\" Name=\"List Table 2 Accent 2\"\/>\n  <w:LsdException Locked=\"false\" Priority=\"48\" Name=\"List Table 3 Accent 2\"\/>\n  <w:LsdException Locked=\"false\" Priority=\"49\" Name=\"List Table 4 Accent 2\"\/>\n  <w:LsdException Locked=\"false\" Priority=\"50\" Name=\"List Table 5 Dark Accent 2\"\/>\n  <w:LsdException Locked=\"false\" Priority=\"51\"\n   Name=\"List Table 6 Colorful Accent 2\"\/>\n  <w:LsdException Locked=\"false\" Priority=\"52\"\n   Name=\"List Table 7 Colorful Accent 2\"\/>\n  <w:LsdException Locked=\"false\" Priority=\"46\"\n   Name=\"List Table 1 Light Accent 3\"\/>\n  <w:LsdException Locked=\"false\" Priority=\"47\" Name=\"List Table 2 Accent 3\"\/>\n  <w:LsdException Locked=\"false\" Priority=\"48\" Name=\"List Table 3 Accent 3\"\/>\n  <w:LsdException Locked=\"false\" Priority=\"49\" Name=\"List Table 4 Accent 3\"\/>\n  <w:LsdException Locked=\"false\" Priority=\"50\" Name=\"List Table 5 Dark Accent 3\"\/>\n  <w:LsdException Locked=\"false\" Priority=\"51\"\n   Name=\"List Table 6 Colorful Accent 3\"\/>\n  <w:LsdException Locked=\"false\" Priority=\"52\"\n   Name=\"List Table 7 Colorful Accent 3\"\/>\n  <w:LsdException Locked=\"false\" Priority=\"46\"\n   Name=\"List Table 1 Light Accent 4\"\/>\n  <w:LsdException Locked=\"false\" Priority=\"47\" Name=\"List Table 2 Accent 4\"\/>\n  <w:LsdException Locked=\"false\" Priority=\"48\" Name=\"List Table 3 Accent 4\"\/>\n  <w:LsdException Locked=\"false\" Priority=\"49\" Name=\"List Table 4 Accent 4\"\/>\n  <w:LsdException Locked=\"false\" Priority=\"50\" Name=\"List Table 5 Dark Accent 4\"\/>\n  <w:LsdException Locked=\"false\" Priority=\"51\"\n   Name=\"List Table 6 Colorful Accent 4\"\/>\n  <w:LsdException Locked=\"false\" Priority=\"52\"\n   Name=\"List Table 7 Colorful Accent 4\"\/>\n  <w:LsdException Locked=\"false\" Priority=\"46\"\n   Name=\"List Table 1 Light Accent 5\"\/>\n  <w:LsdException Locked=\"false\" Priority=\"47\" Name=\"List Table 2 Accent 5\"\/>\n  <w:LsdException Locked=\"false\" Priority=\"48\" Name=\"List Table 3 Accent 5\"\/>\n  <w:LsdException Locked=\"false\" Priority=\"49\" Name=\"List Table 4 Accent 5\"\/>\n  <w:LsdException Locked=\"false\" Priority=\"50\" Name=\"List Table 5 Dark Accent 5\"\/>\n  <w:LsdException Locked=\"false\" Priority=\"51\"\n   Name=\"List Table 6 Colorful Accent 5\"\/>\n  <w:LsdException Locked=\"false\" Priority=\"52\"\n   Name=\"List Table 7 Colorful Accent 5\"\/>\n  <w:LsdException Locked=\"false\" Priority=\"46\"\n   Name=\"List Table 1 Light Accent 6\"\/>\n  <w:LsdException Locked=\"false\" Priority=\"47\" Name=\"List Table 2 Accent 6\"\/>\n  <w:LsdException Locked=\"false\" Priority=\"48\" Name=\"List Table 3 Accent 6\"\/>\n  <w:LsdException Locked=\"false\" Priority=\"49\" Name=\"List Table 4 Accent 6\"\/>\n  <w:LsdException Locked=\"false\" Priority=\"50\" Name=\"List Table 5 Dark Accent 6\"\/>\n  <w:LsdException Locked=\"false\" Priority=\"51\"\n   Name=\"List Table 6 Colorful Accent 6\"\/>\n  <w:LsdException Locked=\"false\" Priority=\"52\"\n   Name=\"List Table 7 Colorful Accent 6\"\/>\n  <w:LsdException Locked=\"false\" SemiHidden=\"true\" UnhideWhenUsed=\"true\"\n   Name=\"Mention\"\/>\n  <w:LsdException Locked=\"false\" SemiHidden=\"true\" UnhideWhenUsed=\"true\"\n   Name=\"Smart Hyperlink\"\/>\n  <w:LsdException Locked=\"false\" SemiHidden=\"true\" UnhideWhenUsed=\"true\"\n   Name=\"Hashtag\"\/>\n  <w:LsdException Locked=\"false\" SemiHidden=\"true\" UnhideWhenUsed=\"true\"\n   Name=\"Unresolved Mention\"\/>\n <\/w:LatentStyles>\n<\/xml><![endif]--> <!-- [if gte mso 10]>\n<style>\n \/* Style Definitions *\/\n table.MsoNormalTable\n\t{mso-style-name:\"Normale Tabelle\";\n\tmso-tstyle-rowband-size:0;\n\tmso-tstyle-colband-size:0;\n\tmso-style-noshow:yes;\n\tmso-style-priority:99;\n\tmso-style-parent:\"\";\n\tmso-padding-alt:0cm 5.4pt 0cm 5.4pt;\n\tmso-para-margin:0cm;\n\tmso-para-margin-bottom:.0001pt;\n\tmso-pagination:widow-orphan;\n\tfont-size:12.0pt;\n\tfont-family:\"Calibri\",sans-serif;\n\tmso-ascii-font-family:Calibri;\n\tmso-ascii-theme-font:minor-latin;\n\tmso-hansi-font-family:Calibri;\n\tmso-hansi-theme-font:minor-latin;\n\tmso-bidi-font-family:\"Times New Roman\";\n\tmso-bidi-theme-font:minor-bidi;\n\tmso-ansi-language:DE;\n\tmso-fareast-language:EN-US;}\n<\/style>\n<![endif]--> <!--StartFragment--> <!--EndFragment--><\/p>\n<p class=\"MsoNormal\"><!-- [if gte mso 9]><xml>\n <o:OfficeDocumentSettings>\n  <o:AllowPNG\/>\n <\/o:OfficeDocumentSettings>\n<\/xml><![endif]--> <!-- [if gte mso 9]><xml>\n <w:WordDocument>\n  <w:View>Normal<\/w:View>\n  <w:Zoom>0<\/w:Zoom>\n  <w:TrackMoves\/>\n  <w:TrackFormatting\/>\n  <w:HyphenationZone>21<\/w:HyphenationZone>\n  <w:PunctuationKerning\/>\n  <w:ValidateAgainstSchemas\/>\n  <w:SaveIfXMLInvalid>false<\/w:SaveIfXMLInvalid>\n  <w:IgnoreMixedContent>false<\/w:IgnoreMixedContent>\n  <w:AlwaysShowPlaceholderText>false<\/w:AlwaysShowPlaceholderText>\n  <w:DoNotPromoteQF\/>\n  <w:LidThemeOther>DE<\/w:LidThemeOther>\n  <w:LidThemeAsian>X-NONE<\/w:LidThemeAsian>\n  <w:LidThemeComplexScript>X-NONE<\/w:LidThemeComplexScript>\n  <w:Compatibility>\n   <w:BreakWrappedTables\/>\n   <w:SnapToGridInCell\/>\n   <w:WrapTextWithPunct\/>\n   <w:UseAsianBreakRules\/>\n   <w:DontGrowAutofit\/>\n   <w:SplitPgBreakAndParaMark\/>\n   <w:EnableOpenTypeKerning\/>\n   <w:DontFlipMirrorIndents\/>\n   <w:OverrideTableStyleHps\/>\n  <\/w:Compatibility>\n  <w:DoNotOptimizeForBrowser\/>\n  <m:mathPr>\n   <m:mathFont m:val=\"Cambria Math\"\/>\n   <m:brkBin m:val=\"before\"\/>\n   <m:brkBinSub m:val=\"&#45;-\"\/>\n   <m:smallFrac m:val=\"off\"\/>\n   <m:dispDef\/>\n   <m:lMargin m:val=\"0\"\/>\n   <m:rMargin m:val=\"0\"\/>\n   <m:defJc m:val=\"centerGroup\"\/>\n   <m:wrapIndent m:val=\"1440\"\/>\n   <m:intLim m:val=\"subSup\"\/>\n   <m:naryLim m:val=\"undOvr\"\/>\n  <\/m:mathPr><\/w:WordDocument>\n<\/xml><![endif]--><!-- [if gte mso 9]><xml>\n <w:LatentStyles DefLockedState=\"false\" DefUnhideWhenUsed=\"false\"\n  DefSemiHidden=\"false\" DefQFormat=\"false\" DefPriority=\"99\"\n  LatentStyleCount=\"375\">\n  <w:LsdException Locked=\"false\" Priority=\"0\" QFormat=\"true\" Name=\"Normal\"\/>\n  <w:LsdException Locked=\"false\" Priority=\"9\" QFormat=\"true\" Name=\"heading 1\"\/>\n  <w:LsdException Locked=\"false\" Priority=\"9\" SemiHidden=\"true\"\n   UnhideWhenUsed=\"true\" QFormat=\"true\" Name=\"heading 2\"\/>\n  <w:LsdException Locked=\"false\" Priority=\"9\" SemiHidden=\"true\"\n   UnhideWhenUsed=\"true\" QFormat=\"true\" Name=\"heading 3\"\/>\n  <w:LsdException Locked=\"false\" Priority=\"9\" SemiHidden=\"true\"\n   UnhideWhenUsed=\"true\" QFormat=\"true\" Name=\"heading 4\"\/>\n  <w:LsdException Locked=\"false\" Priority=\"9\" SemiHidden=\"true\"\n   UnhideWhenUsed=\"true\" QFormat=\"true\" Name=\"heading 5\"\/>\n  <w:LsdException Locked=\"false\" Priority=\"9\" SemiHidden=\"true\"\n   UnhideWhenUsed=\"true\" QFormat=\"true\" Name=\"heading 6\"\/>\n  <w:LsdException Locked=\"false\" Priority=\"9\" SemiHidden=\"true\"\n   UnhideWhenUsed=\"true\" QFormat=\"true\" Name=\"heading 7\"\/>\n  <w:LsdException Locked=\"false\" Priority=\"9\" SemiHidden=\"true\"\n   UnhideWhenUsed=\"true\" QFormat=\"true\" Name=\"heading 8\"\/>\n  <w:LsdException Locked=\"false\" Priority=\"9\" SemiHidden=\"true\"\n   UnhideWhenUsed=\"true\" QFormat=\"true\" Name=\"heading 9\"\/>\n  <w:LsdException Locked=\"false\" SemiHidden=\"true\" UnhideWhenUsed=\"true\"\n   Name=\"index 1\"\/>\n  <w:LsdException Locked=\"false\" SemiHidden=\"true\" UnhideWhenUsed=\"true\"\n   Name=\"index 2\"\/>\n  <w:LsdException Locked=\"false\" SemiHidden=\"true\" UnhideWhenUsed=\"true\"\n   Name=\"index 3\"\/>\n  <w:LsdException Locked=\"false\" SemiHidden=\"true\" UnhideWhenUsed=\"true\"\n   Name=\"index 4\"\/>\n  <w:LsdException Locked=\"false\" SemiHidden=\"true\" UnhideWhenUsed=\"true\"\n   Name=\"index 5\"\/>\n  <w:LsdException Locked=\"false\" SemiHidden=\"true\" UnhideWhenUsed=\"true\"\n   Name=\"index 6\"\/>\n  <w:LsdException Locked=\"false\" SemiHidden=\"true\" UnhideWhenUsed=\"true\"\n   Name=\"index 7\"\/>\n  <w:LsdException Locked=\"false\" SemiHidden=\"true\" UnhideWhenUsed=\"true\"\n   Name=\"index 8\"\/>\n  <w:LsdException Locked=\"false\" SemiHidden=\"true\" UnhideWhenUsed=\"true\"\n   Name=\"index 9\"\/>\n  <w:LsdException Locked=\"false\" Priority=\"39\" SemiHidden=\"true\"\n   UnhideWhenUsed=\"true\" Name=\"toc 1\"\/>\n  <w:LsdException Locked=\"false\" Priority=\"39\" SemiHidden=\"true\"\n   UnhideWhenUsed=\"true\" Name=\"toc 2\"\/>\n  <w:LsdException Locked=\"false\" Priority=\"39\" SemiHidden=\"true\"\n   UnhideWhenUsed=\"true\" Name=\"toc 3\"\/>\n  <w:LsdException Locked=\"false\" Priority=\"39\" SemiHidden=\"true\"\n   UnhideWhenUsed=\"true\" Name=\"toc 4\"\/>\n  <w:LsdException Locked=\"false\" Priority=\"39\" SemiHidden=\"true\"\n   UnhideWhenUsed=\"true\" Name=\"toc 5\"\/>\n  <w:LsdException Locked=\"false\" Priority=\"39\" SemiHidden=\"true\"\n   UnhideWhenUsed=\"true\" Name=\"toc 6\"\/>\n  <w:LsdException Locked=\"false\" Priority=\"39\" SemiHidden=\"true\"\n   UnhideWhenUsed=\"true\" Name=\"toc 7\"\/>\n  <w:LsdException Locked=\"false\" Priority=\"39\" SemiHidden=\"true\"\n   UnhideWhenUsed=\"true\" Name=\"toc 8\"\/>\n  <w:LsdException Locked=\"false\" Priority=\"39\" SemiHidden=\"true\"\n   UnhideWhenUsed=\"true\" Name=\"toc 9\"\/>\n  <w:LsdException Locked=\"false\" SemiHidden=\"true\" UnhideWhenUsed=\"true\"\n   Name=\"Normal Indent\"\/>\n  <w:LsdException Locked=\"false\" SemiHidden=\"true\" UnhideWhenUsed=\"true\"\n   Name=\"footnote text\"\/>\n  <w:LsdException Locked=\"false\" SemiHidden=\"true\" UnhideWhenUsed=\"true\"\n   Name=\"annotation text\"\/>\n  <w:LsdException Locked=\"false\" SemiHidden=\"true\" UnhideWhenUsed=\"true\"\n   Name=\"header\"\/>\n  <w:LsdException Locked=\"false\" SemiHidden=\"true\" UnhideWhenUsed=\"true\"\n   Name=\"footer\"\/>\n  <w:LsdException Locked=\"false\" SemiHidden=\"true\" UnhideWhenUsed=\"true\"\n   Name=\"index heading\"\/>\n  <w:LsdException Locked=\"false\" Priority=\"35\" SemiHidden=\"true\"\n   UnhideWhenUsed=\"true\" QFormat=\"true\" Name=\"caption\"\/>\n  <w:LsdException Locked=\"false\" SemiHidden=\"true\" UnhideWhenUsed=\"true\"\n   Name=\"table of figures\"\/>\n  <w:LsdException Locked=\"false\" SemiHidden=\"true\" UnhideWhenUsed=\"true\"\n   Name=\"envelope address\"\/>\n  <w:LsdException Locked=\"false\" SemiHidden=\"true\" UnhideWhenUsed=\"true\"\n   Name=\"envelope return\"\/>\n  <w:LsdException Locked=\"false\" SemiHidden=\"true\" UnhideWhenUsed=\"true\"\n   Name=\"footnote reference\"\/>\n  <w:LsdException Locked=\"false\" SemiHidden=\"true\" UnhideWhenUsed=\"true\"\n   Name=\"annotation reference\"\/>\n  <w:LsdException Locked=\"false\" SemiHidden=\"true\" UnhideWhenUsed=\"true\"\n   Name=\"line number\"\/>\n  <w:LsdException Locked=\"false\" SemiHidden=\"true\" UnhideWhenUsed=\"true\"\n   Name=\"page number\"\/>\n  <w:LsdException Locked=\"false\" SemiHidden=\"true\" UnhideWhenUsed=\"true\"\n   Name=\"endnote reference\"\/>\n  <w:LsdException Locked=\"false\" SemiHidden=\"true\" UnhideWhenUsed=\"true\"\n   Name=\"endnote text\"\/>\n  <w:LsdException Locked=\"false\" SemiHidden=\"true\" UnhideWhenUsed=\"true\"\n   Name=\"table of authorities\"\/>\n  <w:LsdException Locked=\"false\" SemiHidden=\"true\" UnhideWhenUsed=\"true\"\n   Name=\"macro\"\/>\n  <w:LsdException Locked=\"false\" SemiHidden=\"true\" UnhideWhenUsed=\"true\"\n   Name=\"toa heading\"\/>\n  <w:LsdException Locked=\"false\" SemiHidden=\"true\" UnhideWhenUsed=\"true\"\n   Name=\"List\"\/>\n  <w:LsdException Locked=\"false\" SemiHidden=\"true\" UnhideWhenUsed=\"true\"\n   Name=\"List Bullet\"\/>\n  <w:LsdException Locked=\"false\" SemiHidden=\"true\" UnhideWhenUsed=\"true\"\n   Name=\"List Number\"\/>\n  <w:LsdException Locked=\"false\" SemiHidden=\"true\" UnhideWhenUsed=\"true\"\n   Name=\"List 2\"\/>\n  <w:LsdException Locked=\"false\" SemiHidden=\"true\" UnhideWhenUsed=\"true\"\n   Name=\"List 3\"\/>\n  <w:LsdException Locked=\"false\" SemiHidden=\"true\" UnhideWhenUsed=\"true\"\n   Name=\"List 4\"\/>\n  <w:LsdException Locked=\"false\" SemiHidden=\"true\" UnhideWhenUsed=\"true\"\n   Name=\"List 5\"\/>\n  <w:LsdException Locked=\"false\" SemiHidden=\"true\" UnhideWhenUsed=\"true\"\n   Name=\"List Bullet 2\"\/>\n  <w:LsdException Locked=\"false\" SemiHidden=\"true\" UnhideWhenUsed=\"true\"\n   Name=\"List Bullet 3\"\/>\n  <w:LsdException Locked=\"false\" SemiHidden=\"true\" UnhideWhenUsed=\"true\"\n   Name=\"List Bullet 4\"\/>\n  <w:LsdException Locked=\"false\" SemiHidden=\"true\" UnhideWhenUsed=\"true\"\n   Name=\"List Bullet 5\"\/>\n  <w:LsdException Locked=\"false\" SemiHidden=\"true\" UnhideWhenUsed=\"true\"\n   Name=\"List Number 2\"\/>\n  <w:LsdException Locked=\"false\" SemiHidden=\"true\" UnhideWhenUsed=\"true\"\n   Name=\"List Number 3\"\/>\n  <w:LsdException Locked=\"false\" SemiHidden=\"true\" UnhideWhenUsed=\"true\"\n   Name=\"List Number 4\"\/>\n  <w:LsdException Locked=\"false\" SemiHidden=\"true\" UnhideWhenUsed=\"true\"\n   Name=\"List Number 5\"\/>\n  <w:LsdException Locked=\"false\" Priority=\"10\" QFormat=\"true\" Name=\"Title\"\/>\n  <w:LsdException Locked=\"false\" SemiHidden=\"true\" UnhideWhenUsed=\"true\"\n   Name=\"Closing\"\/>\n  <w:LsdException Locked=\"false\" SemiHidden=\"true\" UnhideWhenUsed=\"true\"\n   Name=\"Signature\"\/>\n  <w:LsdException Locked=\"false\" Priority=\"1\" SemiHidden=\"true\"\n   UnhideWhenUsed=\"true\" Name=\"Default Paragraph Font\"\/>\n  <w:LsdException Locked=\"false\" SemiHidden=\"true\" UnhideWhenUsed=\"true\"\n   Name=\"Body Text\"\/>\n  <w:LsdException Locked=\"false\" SemiHidden=\"true\" UnhideWhenUsed=\"true\"\n   Name=\"Body Text Indent\"\/>\n  <w:LsdException Locked=\"false\" SemiHidden=\"true\" UnhideWhenUsed=\"true\"\n   Name=\"List Continue\"\/>\n  <w:LsdException Locked=\"false\" SemiHidden=\"true\" UnhideWhenUsed=\"true\"\n   Name=\"List Continue 2\"\/>\n  <w:LsdException Locked=\"false\" SemiHidden=\"true\" UnhideWhenUsed=\"true\"\n   Name=\"List Continue 3\"\/>\n  <w:LsdException Locked=\"false\" SemiHidden=\"true\" UnhideWhenUsed=\"true\"\n   Name=\"List Continue 4\"\/>\n  <w:LsdException Locked=\"false\" SemiHidden=\"true\" UnhideWhenUsed=\"true\"\n   Name=\"List Continue 5\"\/>\n  <w:LsdException Locked=\"false\" SemiHidden=\"true\" UnhideWhenUsed=\"true\"\n   Name=\"Message Header\"\/>\n  <w:LsdException Locked=\"false\" Priority=\"11\" QFormat=\"true\" Name=\"Subtitle\"\/>\n  <w:LsdException Locked=\"false\" SemiHidden=\"true\" UnhideWhenUsed=\"true\"\n   Name=\"Salutation\"\/>\n  <w:LsdException Locked=\"false\" SemiHidden=\"true\" UnhideWhenUsed=\"true\"\n   Name=\"Date\"\/>\n  <w:LsdException Locked=\"false\" SemiHidden=\"true\" UnhideWhenUsed=\"true\"\n   Name=\"Body Text First Indent\"\/>\n  <w:LsdException Locked=\"false\" SemiHidden=\"true\" UnhideWhenUsed=\"true\"\n   Name=\"Body Text First Indent 2\"\/>\n  <w:LsdException Locked=\"false\" SemiHidden=\"true\" UnhideWhenUsed=\"true\"\n   Name=\"Note Heading\"\/>\n  <w:LsdException Locked=\"false\" SemiHidden=\"true\" UnhideWhenUsed=\"true\"\n   Name=\"Body Text 2\"\/>\n  <w:LsdException Locked=\"false\" SemiHidden=\"true\" UnhideWhenUsed=\"true\"\n   Name=\"Body Text 3\"\/>\n  <w:LsdException Locked=\"false\" SemiHidden=\"true\" UnhideWhenUsed=\"true\"\n   Name=\"Body Text Indent 2\"\/>\n  <w:LsdException Locked=\"false\" SemiHidden=\"true\" UnhideWhenUsed=\"true\"\n   Name=\"Body Text Indent 3\"\/>\n  <w:LsdException Locked=\"false\" SemiHidden=\"true\" UnhideWhenUsed=\"true\"\n   Name=\"Block Text\"\/>\n  <w:LsdException Locked=\"false\" SemiHidden=\"true\" UnhideWhenUsed=\"true\"\n   Name=\"Hyperlink\"\/>\n  <w:LsdException Locked=\"false\" SemiHidden=\"true\" UnhideWhenUsed=\"true\"\n   Name=\"FollowedHyperlink\"\/>\n  <w:LsdException Locked=\"false\" Priority=\"22\" QFormat=\"true\" Name=\"Strong\"\/>\n  <w:LsdException Locked=\"false\" Priority=\"20\" QFormat=\"true\" Name=\"Emphasis\"\/>\n  <w:LsdException Locked=\"false\" SemiHidden=\"true\" UnhideWhenUsed=\"true\"\n   Name=\"Document Map\"\/>\n  <w:LsdException Locked=\"false\" SemiHidden=\"true\" UnhideWhenUsed=\"true\"\n   Name=\"Plain Text\"\/>\n  <w:LsdException Locked=\"false\" SemiHidden=\"true\" UnhideWhenUsed=\"true\"\n   Name=\"E-mail Signature\"\/>\n  <w:LsdException Locked=\"false\" SemiHidden=\"true\" UnhideWhenUsed=\"true\"\n   Name=\"HTML Top of Form\"\/>\n  <w:LsdException Locked=\"false\" SemiHidden=\"true\" UnhideWhenUsed=\"true\"\n   Name=\"HTML Bottom of Form\"\/>\n  <w:LsdException Locked=\"false\" SemiHidden=\"true\" UnhideWhenUsed=\"true\"\n   Name=\"Normal (Web)\"\/>\n  <w:LsdException Locked=\"false\" SemiHidden=\"true\" UnhideWhenUsed=\"true\"\n   Name=\"HTML Acronym\"\/>\n  <w:LsdException Locked=\"false\" SemiHidden=\"true\" UnhideWhenUsed=\"true\"\n   Name=\"HTML Address\"\/>\n  <w:LsdException Locked=\"false\" SemiHidden=\"true\" UnhideWhenUsed=\"true\"\n   Name=\"HTML Cite\"\/>\n  <w:LsdException Locked=\"false\" SemiHidden=\"true\" UnhideWhenUsed=\"true\"\n   Name=\"HTML Code\"\/>\n  <w:LsdException Locked=\"false\" SemiHidden=\"true\" UnhideWhenUsed=\"true\"\n   Name=\"HTML Definition\"\/>\n  <w:LsdException Locked=\"false\" SemiHidden=\"true\" UnhideWhenUsed=\"true\"\n   Name=\"HTML Keyboard\"\/>\n  <w:LsdException Locked=\"false\" SemiHidden=\"true\" UnhideWhenUsed=\"true\"\n   Name=\"HTML Preformatted\"\/>\n  <w:LsdException Locked=\"false\" SemiHidden=\"true\" UnhideWhenUsed=\"true\"\n   Name=\"HTML Sample\"\/>\n  <w:LsdException Locked=\"false\" SemiHidden=\"true\" UnhideWhenUsed=\"true\"\n   Name=\"HTML Typewriter\"\/>\n  <w:LsdException Locked=\"false\" SemiHidden=\"true\" UnhideWhenUsed=\"true\"\n   Name=\"HTML Variable\"\/>\n  <w:LsdException Locked=\"false\" SemiHidden=\"true\" UnhideWhenUsed=\"true\"\n   Name=\"Normal Table\"\/>\n  <w:LsdException Locked=\"false\" SemiHidden=\"true\" UnhideWhenUsed=\"true\"\n   Name=\"annotation subject\"\/>\n  <w:LsdException Locked=\"false\" SemiHidden=\"true\" UnhideWhenUsed=\"true\"\n   Name=\"No List\"\/>\n  <w:LsdException Locked=\"false\" SemiHidden=\"true\" UnhideWhenUsed=\"true\"\n   Name=\"Outline List 1\"\/>\n  <w:LsdException Locked=\"false\" SemiHidden=\"true\" UnhideWhenUsed=\"true\"\n   Name=\"Outline List 2\"\/>\n  <w:LsdException Locked=\"false\" SemiHidden=\"true\" UnhideWhenUsed=\"true\"\n   Name=\"Outline List 3\"\/>\n  <w:LsdException Locked=\"false\" SemiHidden=\"true\" UnhideWhenUsed=\"true\"\n   Name=\"Table Simple 1\"\/>\n  <w:LsdException Locked=\"false\" SemiHidden=\"true\" UnhideWhenUsed=\"true\"\n   Name=\"Table Simple 2\"\/>\n  <w:LsdException Locked=\"false\" SemiHidden=\"true\" UnhideWhenUsed=\"true\"\n   Name=\"Table Simple 3\"\/>\n  <w:LsdException Locked=\"false\" SemiHidden=\"true\" UnhideWhenUsed=\"true\"\n   Name=\"Table Classic 1\"\/>\n  <w:LsdException Locked=\"false\" SemiHidden=\"true\" UnhideWhenUsed=\"true\"\n   Name=\"Table Classic 2\"\/>\n  <w:LsdException Locked=\"false\" SemiHidden=\"true\" UnhideWhenUsed=\"true\"\n   Name=\"Table Classic 3\"\/>\n  <w:LsdException Locked=\"false\" SemiHidden=\"true\" UnhideWhenUsed=\"true\"\n   Name=\"Table Classic 4\"\/>\n  <w:LsdException Locked=\"false\" SemiHidden=\"true\" UnhideWhenUsed=\"true\"\n   Name=\"Table Colorful 1\"\/>\n  <w:LsdException Locked=\"false\" SemiHidden=\"true\" UnhideWhenUsed=\"true\"\n   Name=\"Table Colorful 2\"\/>\n  <w:LsdException Locked=\"false\" SemiHidden=\"true\" UnhideWhenUsed=\"true\"\n   Name=\"Table Colorful 3\"\/>\n  <w:LsdException Locked=\"false\" SemiHidden=\"true\" UnhideWhenUsed=\"true\"\n   Name=\"Table Columns 1\"\/>\n  <w:LsdException Locked=\"false\" SemiHidden=\"true\" UnhideWhenUsed=\"true\"\n   Name=\"Table Columns 2\"\/>\n  <w:LsdException Locked=\"false\" SemiHidden=\"true\" UnhideWhenUsed=\"true\"\n   Name=\"Table Columns 3\"\/>\n  <w:LsdException Locked=\"false\" SemiHidden=\"true\" UnhideWhenUsed=\"true\"\n   Name=\"Table Columns 4\"\/>\n  <w:LsdException Locked=\"false\" SemiHidden=\"true\" UnhideWhenUsed=\"true\"\n   Name=\"Table Columns 5\"\/>\n  <w:LsdException Locked=\"false\" SemiHidden=\"true\" UnhideWhenUsed=\"true\"\n   Name=\"Table Grid 1\"\/>\n  <w:LsdException Locked=\"false\" SemiHidden=\"true\" UnhideWhenUsed=\"true\"\n   Name=\"Table Grid 2\"\/>\n  <w:LsdException Locked=\"false\" SemiHidden=\"true\" UnhideWhenUsed=\"true\"\n   Name=\"Table Grid 3\"\/>\n  <w:LsdException Locked=\"false\" SemiHidden=\"true\" UnhideWhenUsed=\"true\"\n   Name=\"Table Grid 4\"\/>\n  <w:LsdException Locked=\"false\" SemiHidden=\"true\" UnhideWhenUsed=\"true\"\n   Name=\"Table Grid 5\"\/>\n  <w:LsdException Locked=\"false\" SemiHidden=\"true\" UnhideWhenUsed=\"true\"\n   Name=\"Table Grid 6\"\/>\n  <w:LsdException Locked=\"false\" SemiHidden=\"true\" UnhideWhenUsed=\"true\"\n   Name=\"Table Grid 7\"\/>\n  <w:LsdException Locked=\"false\" SemiHidden=\"true\" UnhideWhenUsed=\"true\"\n   Name=\"Table Grid 8\"\/>\n  <w:LsdException Locked=\"false\" SemiHidden=\"true\" UnhideWhenUsed=\"true\"\n   Name=\"Table List 1\"\/>\n  <w:LsdException Locked=\"false\" SemiHidden=\"true\" UnhideWhenUsed=\"true\"\n   Name=\"Table List 2\"\/>\n  <w:LsdException Locked=\"false\" SemiHidden=\"true\" UnhideWhenUsed=\"true\"\n   Name=\"Table List 3\"\/>\n  <w:LsdException Locked=\"false\" SemiHidden=\"true\" UnhideWhenUsed=\"true\"\n   Name=\"Table List 4\"\/>\n  <w:LsdException Locked=\"false\" SemiHidden=\"true\" UnhideWhenUsed=\"true\"\n   Name=\"Table List 5\"\/>\n  <w:LsdException Locked=\"false\" SemiHidden=\"true\" UnhideWhenUsed=\"true\"\n   Name=\"Table List 6\"\/>\n  <w:LsdException Locked=\"false\" SemiHidden=\"true\" UnhideWhenUsed=\"true\"\n   Name=\"Table List 7\"\/>\n  <w:LsdException Locked=\"false\" SemiHidden=\"true\" UnhideWhenUsed=\"true\"\n   Name=\"Table List 8\"\/>\n  <w:LsdException Locked=\"false\" SemiHidden=\"true\" UnhideWhenUsed=\"true\"\n   Name=\"Table 3D effects 1\"\/>\n  <w:LsdException Locked=\"false\" SemiHidden=\"true\" UnhideWhenUsed=\"true\"\n   Name=\"Table 3D effects 2\"\/>\n  <w:LsdException Locked=\"false\" SemiHidden=\"true\" UnhideWhenUsed=\"true\"\n   Name=\"Table 3D effects 3\"\/>\n  <w:LsdException Locked=\"false\" SemiHidden=\"true\" UnhideWhenUsed=\"true\"\n   Name=\"Table Contemporary\"\/>\n  <w:LsdException Locked=\"false\" SemiHidden=\"true\" UnhideWhenUsed=\"true\"\n   Name=\"Table Elegant\"\/>\n  <w:LsdException Locked=\"false\" SemiHidden=\"true\" UnhideWhenUsed=\"true\"\n   Name=\"Table Professional\"\/>\n  <w:LsdException Locked=\"false\" SemiHidden=\"true\" UnhideWhenUsed=\"true\"\n   Name=\"Table Subtle 1\"\/>\n  <w:LsdException Locked=\"false\" SemiHidden=\"true\" UnhideWhenUsed=\"true\"\n   Name=\"Table Subtle 2\"\/>\n  <w:LsdException Locked=\"false\" SemiHidden=\"true\" UnhideWhenUsed=\"true\"\n   Name=\"Table Web 1\"\/>\n  <w:LsdException Locked=\"false\" SemiHidden=\"true\" UnhideWhenUsed=\"true\"\n   Name=\"Table Web 2\"\/>\n  <w:LsdException Locked=\"false\" SemiHidden=\"true\" UnhideWhenUsed=\"true\"\n   Name=\"Table Web 3\"\/>\n  <w:LsdException Locked=\"false\" SemiHidden=\"true\" UnhideWhenUsed=\"true\"\n   Name=\"Balloon Text\"\/>\n  <w:LsdException Locked=\"false\" Priority=\"39\" Name=\"Table Grid\"\/>\n  <w:LsdException Locked=\"false\" SemiHidden=\"true\" UnhideWhenUsed=\"true\"\n   Name=\"Table Theme\"\/>\n  <w:LsdException Locked=\"false\" SemiHidden=\"true\" Name=\"Placeholder Text\"\/>\n  <w:LsdException Locked=\"false\" Priority=\"1\" QFormat=\"true\" Name=\"No Spacing\"\/>\n  <w:LsdException Locked=\"false\" Priority=\"60\" Name=\"Light Shading\"\/>\n  <w:LsdException Locked=\"false\" Priority=\"61\" Name=\"Light List\"\/>\n  <w:LsdException Locked=\"false\" Priority=\"62\" Name=\"Light Grid\"\/>\n  <w:LsdException Locked=\"false\" Priority=\"63\" Name=\"Medium Shading 1\"\/>\n  <w:LsdException Locked=\"false\" Priority=\"64\" Name=\"Medium Shading 2\"\/>\n  <w:LsdException Locked=\"false\" Priority=\"65\" Name=\"Medium List 1\"\/>\n  <w:LsdException Locked=\"false\" Priority=\"66\" Name=\"Medium List 2\"\/>\n  <w:LsdException Locked=\"false\" Priority=\"67\" Name=\"Medium Grid 1\"\/>\n  <w:LsdException Locked=\"false\" Priority=\"68\" Name=\"Medium Grid 2\"\/>\n  <w:LsdException Locked=\"false\" Priority=\"69\" Name=\"Medium Grid 3\"\/>\n  <w:LsdException Locked=\"false\" Priority=\"70\" Name=\"Dark List\"\/>\n  <w:LsdException Locked=\"false\" Priority=\"71\" Name=\"Colorful Shading\"\/>\n  <w:LsdException Locked=\"false\" Priority=\"72\" Name=\"Colorful List\"\/>\n  <w:LsdException Locked=\"false\" Priority=\"73\" Name=\"Colorful Grid\"\/>\n  <w:LsdException Locked=\"false\" Priority=\"60\" Name=\"Light Shading Accent 1\"\/>\n  <w:LsdException Locked=\"false\" Priority=\"61\" Name=\"Light List Accent 1\"\/>\n  <w:LsdException Locked=\"false\" Priority=\"62\" Name=\"Light Grid Accent 1\"\/>\n  <w:LsdException Locked=\"false\" Priority=\"63\" Name=\"Medium Shading 1 Accent 1\"\/>\n  <w:LsdException Locked=\"false\" Priority=\"64\" Name=\"Medium Shading 2 Accent 1\"\/>\n  <w:LsdException Locked=\"false\" Priority=\"65\" Name=\"Medium List 1 Accent 1\"\/>\n  <w:LsdException Locked=\"false\" SemiHidden=\"true\" Name=\"Revision\"\/>\n  <w:LsdException Locked=\"false\" Priority=\"34\" QFormat=\"true\"\n   Name=\"List Paragraph\"\/>\n  <w:LsdException Locked=\"false\" Priority=\"29\" QFormat=\"true\" Name=\"Quote\"\/>\n  <w:LsdException Locked=\"false\" Priority=\"30\" QFormat=\"true\"\n   Name=\"Intense Quote\"\/>\n  <w:LsdException Locked=\"false\" Priority=\"66\" Name=\"Medium List 2 Accent 1\"\/>\n  <w:LsdException Locked=\"false\" Priority=\"67\" Name=\"Medium Grid 1 Accent 1\"\/>\n  <w:LsdException Locked=\"false\" Priority=\"68\" Name=\"Medium Grid 2 Accent 1\"\/>\n  <w:LsdException Locked=\"false\" Priority=\"69\" Name=\"Medium Grid 3 Accent 1\"\/>\n  <w:LsdException Locked=\"false\" Priority=\"70\" Name=\"Dark List Accent 1\"\/>\n  <w:LsdException Locked=\"false\" Priority=\"71\" Name=\"Colorful Shading Accent 1\"\/>\n  <w:LsdException Locked=\"false\" Priority=\"72\" Name=\"Colorful List Accent 1\"\/>\n  <w:LsdException Locked=\"false\" Priority=\"73\" Name=\"Colorful Grid Accent 1\"\/>\n  <w:LsdException Locked=\"false\" Priority=\"60\" Name=\"Light Shading Accent 2\"\/>\n  <w:LsdException Locked=\"false\" Priority=\"61\" Name=\"Light List Accent 2\"\/>\n  <w:LsdException Locked=\"false\" Priority=\"62\" Name=\"Light Grid Accent 2\"\/>\n  <w:LsdException Locked=\"false\" Priority=\"63\" Name=\"Medium Shading 1 Accent 2\"\/>\n  <w:LsdException Locked=\"false\" Priority=\"64\" Name=\"Medium Shading 2 Accent 2\"\/>\n  <w:LsdException Locked=\"false\" Priority=\"65\" Name=\"Medium List 1 Accent 2\"\/>\n  <w:LsdException Locked=\"false\" Priority=\"66\" Name=\"Medium List 2 Accent 2\"\/>\n  <w:LsdException Locked=\"false\" Priority=\"67\" Name=\"Medium Grid 1 Accent 2\"\/>\n  <w:LsdException Locked=\"false\" Priority=\"68\" Name=\"Medium Grid 2 Accent 2\"\/>\n  <w:LsdException Locked=\"false\" Priority=\"69\" Name=\"Medium Grid 3 Accent 2\"\/>\n  <w:LsdException Locked=\"false\" Priority=\"70\" Name=\"Dark List Accent 2\"\/>\n  <w:LsdException Locked=\"false\" Priority=\"71\" Name=\"Colorful Shading Accent 2\"\/>\n  <w:LsdException Locked=\"false\" Priority=\"72\" Name=\"Colorful List Accent 2\"\/>\n  <w:LsdException Locked=\"false\" Priority=\"73\" Name=\"Colorful Grid Accent 2\"\/>\n  <w:LsdException Locked=\"false\" Priority=\"60\" Name=\"Light Shading Accent 3\"\/>\n  <w:LsdException Locked=\"false\" Priority=\"61\" Name=\"Light List Accent 3\"\/>\n  <w:LsdException Locked=\"false\" Priority=\"62\" Name=\"Light Grid Accent 3\"\/>\n  <w:LsdException Locked=\"false\" Priority=\"63\" Name=\"Medium Shading 1 Accent 3\"\/>\n  <w:LsdException Locked=\"false\" Priority=\"64\" Name=\"Medium Shading 2 Accent 3\"\/>\n  <w:LsdException Locked=\"false\" Priority=\"65\" Name=\"Medium List 1 Accent 3\"\/>\n  <w:LsdException Locked=\"false\" Priority=\"66\" Name=\"Medium List 2 Accent 3\"\/>\n  <w:LsdException Locked=\"false\" Priority=\"67\" Name=\"Medium Grid 1 Accent 3\"\/>\n  <w:LsdException Locked=\"false\" Priority=\"68\" Name=\"Medium Grid 2 Accent 3\"\/>\n  <w:LsdException Locked=\"false\" Priority=\"69\" Name=\"Medium Grid 3 Accent 3\"\/>\n  <w:LsdException Locked=\"false\" Priority=\"70\" Name=\"Dark List Accent 3\"\/>\n  <w:LsdException Locked=\"false\" Priority=\"71\" Name=\"Colorful Shading Accent 3\"\/>\n  <w:LsdException Locked=\"false\" Priority=\"72\" Name=\"Colorful List Accent 3\"\/>\n  <w:LsdException Locked=\"false\" Priority=\"73\" Name=\"Colorful Grid Accent 3\"\/>\n  <w:LsdException Locked=\"false\" Priority=\"60\" Name=\"Light Shading Accent 4\"\/>\n  <w:LsdException Locked=\"false\" Priority=\"61\" Name=\"Light List Accent 4\"\/>\n  <w:LsdException Locked=\"false\" Priority=\"62\" Name=\"Light Grid Accent 4\"\/>\n  <w:LsdException Locked=\"false\" Priority=\"63\" Name=\"Medium Shading 1 Accent 4\"\/>\n  <w:LsdException Locked=\"false\" Priority=\"64\" Name=\"Medium Shading 2 Accent 4\"\/>\n  <w:LsdException Locked=\"false\" Priority=\"65\" Name=\"Medium List 1 Accent 4\"\/>\n  <w:LsdException Locked=\"false\" Priority=\"66\" Name=\"Medium List 2 Accent 4\"\/>\n  <w:LsdException Locked=\"false\" Priority=\"67\" Name=\"Medium Grid 1 Accent 4\"\/>\n  <w:LsdException Locked=\"false\" Priority=\"68\" Name=\"Medium Grid 2 Accent 4\"\/>\n  <w:LsdException Locked=\"false\" Priority=\"69\" Name=\"Medium Grid 3 Accent 4\"\/>\n  <w:LsdException Locked=\"false\" Priority=\"70\" Name=\"Dark List Accent 4\"\/>\n  <w:LsdException Locked=\"false\" Priority=\"71\" Name=\"Colorful Shading Accent 4\"\/>\n  <w:LsdException Locked=\"false\" Priority=\"72\" Name=\"Colorful List Accent 4\"\/>\n  <w:LsdException Locked=\"false\" Priority=\"73\" Name=\"Colorful Grid Accent 4\"\/>\n  <w:LsdException Locked=\"false\" Priority=\"60\" Name=\"Light Shading Accent 5\"\/>\n  <w:LsdException Locked=\"false\" Priority=\"61\" Name=\"Light List Accent 5\"\/>\n  <w:LsdException Locked=\"false\" Priority=\"62\" Name=\"Light Grid Accent 5\"\/>\n  <w:LsdException Locked=\"false\" Priority=\"63\" Name=\"Medium Shading 1 Accent 5\"\/>\n  <w:LsdException Locked=\"false\" Priority=\"64\" Name=\"Medium Shading 2 Accent 5\"\/>\n  <w:LsdException Locked=\"false\" Priority=\"65\" Name=\"Medium List 1 Accent 5\"\/>\n  <w:LsdException Locked=\"false\" Priority=\"66\" Name=\"Medium List 2 Accent 5\"\/>\n  <w:LsdException Locked=\"false\" Priority=\"67\" Name=\"Medium Grid 1 Accent 5\"\/>\n  <w:LsdException Locked=\"false\" Priority=\"68\" Name=\"Medium Grid 2 Accent 5\"\/>\n  <w:LsdException Locked=\"false\" Priority=\"69\" Name=\"Medium Grid 3 Accent 5\"\/>\n  <w:LsdException Locked=\"false\" Priority=\"70\" Name=\"Dark List Accent 5\"\/>\n  <w:LsdException Locked=\"false\" Priority=\"71\" Name=\"Colorful Shading Accent 5\"\/>\n  <w:LsdException Locked=\"false\" Priority=\"72\" Name=\"Colorful List Accent 5\"\/>\n  <w:LsdException Locked=\"false\" Priority=\"73\" Name=\"Colorful Grid Accent 5\"\/>\n  <w:LsdException Locked=\"false\" Priority=\"60\" Name=\"Light Shading Accent 6\"\/>\n  <w:LsdException Locked=\"false\" Priority=\"61\" Name=\"Light List Accent 6\"\/>\n  <w:LsdException Locked=\"false\" Priority=\"62\" Name=\"Light Grid Accent 6\"\/>\n  <w:LsdException Locked=\"false\" Priority=\"63\" Name=\"Medium Shading 1 Accent 6\"\/>\n  <w:LsdException Locked=\"false\" Priority=\"64\" Name=\"Medium Shading 2 Accent 6\"\/>\n  <w:LsdException Locked=\"false\" Priority=\"65\" Name=\"Medium List 1 Accent 6\"\/>\n  <w:LsdException Locked=\"false\" Priority=\"66\" Name=\"Medium List 2 Accent 6\"\/>\n  <w:LsdException Locked=\"false\" Priority=\"67\" Name=\"Medium Grid 1 Accent 6\"\/>\n  <w:LsdException Locked=\"false\" Priority=\"68\" Name=\"Medium Grid 2 Accent 6\"\/>\n  <w:LsdException Locked=\"false\" Priority=\"69\" Name=\"Medium Grid 3 Accent 6\"\/>\n  <w:LsdException Locked=\"false\" Priority=\"70\" Name=\"Dark List Accent 6\"\/>\n  <w:LsdException Locked=\"false\" Priority=\"71\" Name=\"Colorful Shading Accent 6\"\/>\n  <w:LsdException Locked=\"false\" Priority=\"72\" Name=\"Colorful List Accent 6\"\/>\n  <w:LsdException Locked=\"false\" Priority=\"73\" Name=\"Colorful Grid Accent 6\"\/>\n  <w:LsdException Locked=\"false\" Priority=\"19\" QFormat=\"true\"\n   Name=\"Subtle Emphasis\"\/>\n  <w:LsdException Locked=\"false\" Priority=\"21\" QFormat=\"true\"\n   Name=\"Intense Emphasis\"\/>\n  <w:LsdException Locked=\"false\" Priority=\"31\" QFormat=\"true\"\n   Name=\"Subtle Reference\"\/>\n  <w:LsdException Locked=\"false\" Priority=\"32\" QFormat=\"true\"\n   Name=\"Intense Reference\"\/>\n  <w:LsdException Locked=\"false\" Priority=\"33\" QFormat=\"true\" Name=\"Book Title\"\/>\n  <w:LsdException Locked=\"false\" Priority=\"37\" SemiHidden=\"true\"\n   UnhideWhenUsed=\"true\" Name=\"Bibliography\"\/>\n  <w:LsdException Locked=\"false\" Priority=\"39\" SemiHidden=\"true\"\n   UnhideWhenUsed=\"true\" QFormat=\"true\" Name=\"TOC Heading\"\/>\n  <w:LsdException Locked=\"false\" Priority=\"41\" Name=\"Plain Table 1\"\/>\n  <w:LsdException Locked=\"false\" Priority=\"42\" Name=\"Plain Table 2\"\/>\n  <w:LsdException Locked=\"false\" Priority=\"43\" Name=\"Plain Table 3\"\/>\n  <w:LsdException Locked=\"false\" Priority=\"44\" Name=\"Plain Table 4\"\/>\n  <w:LsdException Locked=\"false\" Priority=\"45\" Name=\"Plain Table 5\"\/>\n  <w:LsdException Locked=\"false\" Priority=\"40\" Name=\"Grid Table Light\"\/>\n  <w:LsdException Locked=\"false\" Priority=\"46\" Name=\"Grid Table 1 Light\"\/>\n  <w:LsdException Locked=\"false\" Priority=\"47\" Name=\"Grid Table 2\"\/>\n  <w:LsdException Locked=\"false\" Priority=\"48\" Name=\"Grid Table 3\"\/>\n  <w:LsdException Locked=\"false\" Priority=\"49\" Name=\"Grid Table 4\"\/>\n  <w:LsdException Locked=\"false\" Priority=\"50\" Name=\"Grid Table 5 Dark\"\/>\n  <w:LsdException Locked=\"false\" Priority=\"51\" Name=\"Grid Table 6 Colorful\"\/>\n  <w:LsdException Locked=\"false\" Priority=\"52\" Name=\"Grid Table 7 Colorful\"\/>\n  <w:LsdException Locked=\"false\" Priority=\"46\"\n   Name=\"Grid Table 1 Light Accent 1\"\/>\n  <w:LsdException Locked=\"false\" Priority=\"47\" Name=\"Grid Table 2 Accent 1\"\/>\n  <w:LsdException Locked=\"false\" Priority=\"48\" Name=\"Grid Table 3 Accent 1\"\/>\n  <w:LsdException Locked=\"false\" Priority=\"49\" Name=\"Grid Table 4 Accent 1\"\/>\n  <w:LsdException Locked=\"false\" Priority=\"50\" Name=\"Grid Table 5 Dark Accent 1\"\/>\n  <w:LsdException Locked=\"false\" Priority=\"51\"\n   Name=\"Grid Table 6 Colorful Accent 1\"\/>\n  <w:LsdException Locked=\"false\" Priority=\"52\"\n   Name=\"Grid Table 7 Colorful Accent 1\"\/>\n  <w:LsdException Locked=\"false\" Priority=\"46\"\n   Name=\"Grid Table 1 Light Accent 2\"\/>\n  <w:LsdException Locked=\"false\" Priority=\"47\" Name=\"Grid Table 2 Accent 2\"\/>\n  <w:LsdException Locked=\"false\" Priority=\"48\" Name=\"Grid Table 3 Accent 2\"\/>\n  <w:LsdException Locked=\"false\" Priority=\"49\" Name=\"Grid Table 4 Accent 2\"\/>\n  <w:LsdException Locked=\"false\" Priority=\"50\" Name=\"Grid Table 5 Dark Accent 2\"\/>\n  <w:LsdException Locked=\"false\" Priority=\"51\"\n   Name=\"Grid Table 6 Colorful Accent 2\"\/>\n  <w:LsdException Locked=\"false\" Priority=\"52\"\n   Name=\"Grid Table 7 Colorful Accent 2\"\/>\n  <w:LsdException Locked=\"false\" Priority=\"46\"\n   Name=\"Grid Table 1 Light Accent 3\"\/>\n  <w:LsdException Locked=\"false\" Priority=\"47\" Name=\"Grid Table 2 Accent 3\"\/>\n  <w:LsdException Locked=\"false\" Priority=\"48\" Name=\"Grid Table 3 Accent 3\"\/>\n  <w:LsdException Locked=\"false\" Priority=\"49\" Name=\"Grid Table 4 Accent 3\"\/>\n  <w:LsdException Locked=\"false\" Priority=\"50\" Name=\"Grid Table 5 Dark Accent 3\"\/>\n  <w:LsdException Locked=\"false\" Priority=\"51\"\n   Name=\"Grid Table 6 Colorful Accent 3\"\/>\n  <w:LsdException Locked=\"false\" Priority=\"52\"\n   Name=\"Grid Table 7 Colorful Accent 3\"\/>\n  <w:LsdException Locked=\"false\" Priority=\"46\"\n   Name=\"Grid Table 1 Light Accent 4\"\/>\n  <w:LsdException Locked=\"false\" Priority=\"47\" Name=\"Grid Table 2 Accent 4\"\/>\n  <w:LsdException Locked=\"false\" Priority=\"48\" Name=\"Grid Table 3 Accent 4\"\/>\n  <w:LsdException Locked=\"false\" Priority=\"49\" Name=\"Grid Table 4 Accent 4\"\/>\n  <w:LsdException Locked=\"false\" Priority=\"50\" Name=\"Grid Table 5 Dark Accent 4\"\/>\n  <w:LsdException Locked=\"false\" Priority=\"51\"\n   Name=\"Grid Table 6 Colorful Accent 4\"\/>\n  <w:LsdException Locked=\"false\" Priority=\"52\"\n   Name=\"Grid Table 7 Colorful Accent 4\"\/>\n  <w:LsdException Locked=\"false\" Priority=\"46\"\n   Name=\"Grid Table 1 Light Accent 5\"\/>\n  <w:LsdException Locked=\"false\" Priority=\"47\" Name=\"Grid Table 2 Accent 5\"\/>\n  <w:LsdException Locked=\"false\" Priority=\"48\" Name=\"Grid Table 3 Accent 5\"\/>\n  <w:LsdException Locked=\"false\" Priority=\"49\" Name=\"Grid Table 4 Accent 5\"\/>\n  <w:LsdException Locked=\"false\" Priority=\"50\" Name=\"Grid Table 5 Dark Accent 5\"\/>\n  <w:LsdException Locked=\"false\" Priority=\"51\"\n   Name=\"Grid Table 6 Colorful Accent 5\"\/>\n  <w:LsdException Locked=\"false\" Priority=\"52\"\n   Name=\"Grid Table 7 Colorful Accent 5\"\/>\n  <w:LsdException Locked=\"false\" Priority=\"46\"\n   Name=\"Grid Table 1 Light Accent 6\"\/>\n  <w:LsdException Locked=\"false\" Priority=\"47\" Name=\"Grid Table 2 Accent 6\"\/>\n  <w:LsdException Locked=\"false\" Priority=\"48\" Name=\"Grid Table 3 Accent 6\"\/>\n  <w:LsdException Locked=\"false\" Priority=\"49\" Name=\"Grid Table 4 Accent 6\"\/>\n  <w:LsdException Locked=\"false\" Priority=\"50\" Name=\"Grid Table 5 Dark Accent 6\"\/>\n  <w:LsdException Locked=\"false\" Priority=\"51\"\n   Name=\"Grid Table 6 Colorful Accent 6\"\/>\n  <w:LsdException Locked=\"false\" Priority=\"52\"\n   Name=\"Grid Table 7 Colorful Accent 6\"\/>\n  <w:LsdException Locked=\"false\" Priority=\"46\" Name=\"List Table 1 Light\"\/>\n  <w:LsdException Locked=\"false\" Priority=\"47\" Name=\"List Table 2\"\/>\n  <w:LsdException Locked=\"false\" Priority=\"48\" Name=\"List Table 3\"\/>\n  <w:LsdException Locked=\"false\" Priority=\"49\" Name=\"List Table 4\"\/>\n  <w:LsdException Locked=\"false\" Priority=\"50\" Name=\"List Table 5 Dark\"\/>\n  <w:LsdException Locked=\"false\" Priority=\"51\" Name=\"List Table 6 Colorful\"\/>\n  <w:LsdException Locked=\"false\" Priority=\"52\" Name=\"List Table 7 Colorful\"\/>\n  <w:LsdException Locked=\"false\" Priority=\"46\"\n   Name=\"List Table 1 Light Accent 1\"\/>\n  <w:LsdException Locked=\"false\" Priority=\"47\" Name=\"List Table 2 Accent 1\"\/>\n  <w:LsdException Locked=\"false\" Priority=\"48\" Name=\"List Table 3 Accent 1\"\/>\n  <w:LsdException Locked=\"false\" Priority=\"49\" Name=\"List Table 4 Accent 1\"\/>\n  <w:LsdException Locked=\"false\" Priority=\"50\" Name=\"List Table 5 Dark Accent 1\"\/>\n  <w:LsdException Locked=\"false\" Priority=\"51\"\n   Name=\"List Table 6 Colorful Accent 1\"\/>\n  <w:LsdException Locked=\"false\" Priority=\"52\"\n   Name=\"List Table 7 Colorful Accent 1\"\/>\n  <w:LsdException Locked=\"false\" Priority=\"46\"\n   Name=\"List Table 1 Light Accent 2\"\/>\n  <w:LsdException Locked=\"false\" Priority=\"47\" Name=\"List Table 2 Accent 2\"\/>\n  <w:LsdException Locked=\"false\" Priority=\"48\" Name=\"List Table 3 Accent 2\"\/>\n  <w:LsdException Locked=\"false\" Priority=\"49\" Name=\"List Table 4 Accent 2\"\/>\n  <w:LsdException Locked=\"false\" Priority=\"50\" Name=\"List Table 5 Dark Accent 2\"\/>\n  <w:LsdException Locked=\"false\" Priority=\"51\"\n   Name=\"List Table 6 Colorful Accent 2\"\/>\n  <w:LsdException Locked=\"false\" Priority=\"52\"\n   Name=\"List Table 7 Colorful Accent 2\"\/>\n  <w:LsdException Locked=\"false\" Priority=\"46\"\n   Name=\"List Table 1 Light Accent 3\"\/>\n  <w:LsdException Locked=\"false\" Priority=\"47\" Name=\"List Table 2 Accent 3\"\/>\n  <w:LsdException Locked=\"false\" Priority=\"48\" Name=\"List Table 3 Accent 3\"\/>\n  <w:LsdException Locked=\"false\" Priority=\"49\" Name=\"List Table 4 Accent 3\"\/>\n  <w:LsdException Locked=\"false\" Priority=\"50\" Name=\"List Table 5 Dark Accent 3\"\/>\n  <w:LsdException Locked=\"false\" Priority=\"51\"\n   Name=\"List Table 6 Colorful Accent 3\"\/>\n  <w:LsdException Locked=\"false\" Priority=\"52\"\n   Name=\"List Table 7 Colorful Accent 3\"\/>\n  <w:LsdException Locked=\"false\" Priority=\"46\"\n   Name=\"List Table 1 Light Accent 4\"\/>\n  <w:LsdException Locked=\"false\" Priority=\"47\" Name=\"List Table 2 Accent 4\"\/>\n  <w:LsdException Locked=\"false\" Priority=\"48\" Name=\"List Table 3 Accent 4\"\/>\n  <w:LsdException Locked=\"false\" Priority=\"49\" Name=\"List Table 4 Accent 4\"\/>\n  <w:LsdException Locked=\"false\" Priority=\"50\" Name=\"List Table 5 Dark Accent 4\"\/>\n  <w:LsdException Locked=\"false\" Priority=\"51\"\n   Name=\"List Table 6 Colorful Accent 4\"\/>\n  <w:LsdException Locked=\"false\" Priority=\"52\"\n   Name=\"List Table 7 Colorful Accent 4\"\/>\n  <w:LsdException Locked=\"false\" Priority=\"46\"\n   Name=\"List Table 1 Light Accent 5\"\/>\n  <w:LsdException Locked=\"false\" Priority=\"47\" Name=\"List Table 2 Accent 5\"\/>\n  <w:LsdException Locked=\"false\" Priority=\"48\" Name=\"List Table 3 Accent 5\"\/>\n  <w:LsdException Locked=\"false\" Priority=\"49\" Name=\"List Table 4 Accent 5\"\/>\n  <w:LsdException Locked=\"false\" Priority=\"50\" Name=\"List Table 5 Dark Accent 5\"\/>\n  <w:LsdException Locked=\"false\" Priority=\"51\"\n   Name=\"List Table 6 Colorful Accent 5\"\/>\n  <w:LsdException Locked=\"false\" Priority=\"52\"\n   Name=\"List Table 7 Colorful Accent 5\"\/>\n  <w:LsdException Locked=\"false\" Priority=\"46\"\n   Name=\"List Table 1 Light Accent 6\"\/>\n  <w:LsdException Locked=\"false\" Priority=\"47\" Name=\"List Table 2 Accent 6\"\/>\n  <w:LsdException Locked=\"false\" Priority=\"48\" Name=\"List Table 3 Accent 6\"\/>\n  <w:LsdException Locked=\"false\" Priority=\"49\" Name=\"List Table 4 Accent 6\"\/>\n  <w:LsdException Locked=\"false\" Priority=\"50\" Name=\"List Table 5 Dark Accent 6\"\/>\n  <w:LsdException Locked=\"false\" Priority=\"51\"\n   Name=\"List Table 6 Colorful Accent 6\"\/>\n  <w:LsdException Locked=\"false\" Priority=\"52\"\n   Name=\"List Table 7 Colorful Accent 6\"\/>\n  <w:LsdException Locked=\"false\" SemiHidden=\"true\" UnhideWhenUsed=\"true\"\n   Name=\"Mention\"\/>\n  <w:LsdException Locked=\"false\" SemiHidden=\"true\" UnhideWhenUsed=\"true\"\n   Name=\"Smart Hyperlink\"\/>\n  <w:LsdException Locked=\"false\" SemiHidden=\"true\" UnhideWhenUsed=\"true\"\n   Name=\"Hashtag\"\/>\n  <w:LsdException Locked=\"false\" SemiHidden=\"true\" UnhideWhenUsed=\"true\"\n   Name=\"Unresolved Mention\"\/>\n <\/w:LatentStyles>\n<\/xml><![endif]--> <!-- [if gte mso 10]>\n<style>\n \/* Style Definitions *\/\n table.MsoNormalTable\n\t{mso-style-name:\"Normale Tabelle\";\n\tmso-tstyle-rowband-size:0;\n\tmso-tstyle-colband-size:0;\n\tmso-style-noshow:yes;\n\tmso-style-priority:99;\n\tmso-style-parent:\"\";\n\tmso-padding-alt:0cm 5.4pt 0cm 5.4pt;\n\tmso-para-margin:0cm;\n\tmso-para-margin-bottom:.0001pt;\n\tmso-pagination:widow-orphan;\n\tfont-size:12.0pt;\n\tfont-family:\"Calibri\",sans-serif;\n\tmso-ascii-font-family:Calibri;\n\tmso-ascii-theme-font:minor-latin;\n\tmso-hansi-font-family:Calibri;\n\tmso-hansi-theme-font:minor-latin;\n\tmso-bidi-font-family:\"Times New Roman\";\n\tmso-bidi-theme-font:minor-bidi;\n\tmso-ansi-language:DE;\n\tmso-fareast-language:EN-US;}\n<\/style>\n<![endif]--> <!--StartFragment--> <!--EndFragment--><\/p>\n<p class=\"MsoNormal\"><span lang=\"DE\">Die Wohnh&auml;user des Winterthurer Architekten Peter Kunz k&ouml;nnen als in sich ruhende Mikrokosmen des Wohnens betrachtet werden. Innen- und Aussenraumzonen sind in sich verwoben und situativ durch gezielte &Ouml;ffnungen mit der weiteren Umgebung verbunden.&nbsp;<br \/>Herausgeber: Heinz Wirz<\/span><\/p>"}, `url` = http://www.quart.ch/anthologie-de.php?nID=53, `books`.`updated_at` = 2019-12-02 16:45:18 where `id` = 6) {"userId":2,"exception":"[object] (Illuminate\\Database\\QueryException(code: 22001): SQLSTATE[22001]: String data, right truncated: 1406 Data too long for column 'info' at row 1 (SQL: update `books` set `description` = {\"de\":\"48 Seiten, 16,5 x 21 cm\
25 Farb- und 19 s\\/w-Abbildungen, 29 Pl\\u00e4ne\
Fadengeheftete Broschur\
CHF 28.\\u2013\\/EUR 20.\\u2013\"}, `info` = {\"de\":\"<p><!-- [if gte mso 9]><xml>\
 <o:OfficeDocumentSettings>\
  <o:AllowPNG\\/>\
 <\\/o:OfficeDocumentSettings>\
<\\/xml><![endif]--> <!-- [if gte mso 9]><xml>\
 <w:WordDocument>\
  <w:View>Normal<\\/w:View>\
  <w:Zoom>0<\\/w:Zoom>\
  <w:TrackMoves\\/>\
  <w:TrackFormatting\\/>\
  <w:HyphenationZone>21<\\/w:HyphenationZone>\
  <w:PunctuationKerning\\/>\
  <w:ValidateAgainstSchemas\\/>\
  <w:SaveIfXMLInvalid>false<\\/w:SaveIfXMLInvalid>\
  <w:IgnoreMixedContent>false<\\/w:IgnoreMixedContent>\
  <w:AlwaysShowPlaceholderText>false<\\/w:AlwaysShowPlaceholderText>\
  <w:DoNotPromoteQF\\/>\
  <w:LidThemeOther>DE<\\/w:LidThemeOther>\
  <w:LidThemeAsian>X-NONE<\\/w:LidThemeAsian>\
  <w:LidThemeComplexScript>X-NONE<\\/w:LidThemeComplexScript>\
  <w:Compatibility>\
   <w:BreakWrappedTables\\/>\
   <w:SnapToGridInCell\\/>\
   <w:WrapTextWithPunct\\/>\
   <w:UseAsianBreakRules\\/>\
   <w:DontGrowAutofit\\/>\
   <w:SplitPgBreakAndParaMark\\/>\
   <w:EnableOpenTypeKerning\\/>\
   <w:DontFlipMirrorIndents\\/>\
   <w:OverrideTableStyleHps\\/>\
  <\\/w:Compatibility>\
  <w:DoNotOptimizeForBrowser\\/>\
  <m:mathPr>\
   <m:mathFont m:val=\\\"Cambria Math\\\"\\/>\
   <m:brkBin m:val=\\\"before\\\"\\/>\
   <m:brkBinSub m:val=\\\"&#45;-\\\"\\/>\
   <m:smallFrac m:val=\\\"off\\\"\\/>\
   <m:dispDef\\/>\
   <m:lMargin m:val=\\\"0\\\"\\/>\
   <m:rMargin m:val=\\\"0\\\"\\/>\
   <m:defJc m:val=\\\"centerGroup\\\"\\/>\
   <m:wrapIndent m:val=\\\"1440\\\"\\/>\
   <m:intLim m:val=\\\"subSup\\\"\\/>\
   <m:naryLim m:val=\\\"undOvr\\\"\\/>\
  <\\/m:mathPr><\\/w:WordDocument>\
<\\/xml><![endif]--><!-- [if gte mso 9]><xml>\
 <w:LatentStyles DefLockedState=\\\"false\\\" DefUnhideWhenUsed=\\\"false\\\"\
  DefSemiHidden=\\\"false\\\" DefQFormat=\\\"false\\\" DefPriority=\\\"99\\\"\
  LatentStyleCount=\\\"375\\\">\
  <w:LsdException Locked=\\\"false\\\" Priority=\\\"0\\\" QFormat=\\\"true\\\" Name=\\\"Normal\\\"\\/>\
  <w:LsdException Locked=\\\"false\\\" Priority=\\\"9\\\" QFormat=\\\"true\\\" Name=\\\"heading 1\\\"\\/>\
  <w:LsdException Locked=\\\"false\\\" Priority=\\\"9\\\" SemiHidden=\\\"true\\\"\
   UnhideWhenUsed=\\\"true\\\" QFormat=\\\"true\\\" Name=\\\"heading 2\\\"\\/>\
  <w:LsdException Locked=\\\"false\\\" Priority=\\\"9\\\" SemiHidden=\\\"true\\\"\
   UnhideWhenUsed=\\\"true\\\" QFormat=\\\"true\\\" Name=\\\"heading 3\\\"\\/>\
  <w:LsdException Locked=\\\"false\\\" Priority=\\\"9\\\" SemiHidden=\\\"true\\\"\
   UnhideWhenUsed=\\\"true\\\" QFormat=\\\"true\\\" Name=\\\"heading 4\\\"\\/>\
  <w:LsdException Locked=\\\"false\\\" Priority=\\\"9\\\" SemiHidden=\\\"true\\\"\
   UnhideWhenUsed=\\\"true\\\" QFormat=\\\"true\\\" Name=\\\"heading 5\\\"\\/>\
  <w:LsdException Locked=\\\"false\\\" Priority=\\\"9\\\" SemiHidden=\\\"true\\\"\
   UnhideWhenUsed=\\\"true\\\" QFormat=\\\"true\\\" Name=\\\"heading 6\\\"\\/>\
  <w:LsdException Locked=\\\"false\\\" Priority=\\\"9\\\" SemiHidden=\\\"true\\\"\
   UnhideWhenUsed=\\\"true\\\" QFormat=\\\"true\\\" Name=\\\"heading 7\\\"\\/>\
  <w:LsdException Locked=\\\"false\\\" Priority=\\\"9\\\" SemiHidden=\\\"true\\\"\
   UnhideWhenUsed=\\\"true\\\" QFormat=\\\"true\\\" Name=\\\"heading 8\\\"\\/>\
  <w:LsdException Locked=\\\"false\\\" Priority=\\\"9\\\" SemiHidden=\\\"true\\\"\
   UnhideWhenUsed=\\\"true\\\" QFormat=\\\"true\\\" Name=\\\"heading 9\\\"\\/>\
  <w:LsdException Locked=\\\"false\\\" SemiHidden=\\\"true\\\" UnhideWhenUsed=\\\"true\\\"\
   Name=\\\"index 1\\\"\\/>\
  <w:LsdException Locked=\\\"false\\\" SemiHidden=\\\"true\\\" UnhideWhenUsed=\\\"true\\\"\
   Name=\\\"index 2\\\"\\/>\
  <w:LsdException Locked=\\\"false\\\" SemiHidden=\\\"true\\\" UnhideWhenUsed=\\\"true\\\"\
   Name=\\\"index 3\\\"\\/>\
  <w:LsdException Locked=\\\"false\\\" SemiHidden=\\\"true\\\" UnhideWhenUsed=\\\"true\\\"\
   Name=\\\"index 4\\\"\\/>\
  <w:LsdException Locked=\\\"false\\\" SemiHidden=\\\"true\\\" UnhideWhenUsed=\\\"true\\\"\
   Name=\\\"index 5\\\"\\/>\
  <w:LsdException Locked=\\\"false\\\" SemiHidden=\\\"true\\\" UnhideWhenUsed=\\\"true\\\"\
   Name=\\\"index 6\\\"\\/>\
  <w:LsdException Locked=\\\"false\\\" SemiHidden=\\\"true\\\" UnhideWhenUsed=\\\"true\\\"\
   Name=\\\"index 7\\\"\\/>\
  <w:LsdException Locked=\\\"false\\\" SemiHidden=\\\"true\\\" UnhideWhenUsed=\\\"true\\\"\
   Name=\\\"index 8\\\"\\/>\
  <w:LsdException Locked=\\\"false\\\" SemiHidden=\\\"true\\\" UnhideWhenUsed=\\\"true\\\"\
   Name=\\\"index 9\\\"\\/>\
  <w:LsdException Locked=\\\"false\\\" Priority=\\\"39\\\" SemiHidden=\\\"true\\\"\
   UnhideWhenUsed=\\\"true\\\" Name=\\\"toc 1\\\"\\/>\
  <w:LsdException Locked=\\\"false\\\" Priority=\\\"39\\\" SemiHidden=\\\"true\\\"\
   UnhideWhenUsed=\\\"true\\\" Name=\\\"toc 2\\\"\\/>\
  <w:LsdException Locked=\\\"false\\\" Priority=\\\"39\\\" SemiHidden=\\\"true\\\"\
   UnhideWhenUsed=\\\"true\\\" Name=\\\"toc 3\\\"\\/>\
  <w:LsdException Locked=\\\"false\\\" Priority=\\\"39\\\" SemiHidden=\\\"true\\\"\
   UnhideWhenUsed=\\\"true\\\" Name=\\\"toc 4\\\"\\/>\
  <w:LsdException Locked=\\\"false\\\" Priority=\\\"39\\\" SemiHidden=\\\"true\\\"\
   UnhideWhenUsed=\\\"true\\\" Name=\\\"toc 5\\\"\\/>\
  <w:LsdException Locked=\\\"false\\\" Priority=\\\"39\\\" SemiHidden=\\\"true\\\"\
   UnhideWhenUsed=\\\"true\\\" Name=\\\"toc 6\\\"\\/>\
  <w:LsdException Locked=\\\"false\\\" Priority=\\\"39\\\" SemiHidden=\\\"true\\\"\
   UnhideWhenUsed=\\\"true\\\" Name=\\\"toc 7\\\"\\/>\
  <w:LsdException Locked=\\\"false\\\" Priority=\\\"39\\\" SemiHidden=\\\"true\\\"\
   UnhideWhenUsed=\\\"true\\\" Name=\\\"toc 8\\\"\\/>\
  <w:LsdException Locked=\\\"false\\\" Priority=\\\"39\\\" SemiHidden=\\\"true\\\"\
   UnhideWhenUsed=\\\"true\\\" Name=\\\"toc 9\\\"\\/>\
  <w:LsdException Locked=\\\"false\\\" SemiHidden=\\\"true\\\" UnhideWhenUsed=\\\"true\\\"\
   Name=\\\"Normal Indent\\\"\\/>\
  <w:LsdException Locked=\\\"false\\\" SemiHidden=\\\"true\\\" UnhideWhenUsed=\\\"true\\\"\
   Name=\\\"footnote text\\\"\\/>\
  <w:LsdException Locked=\\\"false\\\" SemiHidden=\\\"true\\\" UnhideWhenUsed=\\\"true\\\"\
   Name=\\\"annotation text\\\"\\/>\
  <w:LsdException Locked=\\\"false\\\" SemiHidden=\\\"true\\\" UnhideWhenUsed=\\\"true\\\"\
   Name=\\\"header\\\"\\/>\
  <w:LsdException Locked=\\\"false\\\" SemiHidden=\\\"true\\\" UnhideWhenUsed=\\\"true\\\"\
   Name=\\\"footer\\\"\\/>\
  <w:LsdException Locked=\\\"false\\\" SemiHidden=\\\"true\\\" UnhideWhenUsed=\\\"true\\\"\
   Name=\\\"index heading\\\"\\/>\
  <w:LsdException Locked=\\\"false\\\" Priority=\\\"35\\\" SemiHidden=\\\"true\\\"\
   UnhideWhenUsed=\\\"true\\\" QFormat=\\\"true\\\" Name=\\\"caption\\\"\\/>\
  <w:LsdException Locked=\\\"false\\\" SemiHidden=\\\"true\\\" UnhideWhenUsed=\\\"true\\\"\
   Name=\\\"table of figures\\\"\\/>\
  <w:LsdException Locked=\\\"false\\\" SemiHidden=\\\"true\\\" UnhideWhenUsed=\\\"true\\\"\
   Name=\\\"envelope address\\\"\\/>\
  <w:LsdException Locked=\\\"false\\\" SemiHidden=\\\"true\\\" UnhideWhenUsed=\\\"true\\\"\
   Name=\\\"envelope return\\\"\\/>\
  <w:LsdException Locked=\\\"false\\\" SemiHidden=\\\"true\\\" UnhideWhenUsed=\\\"true\\\"\
   Name=\\\"footnote reference\\\"\\/>\
  <w:LsdException Locked=\\\"false\\\" SemiHidden=\\\"true\\\" UnhideWhenUsed=\\\"true\\\"\
   Name=\\\"annotation reference\\\"\\/>\
  <w:LsdException Locked=\\\"false\\\" SemiHidden=\\\"true\\\" UnhideWhenUsed=\\\"true\\\"\
   Name=\\\"line number\\\"\\/>\
  <w:LsdException Locked=\\\"false\\\" SemiHidden=\\\"true\\\" UnhideWhenUsed=\\\"true\\\"\
   Name=\\\"page number\\\"\\/>\
  <w:LsdException Locked=\\\"false\\\" SemiHidden=\\\"true\\\" UnhideWhenUsed=\\\"true\\\"\
   Name=\\\"endnote reference\\\"\\/>\
  <w:LsdException Locked=\\\"false\\\" SemiHidden=\\\"true\\\" UnhideWhenUsed=\\\"true\\\"\
   Name=\\\"endnote text\\\"\\/>\
  <w:LsdException Locked=\\\"false\\\" SemiHidden=\\\"true\\\" UnhideWhenUsed=\\\"true\\\"\
   Name=\\\"table of authorities\\\"\\/>\
  <w:LsdException Locked=\\\"false\\\" SemiHidden=\\\"true\\\" UnhideWhenUsed=\\\"true\\\"\
   Name=\\\"macro\\\"\\/>\
  <w:LsdException Locked=\\\"false\\\" SemiHidden=\\\"true\\\" UnhideWhenUsed=\\\"true\\\"\
   Name=\\\"toa heading\\\"\\/>\
  <w:LsdException Locked=\\\"false\\\" SemiHidden=\\\"true\\\" UnhideWhenUsed=\\\"true\\\"\
   Name=\\\"List\\\"\\/>\
  <w:LsdException Locked=\\\"false\\\" SemiHidden=\\\"true\\\" UnhideWhenUsed=\\\"true\\\"\
   Name=\\\"List Bullet\\\"\\/>\
  <w:LsdException Locked=\\\"false\\\" SemiHidden=\\\"true\\\" UnhideWhenUsed=\\\"true\\\"\
   Name=\\\"List Number\\\"\\/>\
  <w:LsdException Locked=\\\"false\\\" SemiHidden=\\\"true\\\" UnhideWhenUsed=\\\"true\\\"\
   Name=\\\"List 2\\\"\\/>\
  <w:LsdException Locked=\\\"false\\\" SemiHidden=\\\"true\\\" UnhideWhenUsed=\\\"true\\\"\
   Name=\\\"List 3\\\"\\/>\
  <w:LsdException Locked=\\\"false\\\" SemiHidden=\\\"true\\\" UnhideWhenUsed=\\\"true\\\"\
   Name=\\\"List 4\\\"\\/>\
  <w:LsdException Locked=\\\"false\\\" SemiHidden=\\\"true\\\" UnhideWhenUsed=\\\"true\\\"\
   Name=\\\"List 5\\\"\\/>\
  <w:LsdException Locked=\\\"false\\\" SemiHidden=\\\"true\\\" UnhideWhenUsed=\\\"true\\\"\
   Name=\\\"List Bullet 2\\\"\\/>\
  <w:LsdException Locked=\\\"false\\\" SemiHidden=\\\"true\\\" UnhideWhenUsed=\\\"true\\\"\
   Name=\\\"List Bullet 3\\\"\\/>\
  <w:LsdException Locked=\\\"false\\\" SemiHidden=\\\"true\\\" UnhideWhenUsed=\\\"true\\\"\
   Name=\\\"List Bullet 4\\\"\\/>\
  <w:LsdException Locked=\\\"false\\\" SemiHidden=\\\"true\\\" UnhideWhenUsed=\\\"true\\\"\
   Name=\\\"List Bullet 5\\\"\\/>\
  <w:LsdException Locked=\\\"false\\\" SemiHidden=\\\"true\\\" UnhideWhenUsed=\\\"true\\\"\
   Name=\\\"List Number 2\\\"\\/>\
  <w:LsdException Locked=\\\"false\\\" SemiHidden=\\\"true\\\" UnhideWhenUsed=\\\"true\\\"\
   Name=\\\"List Number 3\\\"\\/>\
  <w:LsdException Locked=\\\"false\\\" SemiHidden=\\\"true\\\" UnhideWhenUsed=\\\"true\\\"\
   Name=\\\"List Number 4\\\"\\/>\
  <w:LsdException Locked=\\\"false\\\" SemiHidden=\\\"true\\\" UnhideWhenUsed=\\\"true\\\"\
   Name=\\\"List Number 5\\\"\\/>\
  <w:LsdException Locked=\\\"false\\\" Priority=\\\"10\\\" QFormat=\\\"true\\\" Name=\\\"Title\\\"\\/>\
  <w:LsdException Locked=\\\"false\\\" SemiHidden=\\\"true\\\" UnhideWhenUsed=\\\"true\\\"\
   Name=\\\"Closing\\\"\\/>\
  <w:LsdException Locked=\\\"false\\\" SemiHidden=\\\"true\\\" UnhideWhenUsed=\\\"true\\\"\
   Name=\\\"Signature\\\"\\/>\
  <w:LsdException Locked=\\\"false\\\" Priority=\\\"1\\\" SemiHidden=\\\"true\\\"\
   UnhideWhenUsed=\\\"true\\\" Name=\\\"Default Paragraph Font\\\"\\/>\
  <w:LsdException Locked=\\\"false\\\" SemiHidden=\\\"true\\\" UnhideWhenUsed=\\\"true\\\"\
   Name=\\\"Body Text\\\"\\/>\
  <w:LsdException Locked=\\\"false\\\" SemiHidden=\\\"true\\\" UnhideWhenUsed=\\\"true\\\"\
   Name=\\\"Body Text Indent\\\"\\/>\
  <w:LsdException Locked=\\\"false\\\" SemiHidden=\\\"true\\\" UnhideWhenUsed=\\\"true\\\"\
   Name=\\\"List Continue\\\"\\/>\
  <w:LsdException Locked=\\\"false\\\" SemiHidden=\\\"true\\\" UnhideWhenUsed=\\\"true\\\"\
   Name=\\\"List Continue 2\\\"\\/>\
  <w:LsdException Locked=\\\"false\\\" SemiHidden=\\\"true\\\" UnhideWhenUsed=\\\"true\\\"\
   Name=\\\"List Continue 3\\\"\\/>\
  <w:LsdException Locked=\\\"false\\\" SemiHidden=\\\"true\\\" UnhideWhenUsed=\\\"true\\\"\
   Name=\\\"List Continue 4\\\"\\/>\
  <w:LsdException Locked=\\\"false\\\" SemiHidden=\\\"true\\\" UnhideWhenUsed=\\\"true\\\"\
   Name=\\\"List Continue 5\\\"\\/>\
  <w:LsdException Locked=\\\"false\\\" SemiHidden=\\\"true\\\" UnhideWhenUsed=\\\"true\\\"\
   Name=\\\"Message Header\\\"\\/>\
  <w:LsdException Locked=\\\"false\\\" Priority=\\\"11\\\" QFormat=\\\"true\\\" Name=\\\"Subtitle\\\"\\/>\
  <w:LsdException Locked=\\\"false\\\" SemiHidden=\\\"true\\\" UnhideWhenUsed=\\\"true\\\"\
   Name=\\\"Salutation\\\"\\/>\
  <w:LsdException Locked=\\\"false\\\" SemiHidden=\\\"true\\\" UnhideWhenUsed=\\\"true\\\"\
   Name=\\\"Date\\\"\\/>\
  <w:LsdException Locked=\\\"false\\\" SemiHidden=\\\"true\\\" UnhideWhenUsed=\\\"true\\\"\
   Name=\\\"Body Text First Indent\\\"\\/>\
  <w:LsdException Locked=\\\"false\\\" SemiHidden=\\\"true\\\" UnhideWhenUsed=\\\"true\\\"\
   Name=\\\"Body Text First Indent 2\\\"\\/>\
  <w:LsdException Locked=\\\"false\\\" SemiHidden=\\\"true\\\" UnhideWhenUsed=\\\"true\\\"\
   Name=\\\"Note Heading\\\"\\/>\
  <w:LsdException Locked=\\\"false\\\" SemiHidden=\\\"true\\\" UnhideWhenUsed=\\\"true\\\"\
   Name=\\\"Body Text 2\\\"\\/>\
  <w:LsdException Locked=\\\"false\\\" SemiHidden=\\\"true\\\" UnhideWhenUsed=\\\"true\\\"\
   Name=\\\"Body Text 3\\\"\\/>\
  <w:LsdException Locked=\\\"false\\\" SemiHidden=\\\"true\\\" UnhideWhenUsed=\\\"true\\\"\
   Name=\\\"Body Text Indent 2\\\"\\/>\
  <w:LsdException Locked=\\\"false\\\" SemiHidden=\\\"true\\\" UnhideWhenUsed=\\\"true\\\"\
   Name=\\\"Body Text Indent 3\\\"\\/>\
  <w:LsdException Locked=\\\"false\\\" SemiHidden=\\\"true\\\" UnhideWhenUsed=\\\"true\\\"\
   Name=\\\"Block Text\\\"\\/>\
  <w:LsdException Locked=\\\"false\\\" SemiHidden=\\\"true\\\" UnhideWhenUsed=\\\"true\\\"\
   Name=\\\"Hyperlink\\\"\\/>\
  <w:LsdException Locked=\\\"false\\\" SemiHidden=\\\"true\\\" UnhideWhenUsed=\\\"true\\\"\
   Name=\\\"FollowedHyperlink\\\"\\/>\
  <w:LsdException Locked=\\\"false\\\" Priority=\\\"22\\\" QFormat=\\\"true\\\" Name=\\\"Strong\\\"\\/>\
  <w:LsdException Locked=\\\"false\\\" Priority=\\\"20\\\" QFormat=\\\"true\\\" Name=\\\"Emphasis\\\"\\/>\
  <w:LsdException Locked=\\\"false\\\" SemiHidden=\\\"true\\\" UnhideWhenUsed=\\\"true\\\"\
   Name=\\\"Document Map\\\"\\/>\
  <w:LsdException Locked=\\\"false\\\" SemiHidden=\\\"true\\\" UnhideWhenUsed=\\\"true\\\"\
   Name=\\\"Plain Text\\\"\\/>\
  <w:LsdException Locked=\\\"false\\\" SemiHidden=\\\"true\\\" UnhideWhenUsed=\\\"true\\\"\
   Name=\\\"E-mail Signature\\\"\\/>\
  <w:LsdException Locked=\\\"false\\\" SemiHidden=\\\"true\\\" UnhideWhenUsed=\\\"true\\\"\
   Name=\\\"HTML Top of Form\\\"\\/>\
  <w:LsdException Locked=\\\"false\\\" SemiHidden=\\\"true\\\" UnhideWhenUsed=\\\"true\\\"\
   Name=\\\"HTML Bottom of Form\\\"\\/>\
  <w:LsdException Locked=\\\"false\\\" SemiHidden=\\\"true\\\" UnhideWhenUsed=\\\"true\\\"\
   Name=\\\"Normal (Web)\\\"\\/>\
  <w:LsdException Locked=\\\"false\\\" SemiHidden=\\\"true\\\" UnhideWhenUsed=\\\"true\\\"\
   Name=\\\"HTML Acronym\\\"\\/>\
  <w:LsdException Locked=\\\"false\\\" SemiHidden=\\\"true\\\" UnhideWhenUsed=\\\"true\\\"\
   Name=\\\"HTML Address\\\"\\/>\
  <w:LsdException Locked=\\\"false\\\" SemiHidden=\\\"true\\\" UnhideWhenUsed=\\\"true\\\"\
   Name=\\\"HTML Cite\\\"\\/>\
  <w:LsdException Locked=\\\"false\\\" SemiHidden=\\\"true\\\" UnhideWhenUsed=\\\"true\\\"\
   Name=\\\"HTML Code\\\"\\/>\
  <w:LsdException Locked=\\\"false\\\" SemiHidden=\\\"true\\\" UnhideWhenUsed=\\\"true\\\"\
   Name=\\\"HTML Definition\\\"\\/>\
  <w:LsdException Locked=\\\"false\\\" SemiHidden=\\\"true\\\" UnhideWhenUsed=\\\"true\\\"\
   Name=\\\"HTML Keyboard\\\"\\/>\
  <w:LsdException Locked=\\\"false\\\" SemiHidden=\\\"true\\\" UnhideWhenUsed=\\\"true\\\"\
   Name=\\\"HTML Preformatted\\\"\\/>\
  <w:LsdException Locked=\\\"false\\\" SemiHidden=\\\"true\\\" UnhideWhenUsed=\\\"true\\\"\
   Name=\\\"HTML Sample\\\"\\/>\
  <w:LsdException Locked=\\\"false\\\" SemiHidden=\\\"true\\\" UnhideWhenUsed=\\\"true\\\"\
   Name=\\\"HTML Typewriter\\\"\\/>\
  <w:LsdException Locked=\\\"false\\\" SemiHidden=\\\"true\\\" UnhideWhenUsed=\\\"true\\\"\
   Name=\\\"HTML Variable\\\"\\/>\
  <w:LsdException Locked=\\\"false\\\" SemiHidden=\\\"true\\\" UnhideWhenUsed=\\\"true\\\"\
   Name=\\\"Normal Table\\\"\\/>\
  <w:LsdException Locked=\\\"false\\\" SemiHidden=\\\"true\\\" UnhideWhenUsed=\\\"true\\\"\
   Name=\\\"annotation subject\\\"\\/>\
  <w:LsdException Locked=\\\"false\\\" SemiHidden=\\\"true\\\" UnhideWhenUsed=\\\"true\\\"\
   Name=\\\"No List\\\"\\/>\
  <w:LsdException Locked=\\\"false\\\" SemiHidden=\\\"true\\\" UnhideWhenUsed=\\\"true\\\"\
   Name=\\\"Outline List 1\\\"\\/>\
  <w:LsdException Locked=\\\"false\\\" SemiHidden=\\\"true\\\" UnhideWhenUsed=\\\"true\\\"\
   Name=\\\"Outline List 2\\\"\\/>\
  <w:LsdException Locked=\\\"false\\\" SemiHidden=\\\"true\\\" UnhideWhenUsed=\\\"true\\\"\
   Name=\\\"Outline List 3\\\"\\/>\
  <w:LsdException Locked=\\\"false\\\" SemiHidden=\\\"true\\\" UnhideWhenUsed=\\\"true\\\"\
   Name=\\\"Table Simple 1\\\"\\/>\
  <w:LsdException Locked=\\\"false\\\" SemiHidden=\\\"true\\\" UnhideWhenUsed=\\\"true\\\"\
   Name=\\\"Table Simple 2\\\"\\/>\
  <w:LsdException Locked=\\\"false\\\" SemiHidden=\\\"true\\\" UnhideWhenUsed=\\\"true\\\"\
   Name=\\\"Table Simple 3\\\"\\/>\
  <w:LsdException Locked=\\\"false\\\" SemiHidden=\\\"true\\\" UnhideWhenUsed=\\\"true\\\"\
   Name=\\\"Table Classic 1\\\"\\/>\
  <w:LsdException Locked=\\\"false\\\" SemiHidden=\\\"true\\\" UnhideWhenUsed=\\\"true\\\"\
   Name=\\\"Table Classic 2\\\"\\/>\
  <w:LsdException Locked=\\\"false\\\" SemiHidden=\\\"true\\\" UnhideWhenUsed=\\\"true\\\"\
   Name=\\\"Table Classic 3\\\"\\/>\
  <w:LsdException Locked=\\\"false\\\" SemiHidden=\\\"true\\\" UnhideWhenUsed=\\\"true\\\"\
   Name=\\\"Table Classic 4\\\"\\/>\
  <w:LsdException Locked=\\\"false\\\" SemiHidden=\\\"true\\\" UnhideWhenUsed=\\\"true\\\"\
   Name=\\\"Table Colorful 1\\\"\\/>\
  <w:LsdException Locked=\\\"false\\\" SemiHidden=\\\"true\\\" UnhideWhenUsed=\\\"true\\\"\
   Name=\\\"Table Colorful 2\\\"\\/>\
  <w:LsdException Locked=\\\"false\\\" SemiHidden=\\\"true\\\" UnhideWhenUsed=\\\"true\\\"\
   Name=\\\"Table Colorful 3\\\"\\/>\
  <w:LsdException Locked=\\\"false\\\" SemiHidden=\\\"true\\\" UnhideWhenUsed=\\\"true\\\"\
   Name=\\\"Table Columns 1\\\"\\/>\
  <w:LsdException Locked=\\\"false\\\" SemiHidden=\\\"true\\\" UnhideWhenUsed=\\\"true\\\"\
   Name=\\\"Table Columns 2\\\"\\/>\
  <w:LsdException Locked=\\\"false\\\" SemiHidden=\\\"true\\\" UnhideWhenUsed=\\\"true\\\"\
   Name=\\\"Table Columns 3\\\"\\/>\
  <w:LsdException Locked=\\\"false\\\" SemiHidden=\\\"true\\\" UnhideWhenUsed=\\\"true\\\"\
   Name=\\\"Table Columns 4\\\"\\/>\
  <w:LsdException Locked=\\\"false\\\" SemiHidden=\\\"true\\\" UnhideWhenUsed=\\\"true\\\"\
   Name=\\\"Table Columns 5\\\"\\/>\
  <w:LsdException Locked=\\\"false\\\" SemiHidden=\\\"true\\\" UnhideWhenUsed=\\\"true\\\"\
   Name=\\\"Table Grid 1\\\"\\/>\
  <w:LsdException Locked=\\\"false\\\" SemiHidden=\\\"true\\\" UnhideWhenUsed=\\\"true\\\"\
   Name=\\\"Table Grid 2\\\"\\/>\
  <w:LsdException Locked=\\\"false\\\" SemiHidden=\\\"true\\\" UnhideWhenUsed=\\\"true\\\"\
   Name=\\\"Table Grid 3\\\"\\/>\
  <w:LsdException Locked=\\\"false\\\" SemiHidden=\\\"true\\\" UnhideWhenUsed=\\\"true\\\"\
   Name=\\\"Table Grid 4\\\"\\/>\
  <w:LsdException Locked=\\\"false\\\" SemiHidden=\\\"true\\\" UnhideWhenUsed=\\\"true\\\"\
   Name=\\\"Table Grid 5\\\"\\/>\
  <w:LsdException Locked=\\\"false\\\" SemiHidden=\\\"true\\\" UnhideWhenUsed=\\\"true\\\"\
   Name=\\\"Table Grid 6\\\"\\/>\
  <w:LsdException Locked=\\\"false\\\" SemiHidden=\\\"true\\\" UnhideWhenUsed=\\\"true\\\"\
   Name=\\\"Table Grid 7\\\"\\/>\
  <w:LsdException Locked=\\\"false\\\" SemiHidden=\\\"true\\\" UnhideWhenUsed=\\\"true\\\"\
   Name=\\\"Table Grid 8\\\"\\/>\
  <w:LsdException Locked=\\\"false\\\" SemiHidden=\\\"true\\\" UnhideWhenUsed=\\\"true\\\"\
   Name=\\\"Table List 1\\\"\\/>\
  <w:LsdException Locked=\\\"false\\\" SemiHidden=\\\"true\\\" UnhideWhenUsed=\\\"true\\\"\
   Name=\\\"Table List 2\\\"\\/>\
  <w:LsdException Locked=\\\"false\\\" SemiHidden=\\\"true\\\" UnhideWhenUsed=\\\"true\\\"\
   Name=\\\"Table List 3\\\"\\/>\
  <w:LsdException Locked=\\\"false\\\" SemiHidden=\\\"true\\\" UnhideWhenUsed=\\\"true\\\"\
   Name=\\\"Table List 4\\\"\\/>\
  <w:LsdException Locked=\\\"false\\\" SemiHidden=\\\"true\\\" UnhideWhenUsed=\\\"true\\\"\
   Name=\\\"Table List 5\\\"\\/>\
  <w:LsdException Locked=\\\"false\\\" SemiHidden=\\\"true\\\" UnhideWhenUsed=\\\"true\\\"\
   Name=\\\"Table List 6\\\"\\/>\
  <w:LsdException Locked=\\\"false\\\" SemiHidden=\\\"true\\\" UnhideWhenUsed=\\\"true\\\"\
   Name=\\\"Table List 7\\\"\\/>\
  <w:LsdException Locked=\\\"false\\\" SemiHidden=\\\"true\\\" UnhideWhenUsed=\\\"true\\\"\
   Name=\\\"Table List 8\\\"\\/>\
  <w:LsdException Locked=\\\"false\\\" SemiHidden=\\\"true\\\" UnhideWhenUsed=\\\"true\\\"\
   Name=\\\"Table 3D effects 1\\\"\\/>\
  <w:LsdException Locked=\\\"false\\\" SemiHidden=\\\"true\\\" UnhideWhenUsed=\\\"true\\\"\
   Name=\\\"Table 3D effects 2\\\"\\/>\
  <w:LsdException Locked=\\\"false\\\" SemiHidden=\\\"true\\\" UnhideWhenUsed=\\\"true\\\"\
   Name=\\\"Table 3D effects 3\\\"\\/>\
  <w:LsdException Locked=\\\"false\\\" SemiHidden=\\\"true\\\" UnhideWhenUsed=\\\"true\\\"\
   Name=\\\"Table Contemporary\\\"\\/>\
  <w:LsdException Locked=\\\"false\\\" SemiHidden=\\\"true\\\" UnhideWhenUsed=\\\"true\\\"\
   Name=\\\"Table Elegant\\\"\\/>\
  <w:LsdException Locked=\\\"false\\\" SemiHidden=\\\"true\\\" UnhideWhenUsed=\\\"true\\\"\
   Name=\\\"Table Professional\\\"\\/>\
  <w:LsdException Locked=\\\"false\\\" SemiHidden=\\\"true\\\" UnhideWhenUsed=\\\"true\\\"\
   Name=\\\"Table Subtle 1\\\"\\/>\
  <w:LsdException Locked=\\\"false\\\" SemiHidden=\\\"true\\\" UnhideWhenUsed=\\\"true\\\"\
   Name=\\\"Table Subtle 2\\\"\\/>\
  <w:LsdException Locked=\\\"false\\\" SemiHidden=\\\"true\\\" UnhideWhenUsed=\\\"true\\\"\
   Name=\\\"Table Web 1\\\"\\/>\
  <w:LsdException Locked=\\\"false\\\" SemiHidden=\\\"true\\\" UnhideWhenUsed=\\\"true\\\"\
   Name=\\\"Table Web 2\\\"\\/>\
  <w:LsdException Locked=\\\"false\\\" SemiHidden=\\\"true\\\" UnhideWhenUsed=\\\"true\\\"\
   Name=\\\"Table Web 3\\\"\\/>\
  <w:LsdException Locked=\\\"false\\\" SemiHidden=\\\"true\\\" UnhideWhenUsed=\\\"true\\\"\
   Name=\\\"Balloon Text\\\"\\/>\
  <w:LsdException Locked=\\\"false\\\" Priority=\\\"39\\\" Name=\\\"Table Grid\\\"\\/>\
  <w:LsdException Locked=\\\"false\\\" SemiHidden=\\\"true\\\" UnhideWhenUsed=\\\"true\\\"\
   Name=\\\"Table Theme\\\"\\/>\
  <w:LsdException Locked=\\\"false\\\" SemiHidden=\\\"true\\\" Name=\\\"Placeholder Text\\\"\\/>\
  <w:LsdException Locked=\\\"false\\\" Priority=\\\"1\\\" QFormat=\\\"true\\\" Name=\\\"No Spacing\\\"\\/>\
  <w:LsdException Locked=\\\"false\\\" Priority=\\\"60\\\" Name=\\\"Light Shading\\\"\\/>\
  <w:LsdException Locked=\\\"false\\\" Priority=\\\"61\\\" Name=\\\"Light List\\\"\\/>\
  <w:LsdException Locked=\\\"false\\\" Priority=\\\"62\\\" Name=\\\"Light Grid\\\"\\/>\
  <w:LsdException Locked=\\\"false\\\" Priority=\\\"63\\\" Name=\\\"Medium Shading 1\\\"\\/>\
  <w:LsdException Locked=\\\"false\\\" Priority=\\\"64\\\" Name=\\\"Medium Shading 2\\\"\\/>\
  <w:LsdException Locked=\\\"false\\\" Priority=\\\"65\\\" Name=\\\"Medium List 1\\\"\\/>\
  <w:LsdException Locked=\\\"false\\\" Priority=\\\"66\\\" Name=\\\"Medium List 2\\\"\\/>\
  <w:LsdException Locked=\\\"false\\\" Priority=\\\"67\\\" Name=\\\"Medium Grid 1\\\"\\/>\
  <w:LsdException Locked=\\\"false\\\" Priority=\\\"68\\\" Name=\\\"Medium Grid 2\\\"\\/>\
  <w:LsdException Locked=\\\"false\\\" Priority=\\\"69\\\" Name=\\\"Medium Grid 3\\\"\\/>\
  <w:LsdException Locked=\\\"false\\\" Priority=\\\"70\\\" Name=\\\"Dark List\\\"\\/>\
  <w:LsdException Locked=\\\"false\\\" Priority=\\\"71\\\" Name=\\\"Colorful Shading\\\"\\/>\
  <w:LsdException Locked=\\\"false\\\" Priority=\\\"72\\\" Name=\\\"Colorful List\\\"\\/>\
  <w:LsdException Locked=\\\"false\\\" Priority=\\\"73\\\" Name=\\\"Colorful Grid\\\"\\/>\
  <w:LsdException Locked=\\\"false\\\" Priority=\\\"60\\\" Name=\\\"Light Shading Accent 1\\\"\\/>\
  <w:LsdException Locked=\\\"false\\\" Priority=\\\"61\\\" Name=\\\"Light List Accent 1\\\"\\/>\
  <w:LsdException Locked=\\\"false\\\" Priority=\\\"62\\\" Name=\\\"Light Grid Accent 1\\\"\\/>\
  <w:LsdException Locked=\\\"false\\\" Priority=\\\"63\\\" Name=\\\"Medium Shading 1 Accent 1\\\"\\/>\
  <w:LsdException Locked=\\\"false\\\" Priority=\\\"64\\\" Name=\\\"Medium Shading 2 Accent 1\\\"\\/>\
  <w:LsdException Locked=\\\"false\\\" Priority=\\\"65\\\" Name=\\\"Medium List 1 Accent 1\\\"\\/>\
  <w:LsdException Locked=\\\"false\\\" SemiHidden=\\\"true\\\" Name=\\\"Revision\\\"\\/>\
  <w:LsdException Locked=\\\"false\\\" Priority=\\\"34\\\" QFormat=\\\"true\\\"\
   Name=\\\"List Paragraph\\\"\\/>\
  <w:LsdException Locked=\\\"false\\\" Priority=\\\"29\\\" QFormat=\\\"true\\\" Name=\\\"Quote\\\"\\/>\
  <w:LsdException Locked=\\\"false\\\" Priority=\\\"30\\\" QFormat=\\\"true\\\"\
   Name=\\\"Intense Quote\\\"\\/>\
  <w:LsdException Locked=\\\"false\\\" Priority=\\\"66\\\" Name=\\\"Medium List 2 Accent 1\\\"\\/>\
  <w:LsdException Locked=\\\"false\\\" Priority=\\\"67\\\" Name=\\\"Medium Grid 1 Accent 1\\\"\\/>\
  <w:LsdException Locked=\\\"false\\\" Priority=\\\"68\\\" Name=\\\"Medium Grid 2 Accent 1\\\"\\/>\
  <w:LsdException Locked=\\\"false\\\" Priority=\\\"69\\\" Name=\\\"Medium Grid 3 Accent 1\\\"\\/>\
  <w:LsdException Locked=\\\"false\\\" Priority=\\\"70\\\" Name=\\\"Dark List Accent 1\\\"\\/>\
  <w:LsdException Locked=\\\"false\\\" Priority=\\\"71\\\" Name=\\\"Colorful Shading Accent 1\\\"\\/>\
  <w:LsdException Locked=\\\"false\\\" Priority=\\\"72\\\" Name=\\\"Colorful List Accent 1\\\"\\/>\
  <w:LsdException Locked=\\\"false\\\" Priority=\\\"73\\\" Name=\\\"Colorful Grid Accent 1\\\"\\/>\
  <w:LsdException Locked=\\\"false\\\" Priority=\\\"60\\\" Name=\\\"Light Shading Accent 2\\\"\\/>\
  <w:LsdException Locked=\\\"false\\\" Priority=\\\"61\\\" Name=\\\"Light List Accent 2\\\"\\/>\
  <w:LsdException Locked=\\\"false\\\" Priority=\\\"62\\\" Name=\\\"Light Grid Accent 2\\\"\\/>\
  <w:LsdException Locked=\\\"false\\\" Priority=\\\"63\\\" Name=\\\"Medium Shading 1 Accent 2\\\"\\/>\
  <w:LsdException Locked=\\\"false\\\" Priority=\\\"64\\\" Name=\\\"Medium Shading 2 Accent 2\\\"\\/>\
  <w:LsdException Locked=\\\"false\\\" Priority=\\\"65\\\" Name=\\\"Medium List 1 Accent 2\\\"\\/>\
  <w:LsdException Locked=\\\"false\\\" Priority=\\\"66\\\" Name=\\\"Medium List 2 Accent 2\\\"\\/>\
  <w:LsdException Locked=\\\"false\\\" Priority=\\\"67\\\" Name=\\\"Medium Grid 1 Accent 2\\\"\\/>\
  <w:LsdException Locked=\\\"false\\\" Priority=\\\"68\\\" Name=\\\"Medium Grid 2 Accent 2\\\"\\/>\
  <w:LsdException Locked=\\\"false\\\" Priority=\\\"69\\\" Name=\\\"Medium Grid 3 Accent 2\\\"\\/>\
  <w:LsdException Locked=\\\"false\\\" Priority=\\\"70\\\" Name=\\\"Dark List Accent 2\\\"\\/>\
  <w:LsdException Locked=\\\"false\\\" Priority=\\\"71\\\" Name=\\\"Colorful Shading Accent 2\\\"\\/>\
  <w:LsdException Locked=\\\"false\\\" Priority=\\\"72\\\" Name=\\\"Colorful List Accent 2\\\"\\/>\
  <w:LsdException Locked=\\\"false\\\" Priority=\\\"73\\\" Name=\\\"Colorful Grid Accent 2\\\"\\/>\
  <w:LsdException Locked=\\\"false\\\" Priority=\\\"60\\\" Name=\\\"Light Shading Accent 3\\\"\\/>\
  <w:LsdException Locked=\\\"false\\\" Priority=\\\"61\\\" Name=\\\"Light List Accent 3\\\"\\/>\
  <w:LsdException Locked=\\\"false\\\" Priority=\\\"62\\\" Name=\\\"Light Grid Accent 3\\\"\\/>\
  <w:LsdException Locked=\\\"false\\\" Priority=\\\"63\\\" Name=\\\"Medium Shading 1 Accent 3\\\"\\/>\
  <w:LsdException Locked=\\\"false\\\" Priority=\\\"64\\\" Name=\\\"Medium Shading 2 Accent 3\\\"\\/>\
  <w:LsdException Locked=\\\"false\\\" Priority=\\\"65\\\" Name=\\\"Medium List 1 Accent 3\\\"\\/>\
  <w:LsdException Locked=\\\"false\\\" Priority=\\\"66\\\" Name=\\\"Medium List 2 Accent 3\\\"\\/>\
  <w:LsdException Locked=\\\"false\\\" Priority=\\\"67\\\" Name=\\\"Medium Grid 1 Accent 3\\\"\\/>\
  <w:LsdException Locked=\\\"false\\\" Priority=\\\"68\\\" Name=\\\"Medium Grid 2 Accent 3\\\"\\/>\
  <w:LsdException Locked=\\\"false\\\" Priority=\\\"69\\\" Name=\\\"Medium Grid 3 Accent 3\\\"\\/>\
  <w:LsdException Locked=\\\"false\\\" Priority=\\\"70\\\" Name=\\\"Dark List Accent 3\\\"\\/>\
  <w:LsdException Locked=\\\"false\\\" Priority=\\\"71\\\" Name=\\\"Colorful Shading Accent 3\\\"\\/>\
  <w:LsdException Locked=\\\"false\\\" Priority=\\\"72\\\" Name=\\\"Colorful List Accent 3\\\"\\/>\
  <w:LsdException Locked=\\\"false\\\" Priority=\\\"73\\\" Name=\\\"Colorful Grid Accent 3\\\"\\/>\
  <w:LsdException Locked=\\\"false\\\" Priority=\\\"60\\\" Name=\\\"Light Shading Accent 4\\\"\\/>\
  <w:LsdException Locked=\\\"false\\\" Priority=\\\"61\\\" Name=\\\"Light List Accent 4\\\"\\/>\
  <w:LsdException Locked=\\\"false\\\" Priority=\\\"62\\\" Name=\\\"Light Grid Accent 4\\\"\\/>\
  <w:LsdException Locked=\\\"false\\\" Priority=\\\"63\\\" Name=\\\"Medium Shading 1 Accent 4\\\"\\/>\
  <w:LsdException Locked=\\\"false\\\" Priority=\\\"64\\\" Name=\\\"Medium Shading 2 Accent 4\\\"\\/>\
  <w:LsdException Locked=\\\"false\\\" Priority=\\\"65\\\" Name=\\\"Medium List 1 Accent 4\\\"\\/>\
  <w:LsdException Locked=\\\"false\\\" Priority=\\\"66\\\" Name=\\\"Medium List 2 Accent 4\\\"\\/>\
  <w:LsdException Locked=\\\"false\\\" Priority=\\\"67\\\" Name=\\\"Medium Grid 1 Accent 4\\\"\\/>\
  <w:LsdException Locked=\\\"false\\\" Priority=\\\"68\\\" Name=\\\"Medium Grid 2 Accent 4\\\"\\/>\
  <w:LsdException Locked=\\\"false\\\" Priority=\\\"69\\\" Name=\\\"Medium Grid 3 Accent 4\\\"\\/>\
  <w:LsdException Locked=\\\"false\\\" Priority=\\\"70\\\" Name=\\\"Dark List Accent 4\\\"\\/>\
  <w:LsdException Locked=\\\"false\\\" Priority=\\\"71\\\" Name=\\\"Colorful Shading Accent 4\\\"\\/>\
  <w:LsdException Locked=\\\"false\\\" Priority=\\\"72\\\" Name=\\\"Colorful List Accent 4\\\"\\/>\
  <w:LsdException Locked=\\\"false\\\" Priority=\\\"73\\\" Name=\\\"Colorful Grid Accent 4\\\"\\/>\
  <w:LsdException Locked=\\\"false\\\" Priority=\\\"60\\\" Name=\\\"Light Shading Accent 5\\\"\\/>\
  <w:LsdException Locked=\\\"false\\\" Priority=\\\"61\\\" Name=\\\"Light List Accent 5\\\"\\/>\
  <w:LsdException Locked=\\\"false\\\" Priority=\\\"62\\\" Name=\\\"Light Grid Accent 5\\\"\\/>\
  <w:LsdException Locked=\\\"false\\\" Priority=\\\"63\\\" Name=\\\"Medium Shading 1 Accent 5\\\"\\/>\
  <w:LsdException Locked=\\\"false\\\" Priority=\\\"64\\\" Name=\\\"Medium Shading 2 Accent 5\\\"\\/>\
  <w:LsdException Locked=\\\"false\\\" Priority=\\\"65\\\" Name=\\\"Medium List 1 Accent 5\\\"\\/>\
  <w:LsdException Locked=\\\"false\\\" Priority=\\\"66\\\" Name=\\\"Medium List 2 Accent 5\\\"\\/>\
  <w:LsdException Locked=\\\"false\\\" Priority=\\\"67\\\" Name=\\\"Medium Grid 1 Accent 5\\\"\\/>\
  <w:LsdException Locked=\\\"false\\\" Priority=\\\"68\\\" Name=\\\"Medium Grid 2 Accent 5\\\"\\/>\
  <w:LsdException Locked=\\\"false\\\" Priority=\\\"69\\\" Name=\\\"Medium Grid 3 Accent 5\\\"\\/>\
  <w:LsdException Locked=\\\"false\\\" Priority=\\\"70\\\" Name=\\\"Dark List Accent 5\\\"\\/>\
  <w:LsdException Locked=\\\"false\\\" Priority=\\\"71\\\" Name=\\\"Colorful Shading Accent 5\\\"\\/>\
  <w:LsdException Locked=\\\"false\\\" Priority=\\\"72\\\" Name=\\\"Colorful List Accent 5\\\"\\/>\
  <w:LsdException Locked=\\\"false\\\" Priority=\\\"73\\\" Name=\\\"Colorful Grid Accent 5\\\"\\/>\
  <w:LsdException Locked=\\\"false\\\" Priority=\\\"60\\\" Name=\\\"Light Shading Accent 6\\\"\\/>\
  <w:LsdException Locked=\\\"false\\\" Priority=\\\"61\\\" Name=\\\"Light List Accent 6\\\"\\/>\
  <w:LsdException Locked=\\\"false\\\" Priority=\\\"62\\\" Name=\\\"Light Grid Accent 6\\\"\\/>\
  <w:LsdException Locked=\\\"false\\\" Priority=\\\"63\\\" Name=\\\"Medium Shading 1 Accent 6\\\"\\/>\
  <w:LsdException Locked=\\\"false\\\" Priority=\\\"64\\\" Name=\\\"Medium Shading 2 Accent 6\\\"\\/>\
  <w:LsdException Locked=\\\"false\\\" Priority=\\\"65\\\" Name=\\\"Medium List 1 Accent 6\\\"\\/>\
  <w:LsdException Locked=\\\"false\\\" Priority=\\\"66\\\" Name=\\\"Medium List 2 Accent 6\\\"\\/>\
  <w:LsdException Locked=\\\"false\\\" Priority=\\\"67\\\" Name=\\\"Medium Grid 1 Accent 6\\\"\\/>\
  <w:LsdException Locked=\\\"false\\\" Priority=\\\"68\\\" Name=\\\"Medium Grid 2 Accent 6\\\"\\/>\
  <w:LsdException Locked=\\\"false\\\" Priority=\\\"69\\\" Name=\\\"Medium Grid 3 Accent 6\\\"\\/>\
  <w:LsdException Locked=\\\"false\\\" Priority=\\\"70\\\" Name=\\\"Dark List Accent 6\\\"\\/>\
  <w:LsdException Locked=\\\"false\\\" Priority=\\\"71\\\" Name=\\\"Colorful Shading Accent 6\\\"\\/>\
  <w:LsdException Locked=\\\"false\\\" Priority=\\\"72\\\" Name=\\\"Colorful List Accent 6\\\"\\/>\
  <w:LsdException Locked=\\\"false\\\" Priority=\\\"73\\\" Name=\\\"Colorful Grid Accent 6\\\"\\/>\
  <w:LsdException Locked=\\\"false\\\" Priority=\\\"19\\\" QFormat=\\\"true\\\"\
   Name=\\\"Subtle Emphasis\\\"\\/>\
  <w:LsdException Locked=\\\"false\\\" Priority=\\\"21\\\" QFormat=\\\"true\\\"\
   Name=\\\"Intense Emphasis\\\"\\/>\
  <w:LsdException Locked=\\\"false\\\" Priority=\\\"31\\\" QFormat=\\\"true\\\"\
   Name=\\\"Subtle Reference\\\"\\/>\
  <w:LsdException Locked=\\\"false\\\" Priority=\\\"32\\\" QFormat=\\\"true\\\"\
   Name=\\\"Intense Reference\\\"\\/>\
  <w:LsdException Locked=\\\"false\\\" Priority=\\\"33\\\" QFormat=\\\"true\\\" Name=\\\"Book Title\\\"\\/>\
  <w:LsdException Locked=\\\"false\\\" Priority=\\\"37\\\" SemiHidden=\\\"true\\\"\
   UnhideWhenUsed=\\\"true\\\" Name=\\\"Bibliography\\\"\\/>\
  <w:LsdException Locked=\\\"false\\\" Priority=\\\"39\\\" SemiHidden=\\\"true\\\"\
   UnhideWhenUsed=\\\"true\\\" QFormat=\\\"true\\\" Name=\\\"TOC Heading\\\"\\/>\
  <w:LsdException Locked=\\\"false\\\" Priority=\\\"41\\\" Name=\\\"Plain Table 1\\\"\\/>\
  <w:LsdException Locked=\\\"false\\\" Priority=\\\"42\\\" Name=\\\"Plain Table 2\\\"\\/>\
  <w:LsdException Locked=\\\"false\\\" Priority=\\\"43\\\" Name=\\\"Plain Table 3\\\"\\/>\
  <w:LsdException Locked=\\\"false\\\" Priority=\\\"44\\\" Name=\\\"Plain Table 4\\\"\\/>\
  <w:LsdException Locked=\\\"false\\\" Priority=\\\"45\\\" Name=\\\"Plain Table 5\\\"\\/>\
  <w:LsdException Locked=\\\"false\\\" Priority=\\\"40\\\" Name=\\\"Grid Table Light\\\"\\/>\
  <w:LsdException Locked=\\\"false\\\" Priority=\\\"46\\\" Name=\\\"Grid Table 1 Light\\\"\\/>\
  <w:LsdException Locked=\\\"false\\\" Priority=\\\"47\\\" Name=\\\"Grid Table 2\\\"\\/>\
  <w:LsdException Locked=\\\"false\\\" Priority=\\\"48\\\" Name=\\\"Grid Table 3\\\"\\/>\
  <w:LsdException Locked=\\\"false\\\" Priority=\\\"49\\\" Name=\\\"Grid Table 4\\\"\\/>\
  <w:LsdException Locked=\\\"false\\\" Priority=\\\"50\\\" Name=\\\"Grid Table 5 Dark\\\"\\/>\
  <w:LsdException Locked=\\\"false\\\" Priority=\\\"51\\\" Name=\\\"Grid Table 6 Colorful\\\"\\/>\
  <w:LsdException Locked=\\\"false\\\" Priority=\\\"52\\\" Name=\\\"Grid Table 7 Colorful\\\"\\/>\
  <w:LsdException Locked=\\\"false\\\" Priority=\\\"46\\\"\
   Name=\\\"Grid Table 1 Light Accent 1\\\"\\/>\
  <w:LsdException Locked=\\\"false\\\" Priority=\\\"47\\\" Name=\\\"Grid Table 2 Accent 1\\\"\\/>\
  <w:LsdException Locked=\\\"false\\\" Priority=\\\"48\\\" Name=\\\"Grid Table 3 Accent 1\\\"\\/>\
  <w:LsdException Locked=\\\"false\\\" Priority=\\\"49\\\" Name=\\\"Grid Table 4 Accent 1\\\"\\/>\
  <w:LsdException Locked=\\\"false\\\" Priority=\\\"50\\\" Name=\\\"Grid Table 5 Dark Accent 1\\\"\\/>\
  <w:LsdException Locked=\\\"false\\\" Priority=\\\"51\\\"\
   Name=\\\"Grid Table 6 Colorful Accent 1\\\"\\/>\
  <w:LsdException Locked=\\\"false\\\" Priority=\\\"52\\\"\
   Name=\\\"Grid Table 7 Colorful Accent 1\\\"\\/>\
  <w:LsdException Locked=\\\"false\\\" Priority=\\\"46\\\"\
   Name=\\\"Grid Table 1 Light Accent 2\\\"\\/>\
  <w:LsdException Locked=\\\"false\\\" Priority=\\\"47\\\" Name=\\\"Grid Table 2 Accent 2\\\"\\/>\
  <w:LsdException Locked=\\\"false\\\" Priority=\\\"48\\\" Name=\\\"Grid Table 3 Accent 2\\\"\\/>\
  <w:LsdException Locked=\\\"false\\\" Priority=\\\"49\\\" Name=\\\"Grid Table 4 Accent 2\\\"\\/>\
  <w:LsdException Locked=\\\"false\\\" Priority=\\\"50\\\" Name=\\\"Grid Table 5 Dark Accent 2\\\"\\/>\
  <w:LsdException Locked=\\\"false\\\" Priority=\\\"51\\\"\
   Name=\\\"Grid Table 6 Colorful Accent 2\\\"\\/>\
  <w:LsdException Locked=\\\"false\\\" Priority=\\\"52\\\"\
   Name=\\\"Grid Table 7 Colorful Accent 2\\\"\\/>\
  <w:LsdException Locked=\\\"false\\\" Priority=\\\"46\\\"\
   Name=\\\"Grid Table 1 Light Accent 3\\\"\\/>\
  <w:LsdException Locked=\\\"false\\\" Priority=\\\"47\\\" Name=\\\"Grid Table 2 Accent 3\\\"\\/>\
  <w:LsdException Locked=\\\"false\\\" Priority=\\\"48\\\" Name=\\\"Grid Table 3 Accent 3\\\"\\/>\
  <w:LsdException Locked=\\\"false\\\" Priority=\\\"49\\\" Name=\\\"Grid Table 4 Accent 3\\\"\\/>\
  <w:LsdException Locked=\\\"false\\\" Priority=\\\"50\\\" Name=\\\"Grid Table 5 Dark Accent 3\\\"\\/>\
  <w:LsdException Locked=\\\"false\\\" Priority=\\\"51\\\"\
   Name=\\\"Grid Table 6 Colorful Accent 3\\\"\\/>\
  <w:LsdException Locked=\\\"false\\\" Priority=\\\"52\\\"\
   Name=\\\"Grid Table 7 Colorful Accent 3\\\"\\/>\
  <w:LsdException Locked=\\\"false\\\" Priority=\\\"46\\\"\
   Name=\\\"Grid Table 1 Light Accent 4\\\"\\/>\
  <w:LsdException Locked=\\\"false\\\" Priority=\\\"47\\\" Name=\\\"Grid Table 2 Accent 4\\\"\\/>\
  <w:LsdException Locked=\\\"false\\\" Priority=\\\"48\\\" Name=\\\"Grid Table 3 Accent 4\\\"\\/>\
  <w:LsdException Locked=\\\"false\\\" Priority=\\\"49\\\" Name=\\\"Grid Table 4 Accent 4\\\"\\/>\
  <w:LsdException Locked=\\\"false\\\" Priority=\\\"50\\\" Name=\\\"Grid Table 5 Dark Accent 4\\\"\\/>\
  <w:LsdException Locked=\\\"false\\\" Priority=\\\"51\\\"\
   Name=\\\"Grid Table 6 Colorful Accent 4\\\"\\/>\
  <w:LsdException Locked=\\\"false\\\" Priority=\\\"52\\\"\
   Name=\\\"Grid Table 7 Colorful Accent 4\\\"\\/>\
  <w:LsdException Locked=\\\"false\\\" Priority=\\\"46\\\"\
   Name=\\\"Grid Table 1 Light Accent 5\\\"\\/>\
  <w:LsdException Locked=\\\"false\\\" Priority=\\\"47\\\" Name=\\\"Grid Table 2 Accent 5\\\"\\/>\
  <w:LsdException Locked=\\\"false\\\" Priority=\\\"48\\\" Name=\\\"Grid Table 3 Accent 5\\\"\\/>\
  <w:LsdException Locked=\\\"false\\\" Priority=\\\"49\\\" Name=\\\"Grid Table 4 Accent 5\\\"\\/>\
  <w:LsdException Locked=\\\"false\\\" Priority=\\\"50\\\" Name=\\\"Grid Table 5 Dark Accent 5\\\"\\/>\
  <w:LsdException Locked=\\\"false\\\" Priority=\\\"51\\\"\
   Name=\\\"Grid Table 6 Colorful Accent 5\\\"\\/>\
  <w:LsdException Locked=\\\"false\\\" Priority=\\\"52\\\"\
   Name=\\\"Grid Table 7 Colorful Accent 5\\\"\\/>\
  <w:LsdException Locked=\\\"false\\\" Priority=\\\"46\\\"\
   Name=\\\"Grid Table 1 Light Accent 6\\\"\\/>\
  <w:LsdException Locked=\\\"false\\\" Priority=\\\"47\\\" Name=\\\"Grid Table 2 Accent 6\\\"\\/>\
  <w:LsdException Locked=\\\"false\\\" Priority=\\\"48\\\" Name=\\\"Grid Table 3 Accent 6\\\"\\/>\
  <w:LsdException Locked=\\\"false\\\" Priority=\\\"49\\\" Name=\\\"Grid Table 4 Accent 6\\\"\\/>\
  <w:LsdException Locked=\\\"false\\\" Priority=\\\"50\\\" Name=\\\"Grid Table 5 Dark Accent 6\\\"\\/>\
  <w:LsdException Locked=\\\"false\\\" Priority=\\\"51\\\"\
   Name=\\\"Grid Table 6 Colorful Accent 6\\\"\\/>\
  <w:LsdException Locked=\\\"false\\\" Priority=\\\"52\\\"\
   Name=\\\"Grid Table 7 Colorful Accent 6\\\"\\/>\
  <w:LsdException Locked=\\\"false\\\" Priority=\\\"46\\\" Name=\\\"List Table 1 Light\\\"\\/>\
  <w:LsdException Locked=\\\"false\\\" Priority=\\\"47\\\" Name=\\\"List Table 2\\\"\\/>\
  <w:LsdException Locked=\\\"false\\\" Priority=\\\"48\\\" Name=\\\"List Table 3\\\"\\/>\
  <w:LsdException Locked=\\\"false\\\" Priority=\\\"49\\\" Name=\\\"List Table 4\\\"\\/>\
  <w:LsdException Locked=\\\"false\\\" Priority=\\\"50\\\" Name=\\\"List Table 5 Dark\\\"\\/>\
  <w:LsdException Locked=\\\"false\\\" Priority=\\\"51\\\" Name=\\\"List Table 6 Colorful\\\"\\/>\
  <w:LsdException Locked=\\\"false\\\" Priority=\\\"52\\\" Name=\\\"List Table 7 Colorful\\\"\\/>\
  <w:LsdException Locked=\\\"false\\\" Priority=\\\"46\\\"\
   Name=\\\"List Table 1 Light Accent 1\\\"\\/>\
  <w:LsdException Locked=\\\"false\\\" Priority=\\\"47\\\" Name=\\\"List Table 2 Accent 1\\\"\\/>\
  <w:LsdException Locked=\\\"false\\\" Priority=\\\"48\\\" Name=\\\"List Table 3 Accent 1\\\"\\/>\
  <w:LsdException Locked=\\\"false\\\" Priority=\\\"49\\\" Name=\\\"List Table 4 Accent 1\\\"\\/>\
  <w:LsdException Locked=\\\"false\\\" Priority=\\\"50\\\" Name=\\\"List Table 5 Dark Accent 1\\\"\\/>\
  <w:LsdException Locked=\\\"false\\\" Priority=\\\"51\\\"\
   Name=\\\"List Table 6 Colorful Accent 1\\\"\\/>\
  <w:LsdException Locked=\\\"false\\\" Priority=\\\"52\\\"\
   Name=\\\"List Table 7 Colorful Accent 1\\\"\\/>\
  <w:LsdException Locked=\\\"false\\\" Priority=\\\"46\\\"\
   Name=\\\"List Table 1 Light Accent 2\\\"\\/>\
  <w:LsdException Locked=\\\"false\\\" Priority=\\\"47\\\" Name=\\\"List Table 2 Accent 2\\\"\\/>\
  <w:LsdException Locked=\\\"false\\\" Priority=\\\"48\\\" Name=\\\"List Table 3 Accent 2\\\"\\/>\
  <w:LsdException Locked=\\\"false\\\" Priority=\\\"49\\\" Name=\\\"List Table 4 Accent 2\\\"\\/>\
  <w:LsdException Locked=\\\"false\\\" Priority=\\\"50\\\" Name=\\\"List Table 5 Dark Accent 2\\\"\\/>\
  <w:LsdException Locked=\\\"false\\\" Priority=\\\"51\\\"\
   Name=\\\"List Table 6 Colorful Accent 2\\\"\\/>\
  <w:LsdException Locked=\\\"false\\\" Priority=\\\"52\\\"\
   Name=\\\"List Table 7 Colorful Accent 2\\\"\\/>\
  <w:LsdException Locked=\\\"false\\\" Priority=\\\"46\\\"\
   Name=\\\"List Table 1 Light Accent 3\\\"\\/>\
  <w:LsdException Locked=\\\"false\\\" Priority=\\\"47\\\" Name=\\\"List Table 2 Accent 3\\\"\\/>\
  <w:LsdException Locked=\\\"false\\\" Priority=\\\"48\\\" Name=\\\"List Table 3 Accent 3\\\"\\/>\
  <w:LsdException Locked=\\\"false\\\" Priority=\\\"49\\\" Name=\\\"List Table 4 Accent 3\\\"\\/>\
  <w:LsdException Locked=\\\"false\\\" Priority=\\\"50\\\" Name=\\\"List Table 5 Dark Accent 3\\\"\\/>\
  <w:LsdException Locked=\\\"false\\\" Priority=\\\"51\\\"\
   Name=\\\"List Table 6 Colorful Accent 3\\\"\\/>\
  <w:LsdException Locked=\\\"false\\\" Priority=\\\"52\\\"\
   Name=\\\"List Table 7 Colorful Accent 3\\\"\\/>\
  <w:LsdException Locked=\\\"false\\\" Priority=\\\"46\\\"\
   Name=\\\"List Table 1 Light Accent 4\\\"\\/>\
  <w:LsdException Locked=\\\"false\\\" Priority=\\\"47\\\" Name=\\\"List Table 2 Accent 4\\\"\\/>\
  <w:LsdException Locked=\\\"false\\\" Priority=\\\"48\\\" Name=\\\"List Table 3 Accent 4\\\"\\/>\
  <w:LsdException Locked=\\\"false\\\" Priority=\\\"49\\\" Name=\\\"List Table 4 Accent 4\\\"\\/>\
  <w:LsdException Locked=\\\"false\\\" Priority=\\\"50\\\" Name=\\\"List Table 5 Dark Accent 4\\\"\\/>\
  <w:LsdException Locked=\\\"false\\\" Priority=\\\"51\\\"\
   Name=\\\"List Table 6 Colorful Accent 4\\\"\\/>\
  <w:LsdException Locked=\\\"false\\\" Priority=\\\"52\\\"\
   Name=\\\"List Table 7 Colorful Accent 4\\\"\\/>\
  <w:LsdException Locked=\\\"false\\\" Priority=\\\"46\\\"\
   Name=\\\"List Table 1 Light Accent 5\\\"\\/>\
  <w:LsdException Locked=\\\"false\\\" Priority=\\\"47\\\" Name=\\\"List Table 2 Accent 5\\\"\\/>\
  <w:LsdException Locked=\\\"false\\\" Priority=\\\"48\\\" Name=\\\"List Table 3 Accent 5\\\"\\/>\
  <w:LsdException Locked=\\\"false\\\" Priority=\\\"49\\\" Name=\\\"List Table 4 Accent 5\\\"\\/>\
  <w:LsdException Locked=\\\"false\\\" Priority=\\\"50\\\" Name=\\\"List Table 5 Dark Accent 5\\\"\\/>\
  <w:LsdException Locked=\\\"false\\\" Priority=\\\"51\\\"\
   Name=\\\"List Table 6 Colorful Accent 5\\\"\\/>\
  <w:LsdException Locked=\\\"false\\\" Priority=\\\"52\\\"\
   Name=\\\"List Table 7 Colorful Accent 5\\\"\\/>\
  <w:LsdException Locked=\\\"false\\\" Priority=\\\"46\\\"\
   Name=\\\"List Table 1 Light Accent 6\\\"\\/>\
  <w:LsdException Locked=\\\"false\\\" Priority=\\\"47\\\" Name=\\\"List Table 2 Accent 6\\\"\\/>\
  <w:LsdException Locked=\\\"false\\\" Priority=\\\"48\\\" Name=\\\"List Table 3 Accent 6\\\"\\/>\
  <w:LsdException Locked=\\\"false\\\" Priority=\\\"49\\\" Name=\\\"List Table 4 Accent 6\\\"\\/>\
  <w:LsdException Locked=\\\"false\\\" Priority=\\\"50\\\" Name=\\\"List Table 5 Dark Accent 6\\\"\\/>\
  <w:LsdException Locked=\\\"false\\\" Priority=\\\"51\\\"\
   Name=\\\"List Table 6 Colorful Accent 6\\\"\\/>\
  <w:LsdException Locked=\\\"false\\\" Priority=\\\"52\\\"\
   Name=\\\"List Table 7 Colorful Accent 6\\\"\\/>\
  <w:LsdException Locked=\\\"false\\\" SemiHidden=\\\"true\\\" UnhideWhenUsed=\\\"true\\\"\
   Name=\\\"Mention\\\"\\/>\
  <w:LsdException Locked=\\\"false\\\" SemiHidden=\\\"true\\\" UnhideWhenUsed=\\\"true\\\"\
   Name=\\\"Smart Hyperlink\\\"\\/>\
  <w:LsdException Locked=\\\"false\\\" SemiHidden=\\\"true\\\" UnhideWhenUsed=\\\"true\\\"\
   Name=\\\"Hashtag\\\"\\/>\
  <w:LsdException Locked=\\\"false\\\" SemiHidden=\\\"true\\\" UnhideWhenUsed=\\\"true\\\"\
   Name=\\\"Unresolved Mention\\\"\\/>\
 <\\/w:LatentStyles>\
<\\/xml><![endif]--> <!-- [if gte mso 10]>\
<style>\
 \\/* Style Definitions *\\/\
 table.MsoNormalTable\
\\t{mso-style-name:\\\"Normale Tabelle\\\";\
\\tmso-tstyle-rowband-size:0;\
\\tmso-tstyle-colband-size:0;\
\\tmso-style-noshow:yes;\
\\tmso-style-priority:99;\
\\tmso-style-parent:\\\"\\\";\
\\tmso-padding-alt:0cm 5.4pt 0cm 5.4pt;\
\\tmso-para-margin:0cm;\
\\tmso-para-margin-bottom:.0001pt;\
\\tmso-pagination:widow-orphan;\
\\tfont-size:12.0pt;\
\\tfont-family:\\\"Calibri\\\",sans-serif;\
\\tmso-ascii-font-family:Calibri;\
\\tmso-ascii-theme-font:minor-latin;\
\\tmso-hansi-font-family:Calibri;\
\\tmso-hansi-theme-font:minor-latin;\
\\tmso-bidi-font-family:\\\"Times New Roman\\\";\
\\tmso-bidi-theme-font:minor-bidi;\
\\tmso-ansi-language:DE;\
\\tmso-fareast-language:EN-US;}\
<\\/style>\
<![endif]--> <!--StartFragment--> <!--EndFragment--><\\/p>\
<p class=\\\"MsoNormal\\\"><!-- [if gte mso 9]><xml>\
 <o:OfficeDocumentSettings>\
  <o:AllowPNG\\/>\
 <\\/o:OfficeDocumentSettings>\
<\\/xml><![endif]--> <!-- [if gte mso 9]><xml>\
 <w:WordDocument>\
  <w:View>Normal<\\/w:View>\
  <w:Zoom>0<\\/w:Zoom>\
  <w:TrackMoves\\/>\
  <w:TrackFormatting\\/>\
  <w:HyphenationZone>21<\\/w:HyphenationZone>\
  <w:PunctuationKerning\\/>\
  <w:ValidateAgainstSchemas\\/>\
  <w:SaveIfXMLInvalid>false<\\/w:SaveIfXMLInvalid>\
  <w:IgnoreMixedContent>false<\\/w:IgnoreMixedContent>\
  <w:AlwaysShowPlaceholderText>false<\\/w:AlwaysShowPlaceholderText>\
  <w:DoNotPromoteQF\\/>\
  <w:LidThemeOther>DE<\\/w:LidThemeOther>\
  <w:LidThemeAsian>X-NONE<\\/w:LidThemeAsian>\
  <w:LidThemeComplexScript>X-NONE<\\/w:LidThemeComplexScript>\
  <w:Compatibility>\
   <w:BreakWrappedTables\\/>\
   <w:SnapToGridInCell\\/>\
   <w:WrapTextWithPunct\\/>\
   <w:UseAsianBreakRules\\/>\
   <w:DontGrowAutofit\\/>\
   <w:SplitPgBreakAndParaMark\\/>\
   <w:EnableOpenTypeKerning\\/>\
   <w:DontFlipMirrorIndents\\/>\
   <w:OverrideTableStyleHps\\/>\
  <\\/w:Compatibility>\
  <w:DoNotOptimizeForBrowser\\/>\
  <m:mathPr>\
   <m:mathFont m:val=\\\"Cambria Math\\\"\\/>\
   <m:brkBin m:val=\\\"before\\\"\\/>\
   <m:brkBinSub m:val=\\\"&#45;-\\\"\\/>\
   <m:smallFrac m:val=\\\"off\\\"\\/>\
   <m:dispDef\\/>\
   <m:lMargin m:val=\\\"0\\\"\\/>\
   <m:rMargin m:val=\\\"0\\\"\\/>\
   <m:defJc m:val=\\\"centerGroup\\\"\\/>\
   <m:wrapIndent m:val=\\\"1440\\\"\\/>\
   <m:intLim m:val=\\\"subSup\\\"\\/>\
   <m:naryLim m:val=\\\"undOvr\\\"\\/>\
  <\\/m:mathPr><\\/w:WordDocument>\
<\\/xml><![endif]--><!-- [if gte mso 9]><xml>\
 <w:LatentStyles DefLockedState=\\\"false\\\" DefUnhideWhenUsed=\\\"false\\\"\
  DefSemiHidden=\\\"false\\\" DefQFormat=\\\"false\\\" DefPriority=\\\"99\\\"\
  LatentStyleCount=\\\"375\\\">\
  <w:LsdException Locked=\\\"false\\\" Priority=\\\"0\\\" QFormat=\\\"true\\\" Name=\\\"Normal\\\"\\/>\
  <w:LsdException Locked=\\\"false\\\" Priority=\\\"9\\\" QFormat=\\\"true\\\" Name=\\\"heading 1\\\"\\/>\
  <w:LsdException Locked=\\\"false\\\" Priority=\\\"9\\\" SemiHidden=\\\"true\\\"\
   UnhideWhenUsed=\\\"true\\\" QFormat=\\\"true\\\" Name=\\\"heading 2\\\"\\/>\
  <w:LsdException Locked=\\\"false\\\" Priority=\\\"9\\\" SemiHidden=\\\"true\\\"\
   UnhideWhenUsed=\\\"true\\\" QFormat=\\\"true\\\" Name=\\\"heading 3\\\"\\/>\
  <w:LsdException Locked=\\\"false\\\" Priority=\\\"9\\\" SemiHidden=\\\"true\\\"\
   UnhideWhenUsed=\\\"true\\\" QFormat=\\\"true\\\" Name=\\\"heading 4\\\"\\/>\
  <w:LsdException Locked=\\\"false\\\" Priority=\\\"9\\\" SemiHidden=\\\"true\\\"\
   UnhideWhenUsed=\\\"true\\\" QFormat=\\\"true\\\" Name=\\\"heading 5\\\"\\/>\
  <w:LsdException Locked=\\\"false\\\" Priority=\\\"9\\\" SemiHidden=\\\"true\\\"\
   UnhideWhenUsed=\\\"true\\\" QFormat=\\\"true\\\" Name=\\\"heading 6\\\"\\/>\
  <w:LsdException Locked=\\\"false\\\" Priority=\\\"9\\\" SemiHidden=\\\"true\\\"\
   UnhideWhenUsed=\\\"true\\\" QFormat=\\\"true\\\" Name=\\\"heading 7\\\"\\/>\
  <w:LsdException Locked=\\\"false\\\" Priority=\\\"9\\\" SemiHidden=\\\"true\\\"\
   UnhideWhenUsed=\\\"true\\\" QFormat=\\\"true\\\" Name=\\\"heading 8\\\"\\/>\
  <w:LsdException Locked=\\\"false\\\" Priority=\\\"9\\\" SemiHidden=\\\"true\\\"\
   UnhideWhenUsed=\\\"true\\\" QFormat=\\\"true\\\" Name=\\\"heading 9\\\"\\/>\
  <w:LsdException Locked=\\\"false\\\" SemiHidden=\\\"true\\\" UnhideWhenUsed=\\\"true\\\"\
   Name=\\\"index 1\\\"\\/>\
  <w:LsdException Locked=\\\"false\\\" SemiHidden=\\\"true\\\" UnhideWhenUsed=\\\"true\\\"\
   Name=\\\"index 2\\\"\\/>\
  <w:LsdException Locked=\\\"false\\\" SemiHidden=\\\"true\\\" UnhideWhenUsed=\\\"true\\\"\
   Name=\\\"index 3\\\"\\/>\
  <w:LsdException Locked=\\\"false\\\" SemiHidden=\\\"true\\\" UnhideWhenUsed=\\\"true\\\"\
   Name=\\\"index 4\\\"\\/>\
  <w:LsdException Locked=\\\"false\\\" SemiHidden=\\\"true\\\" UnhideWhenUsed=\\\"true\\\"\
   Name=\\\"index 5\\\"\\/>\
  <w:LsdException Locked=\\\"false\\\" SemiHidden=\\\"true\\\" UnhideWhenUsed=\\\"true\\\"\
   Name=\\\"index 6\\\"\\/>\
  <w:LsdException Locked=\\\"false\\\" SemiHidden=\\\"true\\\" UnhideWhenUsed=\\\"true\\\"\
   Name=\\\"index 7\\\"\\/>\
  <w:LsdException Locked=\\\"false\\\" SemiHidden=\\\"true\\\" UnhideWhenUsed=\\\"true\\\"\
   Name=\\\"index 8\\\"\\/>\
  <w:LsdException Locked=\\\"false\\\" SemiHidden=\\\"true\\\" UnhideWhenUsed=\\\"true\\\"\
   Name=\\\"index 9\\\"\\/>\
  <w:LsdException Locked=\\\"false\\\" Priority=\\\"39\\\" SemiHidden=\\\"true\\\"\
   UnhideWhenUsed=\\\"true\\\" Name=\\\"toc 1\\\"\\/>\
  <w:LsdException Locked=\\\"false\\\" Priority=\\\"39\\\" SemiHidden=\\\"true\\\"\
   UnhideWhenUsed=\\\"true\\\" Name=\\\"toc 2\\\"\\/>\
  <w:LsdException Locked=\\\"false\\\" Priority=\\\"39\\\" SemiHidden=\\\"true\\\"\
   UnhideWhenUsed=\\\"true\\\" Name=\\\"toc 3\\\"\\/>\
  <w:LsdException Locked=\\\"false\\\" Priority=\\\"39\\\" SemiHidden=\\\"true\\\"\
   UnhideWhenUsed=\\\"true\\\" Name=\\\"toc 4\\\"\\/>\
  <w:LsdException Locked=\\\"false\\\" Priority=\\\"39\\\" SemiHidden=\\\"true\\\"\
   UnhideWhenUsed=\\\"true\\\" Name=\\\"toc 5\\\"\\/>\
  <w:LsdException Locked=\\\"false\\\" Priority=\\\"39\\\" SemiHidden=\\\"true\\\"\
   UnhideWhenUsed=\\\"true\\\" Name=\\\"toc 6\\\"\\/>\
  <w:LsdException Locked=\\\"false\\\" Priority=\\\"39\\\" SemiHidden=\\\"true\\\"\
   UnhideWhenUsed=\\\"true\\\" Name=\\\"toc 7\\\"\\/>\
  <w:LsdException Locked=\\\"false\\\" Priority=\\\"39\\\" SemiHidden=\\\"true\\\"\
   UnhideWhenUsed=\\\"true\\\" Name=\\\"toc 8\\\"\\/>\
  <w:LsdException Locked=\\\"false\\\" Priority=\\\"39\\\" SemiHidden=\\\"true\\\"\
   UnhideWhenUsed=\\\"true\\\" Name=\\\"toc 9\\\"\\/>\
  <w:LsdException Locked=\\\"false\\\" SemiHidden=\\\"true\\\" UnhideWhenUsed=\\\"true\\\"\
   Name=\\\"Normal Indent\\\"\\/>\
  <w:LsdException Locked=\\\"false\\\" SemiHidden=\\\"true\\\" UnhideWhenUsed=\\\"true\\\"\
   Name=\\\"footnote text\\\"\\/>\
  <w:LsdException Locked=\\\"false\\\" SemiHidden=\\\"true\\\" UnhideWhenUsed=\\\"true\\\"\
   Name=\\\"annotation text\\\"\\/>\
  <w:LsdException Locked=\\\"false\\\" SemiHidden=\\\"true\\\" UnhideWhenUsed=\\\"true\\\"\
   Name=\\\"header\\\"\\/>\
  <w:LsdException Locked=\\\"false\\\" SemiHidden=\\\"true\\\" UnhideWhenUsed=\\\"true\\\"\
   Name=\\\"footer\\\"\\/>\
  <w:LsdException Locked=\\\"false\\\" SemiHidden=\\\"true\\\" UnhideWhenUsed=\\\"true\\\"\
   Name=\\\"index heading\\\"\\/>\
  <w:LsdException Locked=\\\"false\\\" Priority=\\\"35\\\" SemiHidden=\\\"true\\\"\
   UnhideWhenUsed=\\\"true\\\" QFormat=\\\"true\\\" Name=\\\"caption\\\"\\/>\
  <w:LsdException Locked=\\\"false\\\" SemiHidden=\\\"true\\\" UnhideWhenUsed=\\\"true\\\"\
   Name=\\\"table of figures\\\"\\/>\
  <w:LsdException Locked=\\\"false\\\" SemiHidden=\\\"true\\\" UnhideWhenUsed=\\\"true\\\"\
   Name=\\\"envelope address\\\"\\/>\
  <w:LsdException Locked=\\\"false\\\" SemiHidden=\\\"true\\\" UnhideWhenUsed=\\\"true\\\"\
   Name=\\\"envelope return\\\"\\/>\
  <w:LsdException Locked=\\\"false\\\" SemiHidden=\\\"true\\\" UnhideWhenUsed=\\\"true\\\"\
   Name=\\\"footnote reference\\\"\\/>\
  <w:LsdException Locked=\\\"false\\\" SemiHidden=\\\"true\\\" UnhideWhenUsed=\\\"true\\\"\
   Name=\\\"annotation reference\\\"\\/>\
  <w:LsdException Locked=\\\"false\\\" SemiHidden=\\\"true\\\" UnhideWhenUsed=\\\"true\\\"\
   Name=\\\"line number\\\"\\/>\
  <w:LsdException Locked=\\\"false\\\" SemiHidden=\\\"true\\\" UnhideWhenUsed=\\\"true\\\"\
   Name=\\\"page number\\\"\\/>\
  <w:LsdException Locked=\\\"false\\\" SemiHidden=\\\"true\\\" UnhideWhenUsed=\\\"true\\\"\
   Name=\\\"endnote reference\\\"\\/>\
  <w:LsdException Locked=\\\"false\\\" SemiHidden=\\\"true\\\" UnhideWhenUsed=\\\"true\\\"\
   Name=\\\"endnote text\\\"\\/>\
  <w:LsdException Locked=\\\"false\\\" SemiHidden=\\\"true\\\" UnhideWhenUsed=\\\"true\\\"\
   Name=\\\"table of authorities\\\"\\/>\
  <w:LsdException Locked=\\\"false\\\" SemiHidden=\\\"true\\\" UnhideWhenUsed=\\\"true\\\"\
   Name=\\\"macro\\\"\\/>\
  <w:LsdException Locked=\\\"false\\\" SemiHidden=\\\"true\\\" UnhideWhenUsed=\\\"true\\\"\
   Name=\\\"toa heading\\\"\\/>\
  <w:LsdException Locked=\\\"false\\\" SemiHidden=\\\"true\\\" UnhideWhenUsed=\\\"true\\\"\
   Name=\\\"List\\\"\\/>\
  <w:LsdException Locked=\\\"false\\\" SemiHidden=\\\"true\\\" UnhideWhenUsed=\\\"true\\\"\
   Name=\\\"List Bullet\\\"\\/>\
  <w:LsdException Locked=\\\"false\\\" SemiHidden=\\\"true\\\" UnhideWhenUsed=\\\"true\\\"\
   Name=\\\"List Number\\\"\\/>\
  <w:LsdException Locked=\\\"false\\\" SemiHidden=\\\"true\\\" UnhideWhenUsed=\\\"true\\\"\
   Name=\\\"List 2\\\"\\/>\
  <w:LsdException Locked=\\\"false\\\" SemiHidden=\\\"true\\\" UnhideWhenUsed=\\\"true\\\"\
   Name=\\\"List 3\\\"\\/>\
  <w:LsdException Locked=\\\"false\\\" SemiHidden=\\\"true\\\" UnhideWhenUsed=\\\"true\\\"\
   Name=\\\"List 4\\\"\\/>\
  <w:LsdException Locked=\\\"false\\\" SemiHidden=\\\"true\\\" UnhideWhenUsed=\\\"true\\\"\
   Name=\\\"List 5\\\"\\/>\
  <w:LsdException Locked=\\\"false\\\" SemiHidden=\\\"true\\\" UnhideWhenUsed=\\\"true\\\"\
   Name=\\\"List Bullet 2\\\"\\/>\
  <w:LsdException Locked=\\\"false\\\" SemiHidden=\\\"true\\\" UnhideWhenUsed=\\\"true\\\"\
   Name=\\\"List Bullet 3\\\"\\/>\
  <w:LsdException Locked=\\\"false\\\" SemiHidden=\\\"true\\\" UnhideWhenUsed=\\\"true\\\"\
   Name=\\\"List Bullet 4\\\"\\/>\
  <w:LsdException Locked=\\\"false\\\" SemiHidden=\\\"true\\\" UnhideWhenUsed=\\\"true\\\"\
   Name=\\\"List Bullet 5\\\"\\/>\
  <w:LsdException Locked=\\\"false\\\" SemiHidden=\\\"true\\\" UnhideWhenUsed=\\\"true\\\"\
   Name=\\\"List Number 2\\\"\\/>\
  <w:LsdException Locked=\\\"false\\\" SemiHidden=\\\"true\\\" UnhideWhenUsed=\\\"true\\\"\
   Name=\\\"List Number 3\\\"\\/>\
  <w:LsdException Locked=\\\"false\\\" SemiHidden=\\\"true\\\" UnhideWhenUsed=\\\"true\\\"\
   Name=\\\"List Number 4\\\"\\/>\
  <w:LsdException Locked=\\\"false\\\" SemiHidden=\\\"true\\\" UnhideWhenUsed=\\\"true\\\"\
   Name=\\\"List Number 5\\\"\\/>\
  <w:LsdException Locked=\\\"false\\\" Priority=\\\"10\\\" QFormat=\\\"true\\\" Name=\\\"Title\\\"\\/>\
  <w:LsdException Locked=\\\"false\\\" SemiHidden=\\\"true\\\" UnhideWhenUsed=\\\"true\\\"\
   Name=\\\"Closing\\\"\\/>\
  <w:LsdException Locked=\\\"false\\\" SemiHidden=\\\"true\\\" UnhideWhenUsed=\\\"true\\\"\
   Name=\\\"Signature\\\"\\/>\
  <w:LsdException Locked=\\\"false\\\" Priority=\\\"1\\\" SemiHidden=\\\"true\\\"\
   UnhideWhenUsed=\\\"true\\\" Name=\\\"Default Paragraph Font\\\"\\/>\
  <w:LsdException Locked=\\\"false\\\" SemiHidden=\\\"true\\\" UnhideWhenUsed=\\\"true\\\"\
   Name=\\\"Body Text\\\"\\/>\
  <w:LsdException Locked=\\\"false\\\" SemiHidden=\\\"true\\\" UnhideWhenUsed=\\\"true\\\"\
   Name=\\\"Body Text Indent\\\"\\/>\
  <w:LsdException Locked=\\\"false\\\" SemiHidden=\\\"true\\\" UnhideWhenUsed=\\\"true\\\"\
   Name=\\\"List Continue\\\"\\/>\
  <w:LsdException Locked=\\\"false\\\" SemiHidden=\\\"true\\\" UnhideWhenUsed=\\\"true\\\"\
   Name=\\\"List Continue 2\\\"\\/>\
  <w:LsdException Locked=\\\"false\\\" SemiHidden=\\\"true\\\" UnhideWhenUsed=\\\"true\\\"\
   Name=\\\"List Continue 3\\\"\\/>\
  <w:LsdException Locked=\\\"false\\\" SemiHidden=\\\"true\\\" UnhideWhenUsed=\\\"true\\\"\
   Name=\\\"List Continue 4\\\"\\/>\
  <w:LsdException Locked=\\\"false\\\" SemiHidden=\\\"true\\\" UnhideWhenUsed=\\\"true\\\"\
   Name=\\\"List Continue 5\\\"\\/>\
  <w:LsdException Locked=\\\"false\\\" SemiHidden=\\\"true\\\" UnhideWhenUsed=\\\"true\\\"\
   Name=\\\"Message Header\\\"\\/>\
  <w:LsdException Locked=\\\"false\\\" Priority=\\\"11\\\" QFormat=\\\"true\\\" Name=\\\"Subtitle\\\"\\/>\
  <w:LsdException Locked=\\\"false\\\" SemiHidden=\\\"true\\\" UnhideWhenUsed=\\\"true\\\"\
   Name=\\\"Salutation\\\"\\/>\
  <w:LsdException Locked=\\\"false\\\" SemiHidden=\\\"true\\\" UnhideWhenUsed=\\\"true\\\"\
   Name=\\\"Date\\\"\\/>\
  <w:LsdException Locked=\\\"false\\\" SemiHidden=\\\"true\\\" UnhideWhenUsed=\\\"true\\\"\
   Name=\\\"Body Text First Indent\\\"\\/>\
  <w:LsdException Locked=\\\"false\\\" SemiHidden=\\\"true\\\" UnhideWhenUsed=\\\"true\\\"\
   Name=\\\"Body Text First Indent 2\\\"\\/>\
  <w:LsdException Locked=\\\"false\\\" SemiHidden=\\\"true\\\" UnhideWhenUsed=\\\"true\\\"\
   Name=\\\"Note Heading\\\"\\/>\
  <w:LsdException Locked=\\\"false\\\" SemiHidden=\\\"true\\\" UnhideWhenUsed=\\\"true\\\"\
   Name=\\\"Body Text 2\\\"\\/>\
  <w:LsdException Locked=\\\"false\\\" SemiHidden=\\\"true\\\" UnhideWhenUsed=\\\"true\\\"\
   Name=\\\"Body Text 3\\\"\\/>\
  <w:LsdException Locked=\\\"false\\\" SemiHidden=\\\"true\\\" UnhideWhenUsed=\\\"true\\\"\
   Name=\\\"Body Text Indent 2\\\"\\/>\
  <w:LsdException Locked=\\\"false\\\" SemiHidden=\\\"true\\\" UnhideWhenUsed=\\\"true\\\"\
   Name=\\\"Body Text Indent 3\\\"\\/>\
  <w:LsdException Locked=\\\"false\\\" SemiHidden=\\\"true\\\" UnhideWhenUsed=\\\"true\\\"\
   Name=\\\"Block Text\\\"\\/>\
  <w:LsdException Locked=\\\"false\\\" SemiHidden=\\\"true\\\" UnhideWhenUsed=\\\"true\\\"\
   Name=\\\"Hyperlink\\\"\\/>\
  <w:LsdException Locked=\\\"false\\\" SemiHidden=\\\"true\\\" UnhideWhenUsed=\\\"true\\\"\
   Name=\\\"FollowedHyperlink\\\"\\/>\
  <w:LsdException Locked=\\\"false\\\" Priority=\\\"22\\\" QFormat=\\\"true\\\" Name=\\\"Strong\\\"\\/>\
  <w:LsdException Locked=\\\"false\\\" Priority=\\\"20\\\" QFormat=\\\"true\\\" Name=\\\"Emphasis\\\"\\/>\
  <w:LsdException Locked=\\\"false\\\" SemiHidden=\\\"true\\\" UnhideWhenUsed=\\\"true\\\"\
   Name=\\\"Document Map\\\"\\/>\
  <w:LsdException Locked=\\\"false\\\" SemiHidden=\\\"true\\\" UnhideWhenUsed=\\\"true\\\"\
   Name=\\\"Plain Text\\\"\\/>\
  <w:LsdException Locked=\\\"false\\\" SemiHidden=\\\"true\\\" UnhideWhenUsed=\\\"true\\\"\
   Name=\\\"E-mail Signature\\\"\\/>\
  <w:LsdException Locked=\\\"false\\\" SemiHidden=\\\"true\\\" UnhideWhenUsed=\\\"true\\\"\
   Name=\\\"HTML Top of Form\\\"\\/>\
  <w:LsdException Locked=\\\"false\\\" SemiHidden=\\\"true\\\" UnhideWhenUsed=\\\"true\\\"\
   Name=\\\"HTML Bottom of Form\\\"\\/>\
  <w:LsdException Locked=\\\"false\\\" SemiHidden=\\\"true\\\" UnhideWhenUsed=\\\"true\\\"\
   Name=\\\"Normal (Web)\\\"\\/>\
  <w:LsdException Locked=\\\"false\\\" SemiHidden=\\\"true\\\" UnhideWhenUsed=\\\"true\\\"\
   Name=\\\"HTML Acronym\\\"\\/>\
  <w:LsdException Locked=\\\"false\\\" SemiHidden=\\\"true\\\" UnhideWhenUsed=\\\"true\\\"\
   Name=\\\"HTML Address\\\"\\/>\
  <w:LsdException Locked=\\\"false\\\" SemiHidden=\\\"true\\\" UnhideWhenUsed=\\\"true\\\"\
   Name=\\\"HTML Cite\\\"\\/>\
  <w:LsdException Locked=\\\"false\\\" SemiHidden=\\\"true\\\" UnhideWhenUsed=\\\"true\\\"\
   Name=\\\"HTML Code\\\"\\/>\
  <w:LsdException Locked=\\\"false\\\" SemiHidden=\\\"true\\\" UnhideWhenUsed=\\\"true\\\"\
   Name=\\\"HTML Definition\\\"\\/>\
  <w:LsdException Locked=\\\"false\\\" SemiHidden=\\\"true\\\" UnhideWhenUsed=\\\"true\\\"\
   Name=\\\"HTML Keyboard\\\"\\/>\
  <w:LsdException Locked=\\\"false\\\" SemiHidden=\\\"true\\\" UnhideWhenUsed=\\\"true\\\"\
   Name=\\\"HTML Preformatted\\\"\\/>\
  <w:LsdException Locked=\\\"false\\\" SemiHidden=\\\"true\\\" UnhideWhenUsed=\\\"true\\\"\
   Name=\\\"HTML Sample\\\"\\/>\
  <w:LsdException Locked=\\\"false\\\" SemiHidden=\\\"true\\\" UnhideWhenUsed=\\\"true\\\"\
   Name=\\\"HTML Typewriter\\\"\\/>\
  <w:LsdException Locked=\\\"false\\\" SemiHidden=\\\"true\\\" UnhideWhenUsed=\\\"true\\\"\
   Name=\\\"HTML Variable\\\"\\/>\
  <w:LsdException Locked=\\\"false\\\" SemiHidden=\\\"true\\\" UnhideWhenUsed=\\\"true\\\"\
   Name=\\\"Normal Table\\\"\\/>\
  <w:LsdException Locked=\\\"false\\\" SemiHidden=\\\"true\\\" UnhideWhenUsed=\\\"true\\\"\
   Name=\\\"annotation subject\\\"\\/>\
  <w:LsdException Locked=\\\"false\\\" SemiHidden=\\\"true\\\" UnhideWhenUsed=\\\"true\\\"\
   Name=\\\"No List\\\"\\/>\
  <w:LsdException Locked=\\\"false\\\" SemiHidden=\\\"true\\\" UnhideWhenUsed=\\\"true\\\"\
   Name=\\\"Outline List 1\\\"\\/>\
  <w:LsdException Locked=\\\"false\\\" SemiHidden=\\\"true\\\" UnhideWhenUsed=\\\"true\\\"\
   Name=\\\"Outline List 2\\\"\\/>\
  <w:LsdException Locked=\\\"false\\\" SemiHidden=\\\"true\\\" UnhideWhenUsed=\\\"true\\\"\
   Name=\\\"Outline List 3\\\"\\/>\
  <w:LsdException Locked=\\\"false\\\" SemiHidden=\\\"true\\\" UnhideWhenUsed=\\\"true\\\"\
   Name=\\\"Table Simple 1\\\"\\/>\
  <w:LsdException Locked=\\\"false\\\" SemiHidden=\\\"true\\\" UnhideWhenUsed=\\\"true\\\"\
   Name=\\\"Table Simple 2\\\"\\/>\
  <w:LsdException Locked=\\\"false\\\" SemiHidden=\\\"true\\\" UnhideWhenUsed=\\\"true\\\"\
   Name=\\\"Table Simple 3\\\"\\/>\
  <w:LsdException Locked=\\\"false\\\" SemiHidden=\\\"true\\\" UnhideWhenUsed=\\\"true\\\"\
   Name=\\\"Table Classic 1\\\"\\/>\
  <w:LsdException Locked=\\\"false\\\" SemiHidden=\\\"true\\\" UnhideWhenUsed=\\\"true\\\"\
   Name=\\\"Table Classic 2\\\"\\/>\
  <w:LsdException Locked=\\\"false\\\" SemiHidden=\\\"true\\\" UnhideWhenUsed=\\\"true\\\"\
   Name=\\\"Table Classic 3\\\"\\/>\
  <w:LsdException Locked=\\\"false\\\" SemiHidden=\\\"true\\\" UnhideWhenUsed=\\\"true\\\"\
   Name=\\\"Table Classic 4\\\"\\/>\
  <w:LsdException Locked=\\\"false\\\" SemiHidden=\\\"true\\\" UnhideWhenUsed=\\\"true\\\"\
   Name=\\\"Table Colorful 1\\\"\\/>\
  <w:LsdException Locked=\\\"false\\\" SemiHidden=\\\"true\\\" UnhideWhenUsed=\\\"true\\\"\
   Name=\\\"Table Colorful 2\\\"\\/>\
  <w:LsdException Locked=\\\"false\\\" SemiHidden=\\\"true\\\" UnhideWhenUsed=\\\"true\\\"\
   Name=\\\"Table Colorful 3\\\"\\/>\
  <w:LsdException Locked=\\\"false\\\" SemiHidden=\\\"true\\\" UnhideWhenUsed=\\\"true\\\"\
   Name=\\\"Table Columns 1\\\"\\/>\
  <w:LsdException Locked=\\\"false\\\" SemiHidden=\\\"true\\\" UnhideWhenUsed=\\\"true\\\"\
   Name=\\\"Table Columns 2\\\"\\/>\
  <w:LsdException Locked=\\\"false\\\" SemiHidden=\\\"true\\\" UnhideWhenUsed=\\\"true\\\"\
   Name=\\\"Table Columns 3\\\"\\/>\
  <w:LsdException Locked=\\\"false\\\" SemiHidden=\\\"true\\\" UnhideWhenUsed=\\\"true\\\"\
   Name=\\\"Table Columns 4\\\"\\/>\
  <w:LsdException Locked=\\\"false\\\" SemiHidden=\\\"true\\\" UnhideWhenUsed=\\\"true\\\"\
   Name=\\\"Table Columns 5\\\"\\/>\
  <w:LsdException Locked=\\\"false\\\" SemiHidden=\\\"true\\\" UnhideWhenUsed=\\\"true\\\"\
   Name=\\\"Table Grid 1\\\"\\/>\
  <w:LsdException Locked=\\\"false\\\" SemiHidden=\\\"true\\\" UnhideWhenUsed=\\\"true\\\"\
   Name=\\\"Table Grid 2\\\"\\/>\
  <w:LsdException Locked=\\\"false\\\" SemiHidden=\\\"true\\\" UnhideWhenUsed=\\\"true\\\"\
   Name=\\\"Table Grid 3\\\"\\/>\
  <w:LsdException Locked=\\\"false\\\" SemiHidden=\\\"true\\\" UnhideWhenUsed=\\\"true\\\"\
   Name=\\\"Table Grid 4\\\"\\/>\
  <w:LsdException Locked=\\\"false\\\" SemiHidden=\\\"true\\\" UnhideWhenUsed=\\\"true\\\"\
   Name=\\\"Table Grid 5\\\"\\/>\
  <w:LsdException Locked=\\\"false\\\" SemiHidden=\\\"true\\\" UnhideWhenUsed=\\\"true\\\"\
   Name=\\\"Table Grid 6\\\"\\/>\
  <w:LsdException Locked=\\\"false\\\" SemiHidden=\\\"true\\\" UnhideWhenUsed=\\\"true\\\"\
   Name=\\\"Table Grid 7\\\"\\/>\
  <w:LsdException Locked=\\\"false\\\" SemiHidden=\\\"true\\\" UnhideWhenUsed=\\\"true\\\"\
   Name=\\\"Table Grid 8\\\"\\/>\
  <w:LsdException Locked=\\\"false\\\" SemiHidden=\\\"true\\\" UnhideWhenUsed=\\\"true\\\"\
   Name=\\\"Table List 1\\\"\\/>\
  <w:LsdException Locked=\\\"false\\\" SemiHidden=\\\"true\\\" UnhideWhenUsed=\\\"true\\\"\
   Name=\\\"Table List 2\\\"\\/>\
  <w:LsdException Locked=\\\"false\\\" SemiHidden=\\\"true\\\" UnhideWhenUsed=\\\"true\\\"\
   Name=\\\"Table List 3\\\"\\/>\
  <w:LsdException Locked=\\\"false\\\" SemiHidden=\\\"true\\\" UnhideWhenUsed=\\\"true\\\"\
   Name=\\\"Table List 4\\\"\\/>\
  <w:LsdException Locked=\\\"false\\\" SemiHidden=\\\"true\\\" UnhideWhenUsed=\\\"true\\\"\
   Name=\\\"Table List 5\\\"\\/>\
  <w:LsdException Locked=\\\"false\\\" SemiHidden=\\\"true\\\" UnhideWhenUsed=\\\"true\\\"\
   Name=\\\"Table List 6\\\"\\/>\
  <w:LsdException Locked=\\\"false\\\" SemiHidden=\\\"true\\\" UnhideWhenUsed=\\\"true\\\"\
   Name=\\\"Table List 7\\\"\\/>\
  <w:LsdException Locked=\\\"false\\\" SemiHidden=\\\"true\\\" UnhideWhenUsed=\\\"true\\\"\
   Name=\\\"Table List 8\\\"\\/>\
  <w:LsdException Locked=\\\"false\\\" SemiHidden=\\\"true\\\" UnhideWhenUsed=\\\"true\\\"\
   Name=\\\"Table 3D effects 1\\\"\\/>\
  <w:LsdException Locked=\\\"false\\\" SemiHidden=\\\"true\\\" UnhideWhenUsed=\\\"true\\\"\
   Name=\\\"Table 3D effects 2\\\"\\/>\
  <w:LsdException Locked=\\\"false\\\" SemiHidden=\\\"true\\\" UnhideWhenUsed=\\\"true\\\"\
   Name=\\\"Table 3D effects 3\\\"\\/>\
  <w:LsdException Locked=\\\"false\\\" SemiHidden=\\\"true\\\" UnhideWhenUsed=\\\"true\\\"\
   Name=\\\"Table Contemporary\\\"\\/>\
  <w:LsdException Locked=\\\"false\\\" SemiHidden=\\\"true\\\" UnhideWhenUsed=\\\"true\\\"\
   Name=\\\"Table Elegant\\\"\\/>\
  <w:LsdException Locked=\\\"false\\\" SemiHidden=\\\"true\\\" UnhideWhenUsed=\\\"true\\\"\
   Name=\\\"Table Professional\\\"\\/>\
  <w:LsdException Locked=\\\"false\\\" SemiHidden=\\\"true\\\" UnhideWhenUsed=\\\"true\\\"\
   Name=\\\"Table Subtle 1\\\"\\/>\
  <w:LsdException Locked=\\\"false\\\" SemiHidden=\\\"true\\\" UnhideWhenUsed=\\\"true\\\"\
   Name=\\\"Table Subtle 2\\\"\\/>\
  <w:LsdException Locked=\\\"false\\\" SemiHidden=\\\"true\\\" UnhideWhenUsed=\\\"true\\\"\
   Name=\\\"Table Web 1\\\"\\/>\
  <w:LsdException Locked=\\\"false\\\" SemiHidden=\\\"true\\\" UnhideWhenUsed=\\\"true\\\"\
   Name=\\\"Table Web 2\\\"\\/>\
  <w:LsdException Locked=\\\"false\\\" SemiHidden=\\\"true\\\" UnhideWhenUsed=\\\"true\\\"\
   Name=\\\"Table Web 3\\\"\\/>\
  <w:LsdException Locked=\\\"false\\\" SemiHidden=\\\"true\\\" UnhideWhenUsed=\\\"true\\\"\
   Name=\\\"Balloon Text\\\"\\/>\
  <w:LsdException Locked=\\\"false\\\" Priority=\\\"39\\\" Name=\\\"Table Grid\\\"\\/>\
  <w:LsdException Locked=\\\"false\\\" SemiHidden=\\\"true\\\" UnhideWhenUsed=\\\"true\\\"\
   Name=\\\"Table Theme\\\"\\/>\
  <w:LsdException Locked=\\\"false\\\" SemiHidden=\\\"true\\\" Name=\\\"Placeholder Text\\\"\\/>\
  <w:LsdException Locked=\\\"false\\\" Priority=\\\"1\\\" QFormat=\\\"true\\\" Name=\\\"No Spacing\\\"\\/>\
  <w:LsdException Locked=\\\"false\\\" Priority=\\\"60\\\" Name=\\\"Light Shading\\\"\\/>\
  <w:LsdException Locked=\\\"false\\\" Priority=\\\"61\\\" Name=\\\"Light List\\\"\\/>\
  <w:LsdException Locked=\\\"false\\\" Priority=\\\"62\\\" Name=\\\"Light Grid\\\"\\/>\
  <w:LsdException Locked=\\\"false\\\" Priority=\\\"63\\\" Name=\\\"Medium Shading 1\\\"\\/>\
  <w:LsdException Locked=\\\"false\\\" Priority=\\\"64\\\" Name=\\\"Medium Shading 2\\\"\\/>\
  <w:LsdException Locked=\\\"false\\\" Priority=\\\"65\\\" Name=\\\"Medium List 1\\\"\\/>\
  <w:LsdException Locked=\\\"false\\\" Priority=\\\"66\\\" Name=\\\"Medium List 2\\\"\\/>\
  <w:LsdException Locked=\\\"false\\\" Priority=\\\"67\\\" Name=\\\"Medium Grid 1\\\"\\/>\
  <w:LsdException Locked=\\\"false\\\" Priority=\\\"68\\\" Name=\\\"Medium Grid 2\\\"\\/>\
  <w:LsdException Locked=\\\"false\\\" Priority=\\\"69\\\" Name=\\\"Medium Grid 3\\\"\\/>\
  <w:LsdException Locked=\\\"false\\\" Priority=\\\"70\\\" Name=\\\"Dark List\\\"\\/>\
  <w:LsdException Locked=\\\"false\\\" Priority=\\\"71\\\" Name=\\\"Colorful Shading\\\"\\/>\
  <w:LsdException Locked=\\\"false\\\" Priority=\\\"72\\\" Name=\\\"Colorful List\\\"\\/>\
  <w:LsdException Locked=\\\"false\\\" Priority=\\\"73\\\" Name=\\\"Colorful Grid\\\"\\/>\
  <w:LsdException Locked=\\\"false\\\" Priority=\\\"60\\\" Name=\\\"Light Shading Accent 1\\\"\\/>\
  <w:LsdException Locked=\\\"false\\\" Priority=\\\"61\\\" Name=\\\"Light List Accent 1\\\"\\/>\
  <w:LsdException Locked=\\\"false\\\" Priority=\\\"62\\\" Name=\\\"Light Grid Accent 1\\\"\\/>\
  <w:LsdException Locked=\\\"false\\\" Priority=\\\"63\\\" Name=\\\"Medium Shading 1 Accent 1\\\"\\/>\
  <w:LsdException Locked=\\\"false\\\" Priority=\\\"64\\\" Name=\\\"Medium Shading 2 Accent 1\\\"\\/>\
  <w:LsdException Locked=\\\"false\\\" Priority=\\\"65\\\" Name=\\\"Medium List 1 Accent 1\\\"\\/>\
  <w:LsdException Locked=\\\"false\\\" SemiHidden=\\\"true\\\" Name=\\\"Revision\\\"\\/>\
  <w:LsdException Locked=\\\"false\\\" Priority=\\\"34\\\" QFormat=\\\"true\\\"\
   Name=\\\"List Paragraph\\\"\\/>\
  <w:LsdException Locked=\\\"false\\\" Priority=\\\"29\\\" QFormat=\\\"true\\\" Name=\\\"Quote\\\"\\/>\
  <w:LsdException Locked=\\\"false\\\" Priority=\\\"30\\\" QFormat=\\\"true\\\"\
   Name=\\\"Intense Quote\\\"\\/>\
  <w:LsdException Locked=\\\"false\\\" Priority=\\\"66\\\" Name=\\\"Medium List 2 Accent 1\\\"\\/>\
  <w:LsdException Locked=\\\"false\\\" Priority=\\\"67\\\" Name=\\\"Medium Grid 1 Accent 1\\\"\\/>\
  <w:LsdException Locked=\\\"false\\\" Priority=\\\"68\\\" Name=\\\"Medium Grid 2 Accent 1\\\"\\/>\
  <w:LsdException Locked=\\\"false\\\" Priority=\\\"69\\\" Name=\\\"Medium Grid 3 Accent 1\\\"\\/>\
  <w:LsdException Locked=\\\"false\\\" Priority=\\\"70\\\" Name=\\\"Dark List Accent 1\\\"\\/>\
  <w:LsdException Locked=\\\"false\\\" Priority=\\\"71\\\" Name=\\\"Colorful Shading Accent 1\\\"\\/>\
  <w:LsdException Locked=\\\"false\\\" Priority=\\\"72\\\" Name=\\\"Colorful List Accent 1\\\"\\/>\
  <w:LsdException Locked=\\\"false\\\" Priority=\\\"73\\\" Name=\\\"Colorful Grid Accent 1\\\"\\/>\
  <w:LsdException Locked=\\\"false\\\" Priority=\\\"60\\\" Name=\\\"Light Shading Accent 2\\\"\\/>\
  <w:LsdException Locked=\\\"false\\\" Priority=\\\"61\\\" Name=\\\"Light List Accent 2\\\"\\/>\
  <w:LsdException Locked=\\\"false\\\" Priority=\\\"62\\\" Name=\\\"Light Grid Accent 2\\\"\\/>\
  <w:LsdException Locked=\\\"false\\\" Priority=\\\"63\\\" Name=\\\"Medium Shading 1 Accent 2\\\"\\/>\
  <w:LsdException Locked=\\\"false\\\" Priority=\\\"64\\\" Name=\\\"Medium Shading 2 Accent 2\\\"\\/>\
  <w:LsdException Locked=\\\"false\\\" Priority=\\\"65\\\" Name=\\\"Medium List 1 Accent 2\\\"\\/>\
  <w:LsdException Locked=\\\"false\\\" Priority=\\\"66\\\" Name=\\\"Medium List 2 Accent 2\\\"\\/>\
  <w:LsdException Locked=\\\"false\\\" Priority=\\\"67\\\" Name=\\\"Medium Grid 1 Accent 2\\\"\\/>\
  <w:LsdException Locked=\\\"false\\\" Priority=\\\"68\\\" Name=\\\"Medium Grid 2 Accent 2\\\"\\/>\
  <w:LsdException Locked=\\\"false\\\" Priority=\\\"69\\\" Name=\\\"Medium Grid 3 Accent 2\\\"\\/>\
  <w:LsdException Locked=\\\"false\\\" Priority=\\\"70\\\" Name=\\\"Dark List Accent 2\\\"\\/>\
  <w:LsdException Locked=\\\"false\\\" Priority=\\\"71\\\" Name=\\\"Colorful Shading Accent 2\\\"\\/>\
  <w:LsdException Locked=\\\"false\\\" Priority=\\\"72\\\" Name=\\\"Colorful List Accent 2\\\"\\/>\
  <w:LsdException Locked=\\\"false\\\" Priority=\\\"73\\\" Name=\\\"Colorful Grid Accent 2\\\"\\/>\
  <w:LsdException Locked=\\\"false\\\" Priority=\\\"60\\\" Name=\\\"Light Shading Accent 3\\\"\\/>\
  <w:LsdException Locked=\\\"false\\\" Priority=\\\"61\\\" Name=\\\"Light List Accent 3\\\"\\/>\
  <w:LsdException Locked=\\\"false\\\" Priority=\\\"62\\\" Name=\\\"Light Grid Accent 3\\\"\\/>\
  <w:LsdException Locked=\\\"false\\\" Priority=\\\"63\\\" Name=\\\"Medium Shading 1 Accent 3\\\"\\/>\
  <w:LsdException Locked=\\\"false\\\" Priority=\\\"64\\\" Name=\\\"Medium Shading 2 Accent 3\\\"\\/>\
  <w:LsdException Locked=\\\"false\\\" Priority=\\\"65\\\" Name=\\\"Medium List 1 Accent 3\\\"\\/>\
  <w:LsdException Locked=\\\"false\\\" Priority=\\\"66\\\" Name=\\\"Medium List 2 Accent 3\\\"\\/>\
  <w:LsdException Locked=\\\"false\\\" Priority=\\\"67\\\" Name=\\\"Medium Grid 1 Accent 3\\\"\\/>\
  <w:LsdException Locked=\\\"false\\\" Priority=\\\"68\\\" Name=\\\"Medium Grid 2 Accent 3\\\"\\/>\
  <w:LsdException Locked=\\\"false\\\" Priority=\\\"69\\\" Name=\\\"Medium Grid 3 Accent 3\\\"\\/>\
  <w:LsdException Locked=\\\"false\\\" Priority=\\\"70\\\" Name=\\\"Dark List Accent 3\\\"\\/>\
  <w:LsdException Locked=\\\"false\\\" Priority=\\\"71\\\" Name=\\\"Colorful Shading Accent 3\\\"\\/>\
  <w:LsdException Locked=\\\"false\\\" Priority=\\\"72\\\" Name=\\\"Colorful List Accent 3\\\"\\/>\
  <w:LsdException Locked=\\\"false\\\" Priority=\\\"73\\\" Name=\\\"Colorful Grid Accent 3\\\"\\/>\
  <w:LsdException Locked=\\\"false\\\" Priority=\\\"60\\\" Name=\\\"Light Shading Accent 4\\\"\\/>\
  <w:LsdException Locked=\\\"false\\\" Priority=\\\"61\\\" Name=\\\"Light List Accent 4\\\"\\/>\
  <w:LsdException Locked=\\\"false\\\" Priority=\\\"62\\\" Name=\\\"Light Grid Accent 4\\\"\\/>\
  <w:LsdException Locked=\\\"false\\\" Priority=\\\"63\\\" Name=\\\"Medium Shading 1 Accent 4\\\"\\/>\
  <w:LsdException Locked=\\\"false\\\" Priority=\\\"64\\\" Name=\\\"Medium Shading 2 Accent 4\\\"\\/>\
  <w:LsdException Locked=\\\"false\\\" Priority=\\\"65\\\" Name=\\\"Medium List 1 Accent 4\\\"\\/>\
  <w:LsdException Locked=\\\"false\\\" Priority=\\\"66\\\" Name=\\\"Medium List 2 Accent 4\\\"\\/>\
  <w:LsdException Locked=\\\"false\\\" Priority=\\\"67\\\" Name=\\\"Medium Grid 1 Accent 4\\\"\\/>\
  <w:LsdException Locked=\\\"false\\\" Priority=\\\"68\\\" Name=\\\"Medium Grid 2 Accent 4\\\"\\/>\
  <w:LsdException Locked=\\\"false\\\" Priority=\\\"69\\\" Name=\\\"Medium Grid 3 Accent 4\\\"\\/>\
  <w:LsdException Locked=\\\"false\\\" Priority=\\\"70\\\" Name=\\\"Dark List Accent 4\\\"\\/>\
  <w:LsdException Locked=\\\"false\\\" Priority=\\\"71\\\" Name=\\\"Colorful Shading Accent 4\\\"\\/>\
  <w:LsdException Locked=\\\"false\\\" Priority=\\\"72\\\" Name=\\\"Colorful List Accent 4\\\"\\/>\
  <w:LsdException Locked=\\\"false\\\" Priority=\\\"73\\\" Name=\\\"Colorful Grid Accent 4\\\"\\/>\
  <w:LsdException Locked=\\\"false\\\" Priority=\\\"60\\\" Name=\\\"Light Shading Accent 5\\\"\\/>\
  <w:LsdException Locked=\\\"false\\\" Priority=\\\"61\\\" Name=\\\"Light List Accent 5\\\"\\/>\
  <w:LsdException Locked=\\\"false\\\" Priority=\\\"62\\\" Name=\\\"Light Grid Accent 5\\\"\\/>\
  <w:LsdException Locked=\\\"false\\\" Priority=\\\"63\\\" Name=\\\"Medium Shading 1 Accent 5\\\"\\/>\
  <w:LsdException Locked=\\\"false\\\" Priority=\\\"64\\\" Name=\\\"Medium Shading 2 Accent 5\\\"\\/>\
  <w:LsdException Locked=\\\"false\\\" Priority=\\\"65\\\" Name=\\\"Medium List 1 Accent 5\\\"\\/>\
  <w:LsdException Locked=\\\"false\\\" Priority=\\\"66\\\" Name=\\\"Medium List 2 Accent 5\\\"\\/>\
  <w:LsdException Locked=\\\"false\\\" Priority=\\\"67\\\" Name=\\\"Medium Grid 1 Accent 5\\\"\\/>\
  <w:LsdException Locked=\\\"false\\\" Priority=\\\"68\\\" Name=\\\"Medium Grid 2 Accent 5\\\"\\/>\
  <w:LsdException Locked=\\\"false\\\" Priority=\\\"69\\\" Name=\\\"Medium Grid 3 Accent 5\\\"\\/>\
  <w:LsdException Locked=\\\"false\\\" Priority=\\\"70\\\" Name=\\\"Dark List Accent 5\\\"\\/>\
  <w:LsdException Locked=\\\"false\\\" Priority=\\\"71\\\" Name=\\\"Colorful Shading Accent 5\\\"\\/>\
  <w:LsdException Locked=\\\"false\\\" Priority=\\\"72\\\" Name=\\\"Colorful List Accent 5\\\"\\/>\
  <w:LsdException Locked=\\\"false\\\" Priority=\\\"73\\\" Name=\\\"Colorful Grid Accent 5\\\"\\/>\
  <w:LsdException Locked=\\\"false\\\" Priority=\\\"60\\\" Name=\\\"Light Shading Accent 6\\\"\\/>\
  <w:LsdException Locked=\\\"false\\\" Priority=\\\"61\\\" Name=\\\"Light List Accent 6\\\"\\/>\
  <w:LsdException Locked=\\\"false\\\" Priority=\\\"62\\\" Name=\\\"Light Grid Accent 6\\\"\\/>\
  <w:LsdException Locked=\\\"false\\\" Priority=\\\"63\\\" Name=\\\"Medium Shading 1 Accent 6\\\"\\/>\
  <w:LsdException Locked=\\\"false\\\" Priority=\\\"64\\\" Name=\\\"Medium Shading 2 Accent 6\\\"\\/>\
  <w:LsdException Locked=\\\"false\\\" Priority=\\\"65\\\" Name=\\\"Medium List 1 Accent 6\\\"\\/>\
  <w:LsdException Locked=\\\"false\\\" Priority=\\\"66\\\" Name=\\\"Medium List 2 Accent 6\\\"\\/>\
  <w:LsdException Locked=\\\"false\\\" Priority=\\\"67\\\" Name=\\\"Medium Grid 1 Accent 6\\\"\\/>\
  <w:LsdException Locked=\\\"false\\\" Priority=\\\"68\\\" Name=\\\"Medium Grid 2 Accent 6\\\"\\/>\
  <w:LsdException Locked=\\\"false\\\" Priority=\\\"69\\\" Name=\\\"Medium Grid 3 Accent 6\\\"\\/>\
  <w:LsdException Locked=\\\"false\\\" Priority=\\\"70\\\" Name=\\\"Dark List Accent 6\\\"\\/>\
  <w:LsdException Locked=\\\"false\\\" Priority=\\\"71\\\" Name=\\\"Colorful Shading Accent 6\\\"\\/>\
  <w:LsdException Locked=\\\"false\\\" Priority=\\\"72\\\" Name=\\\"Colorful List Accent 6\\\"\\/>\
  <w:LsdException Locked=\\\"false\\\" Priority=\\\"73\\\" Name=\\\"Colorful Grid Accent 6\\\"\\/>\
  <w:LsdException Locked=\\\"false\\\" Priority=\\\"19\\\" QFormat=\\\"true\\\"\
   Name=\\\"Subtle Emphasis\\\"\\/>\
  <w:LsdException Locked=\\\"false\\\" Priority=\\\"21\\\" QFormat=\\\"true\\\"\
   Name=\\\"Intense Emphasis\\\"\\/>\
  <w:LsdException Locked=\\\"false\\\" Priority=\\\"31\\\" QFormat=\\\"true\\\"\
   Name=\\\"Subtle Reference\\\"\\/>\
  <w:LsdException Locked=\\\"false\\\" Priority=\\\"32\\\" QFormat=\\\"true\\\"\
   Name=\\\"Intense Reference\\\"\\/>\
  <w:LsdException Locked=\\\"false\\\" Priority=\\\"33\\\" QFormat=\\\"true\\\" Name=\\\"Book Title\\\"\\/>\
  <w:LsdException Locked=\\\"false\\\" Priority=\\\"37\\\" SemiHidden=\\\"true\\\"\
   UnhideWhenUsed=\\\"true\\\" Name=\\\"Bibliography\\\"\\/>\
  <w:LsdException Locked=\\\"false\\\" Priority=\\\"39\\\" SemiHidden=\\\"true\\\"\
   UnhideWhenUsed=\\\"true\\\" QFormat=\\\"true\\\" Name=\\\"TOC Heading\\\"\\/>\
  <w:LsdException Locked=\\\"false\\\" Priority=\\\"41\\\" Name=\\\"Plain Table 1\\\"\\/>\
  <w:LsdException Locked=\\\"false\\\" Priority=\\\"42\\\" Name=\\\"Plain Table 2\\\"\\/>\
  <w:LsdException Locked=\\\"false\\\" Priority=\\\"43\\\" Name=\\\"Plain Table 3\\\"\\/>\
  <w:LsdException Locked=\\\"false\\\" Priority=\\\"44\\\" Name=\\\"Plain Table 4\\\"\\/>\
  <w:LsdException Locked=\\\"false\\\" Priority=\\\"45\\\" Name=\\\"Plain Table 5\\\"\\/>\
  <w:LsdException Locked=\\\"false\\\" Priority=\\\"40\\\" Name=\\\"Grid Table Light\\\"\\/>\
  <w:LsdException Locked=\\\"false\\\" Priority=\\\"46\\\" Name=\\\"Grid Table 1 Light\\\"\\/>\
  <w:LsdException Locked=\\\"false\\\" Priority=\\\"47\\\" Name=\\\"Grid Table 2\\\"\\/>\
  <w:LsdException Locked=\\\"false\\\" Priority=\\\"48\\\" Name=\\\"Grid Table 3\\\"\\/>\
  <w:LsdException Locked=\\\"false\\\" Priority=\\\"49\\\" Name=\\\"Grid Table 4\\\"\\/>\
  <w:LsdException Locked=\\\"false\\\" Priority=\\\"50\\\" Name=\\\"Grid Table 5 Dark\\\"\\/>\
  <w:LsdException Locked=\\\"false\\\" Priority=\\\"51\\\" Name=\\\"Grid Table 6 Colorful\\\"\\/>\
  <w:LsdException Locked=\\\"false\\\" Priority=\\\"52\\\" Name=\\\"Grid Table 7 Colorful\\\"\\/>\
  <w:LsdException Locked=\\\"false\\\" Priority=\\\"46\\\"\
   Name=\\\"Grid Table 1 Light Accent 1\\\"\\/>\
  <w:LsdException Locked=\\\"false\\\" Priority=\\\"47\\\" Name=\\\"Grid Table 2 Accent 1\\\"\\/>\
  <w:LsdException Locked=\\\"false\\\" Priority=\\\"48\\\" Name=\\\"Grid Table 3 Accent 1\\\"\\/>\
  <w:LsdException Locked=\\\"false\\\" Priority=\\\"49\\\" Name=\\\"Grid Table 4 Accent 1\\\"\\/>\
  <w:LsdException Locked=\\\"false\\\" Priority=\\\"50\\\" Name=\\\"Grid Table 5 Dark Accent 1\\\"\\/>\
  <w:LsdException Locked=\\\"false\\\" Priority=\\\"51\\\"\
   Name=\\\"Grid Table 6 Colorful Accent 1\\\"\\/>\
  <w:LsdException Locked=\\\"false\\\" Priority=\\\"52\\\"\
   Name=\\\"Grid Table 7 Colorful Accent 1\\\"\\/>\
  <w:LsdException Locked=\\\"false\\\" Priority=\\\"46\\\"\
   Name=\\\"Grid Table 1 Light Accent 2\\\"\\/>\
  <w:LsdException Locked=\\\"false\\\" Priority=\\\"47\\\" Name=\\\"Grid Table 2 Accent 2\\\"\\/>\
  <w:LsdException Locked=\\\"false\\\" Priority=\\\"48\\\" Name=\\\"Grid Table 3 Accent 2\\\"\\/>\
  <w:LsdException Locked=\\\"false\\\" Priority=\\\"49\\\" Name=\\\"Grid Table 4 Accent 2\\\"\\/>\
  <w:LsdException Locked=\\\"false\\\" Priority=\\\"50\\\" Name=\\\"Grid Table 5 Dark Accent 2\\\"\\/>\
  <w:LsdException Locked=\\\"false\\\" Priority=\\\"51\\\"\
   Name=\\\"Grid Table 6 Colorful Accent 2\\\"\\/>\
  <w:LsdException Locked=\\\"false\\\" Priority=\\\"52\\\"\
   Name=\\\"Grid Table 7 Colorful Accent 2\\\"\\/>\
  <w:LsdException Locked=\\\"false\\\" Priority=\\\"46\\\"\
   Name=\\\"Grid Table 1 Light Accent 3\\\"\\/>\
  <w:LsdException Locked=\\\"false\\\" Priority=\\\"47\\\" Name=\\\"Grid Table 2 Accent 3\\\"\\/>\
  <w:LsdException Locked=\\\"false\\\" Priority=\\\"48\\\" Name=\\\"Grid Table 3 Accent 3\\\"\\/>\
  <w:LsdException Locked=\\\"false\\\" Priority=\\\"49\\\" Name=\\\"Grid Table 4 Accent 3\\\"\\/>\
  <w:LsdException Locked=\\\"false\\\" Priority=\\\"50\\\" Name=\\\"Grid Table 5 Dark Accent 3\\\"\\/>\
  <w:LsdException Locked=\\\"false\\\" Priority=\\\"51\\\"\
   Name=\\\"Grid Table 6 Colorful Accent 3\\\"\\/>\
  <w:LsdException Locked=\\\"false\\\" Priority=\\\"52\\\"\
   Name=\\\"Grid Table 7 Colorful Accent 3\\\"\\/>\
  <w:LsdException Locked=\\\"false\\\" Priority=\\\"46\\\"\
   Name=\\\"Grid Table 1 Light Accent 4\\\"\\/>\
  <w:LsdException Locked=\\\"false\\\" Priority=\\\"47\\\" Name=\\\"Grid Table 2 Accent 4\\\"\\/>\
  <w:LsdException Locked=\\\"false\\\" Priority=\\\"48\\\" Name=\\\"Grid Table 3 Accent 4\\\"\\/>\
  <w:LsdException Locked=\\\"false\\\" Priority=\\\"49\\\" Name=\\\"Grid Table 4 Accent 4\\\"\\/>\
  <w:LsdException Locked=\\\"false\\\" Priority=\\\"50\\\" Name=\\\"Grid Table 5 Dark Accent 4\\\"\\/>\
  <w:LsdException Locked=\\\"false\\\" Priority=\\\"51\\\"\
   Name=\\\"Grid Table 6 Colorful Accent 4\\\"\\/>\
  <w:LsdException Locked=\\\"false\\\" Priority=\\\"52\\\"\
   Name=\\\"Grid Table 7 Colorful Accent 4\\\"\\/>\
  <w:LsdException Locked=\\\"false\\\" Priority=\\\"46\\\"\
   Name=\\\"Grid Table 1 Light Accent 5\\\"\\/>\
  <w:LsdException Locked=\\\"false\\\" Priority=\\\"47\\\" Name=\\\"Grid Table 2 Accent 5\\\"\\/>\
  <w:LsdException Locked=\\\"false\\\" Priority=\\\"48\\\" Name=\\\"Grid Table 3 Accent 5\\\"\\/>\
  <w:LsdException Locked=\\\"false\\\" Priority=\\\"49\\\" Name=\\\"Grid Table 4 Accent 5\\\"\\/>\
  <w:LsdException Locked=\\\"false\\\" Priority=\\\"50\\\" Name=\\\"Grid Table 5 Dark Accent 5\\\"\\/>\
  <w:LsdException Locked=\\\"false\\\" Priority=\\\"51\\\"\
   Name=\\\"Grid Table 6 Colorful Accent 5\\\"\\/>\
  <w:LsdException Locked=\\\"false\\\" Priority=\\\"52\\\"\
   Name=\\\"Grid Table 7 Colorful Accent 5\\\"\\/>\
  <w:LsdException Locked=\\\"false\\\" Priority=\\\"46\\\"\
   Name=\\\"Grid Table 1 Light Accent 6\\\"\\/>\
  <w:LsdException Locked=\\\"false\\\" Priority=\\\"47\\\" Name=\\\"Grid Table 2 Accent 6\\\"\\/>\
  <w:LsdException Locked=\\\"false\\\" Priority=\\\"48\\\" Name=\\\"Grid Table 3 Accent 6\\\"\\/>\
  <w:LsdException Locked=\\\"false\\\" Priority=\\\"49\\\" Name=\\\"Grid Table 4 Accent 6\\\"\\/>\
  <w:LsdException Locked=\\\"false\\\" Priority=\\\"50\\\" Name=\\\"Grid Table 5 Dark Accent 6\\\"\\/>\
  <w:LsdException Locked=\\\"false\\\" Priority=\\\"51\\\"\
   Name=\\\"Grid Table 6 Colorful Accent 6\\\"\\/>\
  <w:LsdException Locked=\\\"false\\\" Priority=\\\"52\\\"\
   Name=\\\"Grid Table 7 Colorful Accent 6\\\"\\/>\
  <w:LsdException Locked=\\\"false\\\" Priority=\\\"46\\\" Name=\\\"List Table 1 Light\\\"\\/>\
  <w:LsdException Locked=\\\"false\\\" Priority=\\\"47\\\" Name=\\\"List Table 2\\\"\\/>\
  <w:LsdException Locked=\\\"false\\\" Priority=\\\"48\\\" Name=\\\"List Table 3\\\"\\/>\
  <w:LsdException Locked=\\\"false\\\" Priority=\\\"49\\\" Name=\\\"List Table 4\\\"\\/>\
  <w:LsdException Locked=\\\"false\\\" Priority=\\\"50\\\" Name=\\\"List Table 5 Dark\\\"\\/>\
  <w:LsdException Locked=\\\"false\\\" Priority=\\\"51\\\" Name=\\\"List Table 6 Colorful\\\"\\/>\
  <w:LsdException Locked=\\\"false\\\" Priority=\\\"52\\\" Name=\\\"List Table 7 Colorful\\\"\\/>\
  <w:LsdException Locked=\\\"false\\\" Priority=\\\"46\\\"\
   Name=\\\"List Table 1 Light Accent 1\\\"\\/>\
  <w:LsdException Locked=\\\"false\\\" Priority=\\\"47\\\" Name=\\\"List Table 2 Accent 1\\\"\\/>\
  <w:LsdException Locked=\\\"false\\\" Priority=\\\"48\\\" Name=\\\"List Table 3 Accent 1\\\"\\/>\
  <w:LsdException Locked=\\\"false\\\" Priority=\\\"49\\\" Name=\\\"List Table 4 Accent 1\\\"\\/>\
  <w:LsdException Locked=\\\"false\\\" Priority=\\\"50\\\" Name=\\\"List Table 5 Dark Accent 1\\\"\\/>\
  <w:LsdException Locked=\\\"false\\\" Priority=\\\"51\\\"\
   Name=\\\"List Table 6 Colorful Accent 1\\\"\\/>\
  <w:LsdException Locked=\\\"false\\\" Priority=\\\"52\\\"\
   Name=\\\"List Table 7 Colorful Accent 1\\\"\\/>\
  <w:LsdException Locked=\\\"false\\\" Priority=\\\"46\\\"\
   Name=\\\"List Table 1 Light Accent 2\\\"\\/>\
  <w:LsdException Locked=\\\"false\\\" Priority=\\\"47\\\" Name=\\\"List Table 2 Accent 2\\\"\\/>\
  <w:LsdException Locked=\\\"false\\\" Priority=\\\"48\\\" Name=\\\"List Table 3 Accent 2\\\"\\/>\
  <w:LsdException Locked=\\\"false\\\" Priority=\\\"49\\\" Name=\\\"List Table 4 Accent 2\\\"\\/>\
  <w:LsdException Locked=\\\"false\\\" Priority=\\\"50\\\" Name=\\\"List Table 5 Dark Accent 2\\\"\\/>\
  <w:LsdException Locked=\\\"false\\\" Priority=\\\"51\\\"\
   Name=\\\"List Table 6 Colorful Accent 2\\\"\\/>\
  <w:LsdException Locked=\\\"false\\\" Priority=\\\"52\\\"\
   Name=\\\"List Table 7 Colorful Accent 2\\\"\\/>\
  <w:LsdException Locked=\\\"false\\\" Priority=\\\"46\\\"\
   Name=\\\"List Table 1 Light Accent 3\\\"\\/>\
  <w:LsdException Locked=\\\"false\\\" Priority=\\\"47\\\" Name=\\\"List Table 2 Accent 3\\\"\\/>\
  <w:LsdException Locked=\\\"false\\\" Priority=\\\"48\\\" Name=\\\"List Table 3 Accent 3\\\"\\/>\
  <w:LsdException Locked=\\\"false\\\" Priority=\\\"49\\\" Name=\\\"List Table 4 Accent 3\\\"\\/>\
  <w:LsdException Locked=\\\"false\\\" Priority=\\\"50\\\" Name=\\\"List Table 5 Dark Accent 3\\\"\\/>\
  <w:LsdException Locked=\\\"false\\\" Priority=\\\"51\\\"\
   Name=\\\"List Table 6 Colorful Accent 3\\\"\\/>\
  <w:LsdException Locked=\\\"false\\\" Priority=\\\"52\\\"\
   Name=\\\"List Table 7 Colorful Accent 3\\\"\\/>\
  <w:LsdException Locked=\\\"false\\\" Priority=\\\"46\\\"\
   Name=\\\"List Table 1 Light Accent 4\\\"\\/>\
  <w:LsdException Locked=\\\"false\\\" Priority=\\\"47\\\" Name=\\\"List Table 2 Accent 4\\\"\\/>\
  <w:LsdException Locked=\\\"false\\\" Priority=\\\"48\\\" Name=\\\"List Table 3 Accent 4\\\"\\/>\
  <w:LsdException Locked=\\\"false\\\" Priority=\\\"49\\\" Name=\\\"List Table 4 Accent 4\\\"\\/>\
  <w:LsdException Locked=\\\"false\\\" Priority=\\\"50\\\" Name=\\\"List Table 5 Dark Accent 4\\\"\\/>\
  <w:LsdException Locked=\\\"false\\\" Priority=\\\"51\\\"\
   Name=\\\"List Table 6 Colorful Accent 4\\\"\\/>\
  <w:LsdException Locked=\\\"false\\\" Priority=\\\"52\\\"\
   Name=\\\"List Table 7 Colorful Accent 4\\\"\\/>\
  <w:LsdException Locked=\\\"false\\\" Priority=\\\"46\\\"\
   Name=\\\"List Table 1 Light Accent 5\\\"\\/>\
  <w:LsdException Locked=\\\"false\\\" Priority=\\\"47\\\" Name=\\\"List Table 2 Accent 5\\\"\\/>\
  <w:LsdException Locked=\\\"false\\\" Priority=\\\"48\\\" Name=\\\"List Table 3 Accent 5\\\"\\/>\
  <w:LsdException Locked=\\\"false\\\" Priority=\\\"49\\\" Name=\\\"List Table 4 Accent 5\\\"\\/>\
  <w:LsdException Locked=\\\"false\\\" Priority=\\\"50\\\" Name=\\\"List Table 5 Dark Accent 5\\\"\\/>\
  <w:LsdException Locked=\\\"false\\\" Priority=\\\"51\\\"\
   Name=\\\"List Table 6 Colorful Accent 5\\\"\\/>\
  <w:LsdException Locked=\\\"false\\\" Priority=\\\"52\\\"\
   Name=\\\"List Table 7 Colorful Accent 5\\\"\\/>\
  <w:LsdException Locked=\\\"false\\\" Priority=\\\"46\\\"\
   Name=\\\"List Table 1 Light Accent 6\\\"\\/>\
  <w:LsdException Locked=\\\"false\\\" Priority=\\\"47\\\" Name=\\\"List Table 2 Accent 6\\\"\\/>\
  <w:LsdException Locked=\\\"false\\\" Priority=\\\"48\\\" Name=\\\"List Table 3 Accent 6\\\"\\/>\
  <w:LsdException Locked=\\\"false\\\" Priority=\\\"49\\\" Name=\\\"List Table 4 Accent 6\\\"\\/>\
  <w:LsdException Locked=\\\"false\\\" Priority=\\\"50\\\" Name=\\\"List Table 5 Dark Accent 6\\\"\\/>\
  <w:LsdException Locked=\\\"false\\\" Priority=\\\"51\\\"\
   Name=\\\"List Table 6 Colorful Accent 6\\\"\\/>\
  <w:LsdException Locked=\\\"false\\\" Priority=\\\"52\\\"\
   Name=\\\"List Table 7 Colorful Accent 6\\\"\\/>\
  <w:LsdException Locked=\\\"false\\\" SemiHidden=\\\"true\\\" UnhideWhenUsed=\\\"true\\\"\
   Name=\\\"Mention\\\"\\/>\
  <w:LsdException Locked=\\\"false\\\" SemiHidden=\\\"true\\\" UnhideWhenUsed=\\\"true\\\"\
   Name=\\\"Smart Hyperlink\\\"\\/>\
  <w:LsdException Locked=\\\"false\\\" SemiHidden=\\\"true\\\" UnhideWhenUsed=\\\"true\\\"\
   Name=\\\"Hashtag\\\"\\/>\
  <w:LsdException Locked=\\\"false\\\" SemiHidden=\\\"true\\\" UnhideWhenUsed=\\\"true\\\"\
   Name=\\\"Unresolved Mention\\\"\\/>\
 <\\/w:LatentStyles>\
<\\/xml><![endif]--> <!-- [if gte mso 10]>\
<style>\
 \\/* Style Definitions *\\/\
 table.MsoNormalTable\
\\t{mso-style-name:\\\"Normale Tabelle\\\";\
\\tmso-tstyle-rowband-size:0;\
\\tmso-tstyle-colband-size:0;\
\\tmso-style-noshow:yes;\
\\tmso-style-priority:99;\
\\tmso-style-parent:\\\"\\\";\
\\tmso-padding-alt:0cm 5.4pt 0cm 5.4pt;\
\\tmso-para-margin:0cm;\
\\tmso-para-margin-bottom:.0001pt;\
\\tmso-pagination:widow-orphan;\
\\tfont-size:12.0pt;\
\\tfont-family:\\\"Calibri\\\",sans-serif;\
\\tmso-ascii-font-family:Calibri;\
\\tmso-ascii-theme-font:minor-latin;\
\\tmso-hansi-font-family:Calibri;\
\\tmso-hansi-theme-font:minor-latin;\
\\tmso-bidi-font-family:\\\"Times New Roman\\\";\
\\tmso-bidi-theme-font:minor-bidi;\
\\tmso-ansi-language:DE;\
\\tmso-fareast-language:EN-US;}\
<\\/style>\
<![endif]--> <!--StartFragment--> <!--EndFragment--><\\/p>\
<p class=\\\"MsoNormal\\\"><span lang=\\\"DE\\\">Die Wohnh&auml;user des Winterthurer Architekten Peter Kunz k&ouml;nnen als in sich ruhende Mikrokosmen des Wohnens betrachtet werden. Innen- und Aussenraumzonen sind in sich verwoben und situativ durch gezielte &Ouml;ffnungen mit der weiteren Umgebung verbunden.&nbsp;<br \\/>Herausgeber: Heinz Wirz<\\/span><\\/p>\"}, `url` = http://www.quart.ch/anthologie-de.php?nID=53, `books`.`updated_at` = 2019-12-02 16:45:18 where `id` = 6) at /home/archit10/www/strut.ch/vendor/laravel/framework/src/Illuminate/Database/Connection.php:664, PDOException(code: 22001): SQLSTATE[22001]: String data, right truncated: 1406 Data too long for column 'info' at row 1 at /home/archit10/www/strut.ch/vendor/laravel/framework/src/Illuminate/Database/Connection.php:483)
[stacktrace]
#0 /home/archit10/www/strut.ch/vendor/laravel/framework/src/Illuminate/Database/Connection.php(624): Illuminate\\Database\\Connection->runQueryCallback('update `books` ...', Array, Object(Closure))
#1 /home/archit10/www/strut.ch/vendor/laravel/framework/src/Illuminate/Database/Connection.php(490): Illuminate\\Database\\Connection->run('update `books` ...', Array, Object(Closure))
#2 /home/archit10/www/strut.ch/vendor/laravel/framework/src/Illuminate/Database/Connection.php(423): Illuminate\\Database\\Connection->affectingStatement('update `books` ...', Array)
#3 /home/archit10/www/strut.ch/vendor/laravel/framework/src/Illuminate/Database/Query/Builder.php(2721): Illuminate\\Database\\Connection->update('update `books` ...', Array)
#4 /home/archit10/www/strut.ch/vendor/laravel/framework/src/Illuminate/Database/Eloquent/Builder.php(820): Illuminate\\Database\\Query\\Builder->update(Array)
#5 /home/archit10/www/strut.ch/vendor/laravel/framework/src/Illuminate/Database/Eloquent/Model.php(745): Illuminate\\Database\\Eloquent\\Builder->update(Array)
#6 /home/archit10/www/strut.ch/vendor/laravel/framework/src/Illuminate/Database/Eloquent/Model.php(660): Illuminate\\Database\\Eloquent\\Model->performUpdate(Object(Illuminate\\Database\\Eloquent\\Builder))
#7 /home/archit10/www/strut.ch/app/Http/Controllers/Backend/Book/BookController.php(96): Illuminate\\Database\\Eloquent\\Model->save()
#8 [internal function]: App\\Http\\Controllers\\Backend\\Book\\BookController->update('6', Object(Illuminate\\Http\\Request))
#9 /home/archit10/www/strut.ch/vendor/laravel/framework/src/Illuminate/Routing/Controller.php(54): call_user_func_array(Array, Array)
#10 /home/archit10/www/strut.ch/vendor/laravel/framework/src/Illuminate/Routing/ControllerDispatcher.php(45): Illuminate\\Routing\\Controller->callAction('update', Array)
#11 /home/archit10/www/strut.ch/vendor/laravel/framework/src/Illuminate/Routing/Route.php(219): Illuminate\\Routing\\ControllerDispatcher->dispatch(Object(Illuminate\\Routing\\Route), Object(App\\Http\\Controllers\\Backend\\Book\\BookController), 'update')
#12 /home/archit10/www/strut.ch/vendor/laravel/framework/src/Illuminate/Routing/Route.php(176): Illuminate\\Routing\\Route->runController()
#13 /home/archit10/www/strut.ch/vendor/laravel/framework/src/Illuminate/Routing/Router.php(680): Illuminate\\Routing\\Route->run()
#14 /home/archit10/www/strut.ch/vendor/laravel/framework/src/Illuminate/Routing/Pipeline.php(30): Illuminate\\Routing\\Router->Illuminate\\Routing\\{closure}(Object(Illuminate\\Http\\Request))
#15 /home/archit10/www/strut.ch/vendor/laravel/framework/src/Illuminate/Routing/Middleware/SubstituteBindings.php(41): Illuminate\\Routing\\Pipeline->Illuminate\\Routing\\{closure}(Object(Illuminate\\Http\\Request))
#16 /home/archit10/www/strut.ch/vendor/laravel/framework/src/Illuminate/Pipeline/Pipeline.php(163): Illuminate\\Routing\\Middleware\\SubstituteBindings->handle(Object(Illuminate\\Http\\Request), Object(Closure))
#17 /home/archit10/www/strut.ch/vendor/laravel/framework/src/Illuminate/Routing/Pipeline.php(53): Illuminate\\Pipeline\\Pipeline->Illuminate\\Pipeline\\{closure}(Object(Illuminate\\Http\\Request))
#18 /home/archit10/www/strut.ch/vendor/laravel/framework/src/Illuminate/Auth/Middleware/Authenticate.php(43): Illuminate\\Routing\\Pipeline->Illuminate\\Routing\\{closure}(Object(Illuminate\\Http\\Request))
#19 /home/archit10/www/strut.ch/vendor/laravel/framework/src/Illuminate/Pipeline/Pipeline.php(163): Illuminate\\Auth\\Middleware\\Authenticate->handle(Object(Illuminate\\Http\\Request), Object(Closure), 'api')
#20 /home/archit10/www/strut.ch/vendor/laravel/framework/src/Illuminate/Routing/Pipeline.php(53): Illuminate\\Pipeline\\Pipeline->Illuminate\\Pipeline\\{closure}(Object(Illuminate\\Http\\Request))
#21 /home/archit10/www/strut.ch/vendor/laravel/framework/src/Illuminate/Routing/Middleware/ThrottleRequests.php(58): Illuminate\\Routing\\Pipeline->Illuminate\\Routing\\{closure}(Object(Illuminate\\Http\\Request))
#22 /home/archit10/www/strut.ch/vendor/laravel/framework/src/Illuminate/Pipeline/Pipeline.php(163): Illuminate\\Routing\\Middleware\\ThrottleRequests->handle(Object(Illuminate\\Http\\Request), Object(Closure), 60, '1')
#23 /home/archit10/www/strut.ch/vendor/laravel/framework/src/Illuminate/Routing/Pipeline.php(53): Illuminate\\Pipeline\\Pipeline->Illuminate\\Pipeline\\{closure}(Object(Illuminate\\Http\\Request))
#24 /home/archit10/www/strut.ch/vendor/laravel/framework/src/Illuminate/Pipeline/Pipeline.php(104): Illuminate\\Routing\\Pipeline->Illuminate\\Routing\\{closure}(Object(Illuminate\\Http\\Request))
#25 /home/archit10/www/strut.ch/vendor/laravel/framework/src/Illuminate/Routing/Router.php(682): Illuminate\\Pipeline\\Pipeline->then(Object(Closure))
#26 /home/archit10/www/strut.ch/vendor/laravel/framework/src/Illuminate/Routing/Router.php(657): Illuminate\\Routing\\Router->runRouteWithinStack(Object(Illuminate\\Routing\\Route), Object(Illuminate\\Http\\Request))
#27 /home/archit10/www/strut.ch/vendor/laravel/framework/src/Illuminate/Routing/Router.php(623): Illuminate\\Routing\\Router->runRoute(Object(Illuminate\\Http\\Request), Object(Illuminate\\Routing\\Route))
#28 /home/archit10/www/strut.ch/vendor/laravel/framework/src/Illuminate/Routing/Router.php(612): Illuminate\\Routing\\Router->dispatchToRoute(Object(Illuminate\\Http\\Request))
#29 /home/archit10/www/strut.ch/vendor/laravel/framework/src/Illuminate/Foundation/Http/Kernel.php(176): Illuminate\\Routing\\Router->dispatch(Object(Illuminate\\Http\\Request))
#30 /home/archit10/www/strut.ch/vendor/laravel/framework/src/Illuminate/Routing/Pipeline.php(30): Illuminate\\Foundation\\Http\\Kernel->Illuminate\\Foundation\\Http\\{closure}(Object(Illuminate\\Http\\Request))
#31 /home/archit10/www/strut.ch/vendor/fideloper/proxy/src/TrustProxies.php(57): Illuminate\\Routing\\Pipeline->Illuminate\\Routing\\{closure}(Object(Illuminate\\Http\\Request))
#32 /home/archit10/www/strut.ch/vendor/laravel/framework/src/Illuminate/Pipeline/Pipeline.php(163): Fideloper\\Proxy\\TrustProxies->handle(Object(Illuminate\\Http\\Request), Object(Closure))
#33 /home/archit10/www/strut.ch/vendor/laravel/framework/src/Illuminate/Routing/Pipeline.php(53): Illuminate\\Pipeline\\Pipeline->Illuminate\\Pipeline\\{closure}(Object(Illuminate\\Http\\Request))
#34 /home/archit10/www/strut.ch/vendor/laravel/framework/src/Illuminate/Foundation/Http/Middleware/TransformsRequest.php(21): Illuminate\\Routing\\Pipeline->Illuminate\\Routing\\{closure}(Object(Illuminate\\Http\\Request))
#35 /home/archit10/www/strut.ch/vendor/laravel/framework/src/Illuminate/Pipeline/Pipeline.php(163): Illuminate\\Foundation\\Http\\Middleware\\TransformsRequest->handle(Object(Illuminate\\Http\\Request), Object(Closure))
#36 /home/archit10/www/strut.ch/vendor/laravel/framework/src/Illuminate/Routing/Pipeline.php(53): Illuminate\\Pipeline\\Pipeline->Illuminate\\Pipeline\\{closure}(Object(Illuminate\\Http\\Request))
#37 /home/archit10/www/strut.ch/vendor/laravel/framework/src/Illuminate/Foundation/Http/Middleware/TransformsRequest.php(21): Illuminate\\Routing\\Pipeline->Illuminate\\Routing\\{closure}(Object(Illuminate\\Http\\Request))
#38 /home/archit10/www/strut.ch/vendor/laravel/framework/src/Illuminate/Pipeline/Pipeline.php(163): Illuminate\\Foundation\\Http\\Middleware\\TransformsRequest->handle(Object(Illuminate\\Http\\Request), Object(Closure))
#39 /home/archit10/www/strut.ch/vendor/laravel/framework/src/Illuminate/Routing/Pipeline.php(53): Illuminate\\Pipeline\\Pipeline->Illuminate\\Pipeline\\{closure}(Object(Illuminate\\Http\\Request))
#40 /home/archit10/www/strut.ch/vendor/laravel/framework/src/Illuminate/Foundation/Http/Middleware/ValidatePostSize.php(27): Illuminate\\Routing\\Pipeline->Illuminate\\Routing\\{closure}(Object(Illuminate\\Http\\Request))
#41 /home/archit10/www/strut.ch/vendor/laravel/framework/src/Illuminate/Pipeline/Pipeline.php(163): Illuminate\\Foundation\\Http\\Middleware\\ValidatePostSize->handle(Object(Illuminate\\Http\\Request), Object(Closure))
#42 /home/archit10/www/strut.ch/vendor/laravel/framework/src/Illuminate/Routing/Pipeline.php(53): Illuminate\\Pipeline\\Pipeline->Illuminate\\Pipeline\\{closure}(Object(Illuminate\\Http\\Request))
#43 /home/archit10/www/strut.ch/vendor/laravel/framework/src/Illuminate/Foundation/Http/Middleware/CheckForMaintenanceMode.php(62): Illuminate\\Routing\\Pipeline->Illuminate\\Routing\\{closure}(Object(Illuminate\\Http\\Request))
#44 /home/archit10/www/strut.ch/vendor/laravel/framework/src/Illuminate/Pipeline/Pipeline.php(163): Illuminate\\Foundation\\Http\\Middleware\\CheckForMaintenanceMode->handle(Object(Illuminate\\Http\\Request), Object(Closure))
#45 /home/archit10/www/strut.ch/vendor/laravel/framework/src/Illuminate/Routing/Pipeline.php(53): Illuminate\\Pipeline\\Pipeline->Illuminate\\Pipeline\\{closure}(Object(Illuminate\\Http\\Request))
#46 /home/archit10/www/strut.ch/vendor/laravel/framework/src/Illuminate/Pipeline/Pipeline.php(104): Illuminate\\Routing\\Pipeline->Illuminate\\Routing\\{closure}(Object(Illuminate\\Http\\Request))
#47 /home/archit10/www/strut.ch/vendor/laravel/framework/src/Illuminate/Foundation/Http/Kernel.php(151): Illuminate\\Pipeline\\Pipeline->then(Object(Closure))
#48 /home/archit10/www/strut.ch/vendor/laravel/framework/src/Illuminate/Foundation/Http/Kernel.php(116): Illuminate\\Foundation\\Http\\Kernel->sendRequestThroughRouter(Object(Illuminate\\Http\\Request))
#49 /home/archit10/www/strut.ch/public/index.php(55): Illuminate\\Foundation\\Http\\Kernel->handle(Object(Illuminate\\Http\\Request))
#50 {main}
"} 
[2019-12-02 16:45:18] production.ERROR: Argument 1 passed to Illuminate\Routing\Middleware\ThrottleRequests::addHeaders() must be an instance of Symfony\Component\HttpFoundation\Response, null given, called in /home/archit10/www/strut.ch/vendor/laravel/framework/src/Illuminate/Routing/Middleware/ThrottleRequests.php on line 62 {"userId":2,"exception":"[object] (Symfony\\Component\\Debug\\Exception\\FatalThrowableError(code: 0): Argument 1 passed to Illuminate\\Routing\\Middleware\\ThrottleRequests::addHeaders() must be an instance of Symfony\\Component\\HttpFoundation\\Response, null given, called in /home/archit10/www/strut.ch/vendor/laravel/framework/src/Illuminate/Routing/Middleware/ThrottleRequests.php on line 62 at /home/archit10/www/strut.ch/vendor/laravel/framework/src/Illuminate/Routing/Middleware/ThrottleRequests.php:149)
[stacktrace]
#0 /home/archit10/www/strut.ch/vendor/laravel/framework/src/Illuminate/Routing/Middleware/ThrottleRequests.php(62): Illuminate\\Routing\\Middleware\\ThrottleRequests->addHeaders(NULL, 60, 59)
#1 /home/archit10/www/strut.ch/vendor/laravel/framework/src/Illuminate/Pipeline/Pipeline.php(163): Illuminate\\Routing\\Middleware\\ThrottleRequests->handle(Object(Illuminate\\Http\\Request), Object(Closure), 60, '1')
#2 /home/archit10/www/strut.ch/vendor/laravel/framework/src/Illuminate/Routing/Pipeline.php(53): Illuminate\\Pipeline\\Pipeline->Illuminate\\Pipeline\\{closure}(Object(Illuminate\\Http\\Request))
#3 /home/archit10/www/strut.ch/vendor/laravel/framework/src/Illuminate/Pipeline/Pipeline.php(104): Illuminate\\Routing\\Pipeline->Illuminate\\Routing\\{closure}(Object(Illuminate\\Http\\Request))
#4 /home/archit10/www/strut.ch/vendor/laravel/framework/src/Illuminate/Routing/Router.php(682): Illuminate\\Pipeline\\Pipeline->then(Object(Closure))
#5 /home/archit10/www/strut.ch/vendor/laravel/framework/src/Illuminate/Routing/Router.php(657): Illuminate\\Routing\\Router->runRouteWithinStack(Object(Illuminate\\Routing\\Route), Object(Illuminate\\Http\\Request))
#6 /home/archit10/www/strut.ch/vendor/laravel/framework/src/Illuminate/Routing/Router.php(623): Illuminate\\Routing\\Router->runRoute(Object(Illuminate\\Http\\Request), Object(Illuminate\\Routing\\Route))
#7 /home/archit10/www/strut.ch/vendor/laravel/framework/src/Illuminate/Routing/Router.php(612): Illuminate\\Routing\\Router->dispatchToRoute(Object(Illuminate\\Http\\Request))
#8 /home/archit10/www/strut.ch/vendor/laravel/framework/src/Illuminate/Foundation/Http/Kernel.php(176): Illuminate\\Routing\\Router->dispatch(Object(Illuminate\\Http\\Request))
#9 /home/archit10/www/strut.ch/vendor/laravel/framework/src/Illuminate/Routing/Pipeline.php(30): Illuminate\\Foundation\\Http\\Kernel->Illuminate\\Foundation\\Http\\{closure}(Object(Illuminate\\Http\\Request))
#10 /home/archit10/www/strut.ch/vendor/fideloper/proxy/src/TrustProxies.php(57): Illuminate\\Routing\\Pipeline->Illuminate\\Routing\\{closure}(Object(Illuminate\\Http\\Request))
#11 /home/archit10/www/strut.ch/vendor/laravel/framework/src/Illuminate/Pipeline/Pipeline.php(163): Fideloper\\Proxy\\TrustProxies->handle(Object(Illuminate\\Http\\Request), Object(Closure))
#12 /home/archit10/www/strut.ch/vendor/laravel/framework/src/Illuminate/Routing/Pipeline.php(53): Illuminate\\Pipeline\\Pipeline->Illuminate\\Pipeline\\{closure}(Object(Illuminate\\Http\\Request))
#13 /home/archit10/www/strut.ch/vendor/laravel/framework/src/Illuminate/Foundation/Http/Middleware/TransformsRequest.php(21): Illuminate\\Routing\\Pipeline->Illuminate\\Routing\\{closure}(Object(Illuminate\\Http\\Request))
#14 /home/archit10/www/strut.ch/vendor/laravel/framework/src/Illuminate/Pipeline/Pipeline.php(163): Illuminate\\Foundation\\Http\\Middleware\\TransformsRequest->handle(Object(Illuminate\\Http\\Request), Object(Closure))
#15 /home/archit10/www/strut.ch/vendor/laravel/framework/src/Illuminate/Routing/Pipeline.php(53): Illuminate\\Pipeline\\Pipeline->Illuminate\\Pipeline\\{closure}(Object(Illuminate\\Http\\Request))
#16 /home/archit10/www/strut.ch/vendor/laravel/framework/src/Illuminate/Foundation/Http/Middleware/TransformsRequest.php(21): Illuminate\\Routing\\Pipeline->Illuminate\\Routing\\{closure}(Object(Illuminate\\Http\\Request))
#17 /home/archit10/www/strut.ch/vendor/laravel/framework/src/Illuminate/Pipeline/Pipeline.php(163): Illuminate\\Foundation\\Http\\Middleware\\TransformsRequest->handle(Object(Illuminate\\Http\\Request), Object(Closure))
#18 /home/archit10/www/strut.ch/vendor/laravel/framework/src/Illuminate/Routing/Pipeline.php(53): Illuminate\\Pipeline\\Pipeline->Illuminate\\Pipeline\\{closure}(Object(Illuminate\\Http\\Request))
#19 /home/archit10/www/strut.ch/vendor/laravel/framework/src/Illuminate/Foundation/Http/Middleware/ValidatePostSize.php(27): Illuminate\\Routing\\Pipeline->Illuminate\\Routing\\{closure}(Object(Illuminate\\Http\\Request))
#20 /home/archit10/www/strut.ch/vendor/laravel/framework/src/Illuminate/Pipeline/Pipeline.php(163): Illuminate\\Foundation\\Http\\Middleware\\ValidatePostSize->handle(Object(Illuminate\\Http\\Request), Object(Closure))
#21 /home/archit10/www/strut.ch/vendor/laravel/framework/src/Illuminate/Routing/Pipeline.php(53): Illuminate\\Pipeline\\Pipeline->Illuminate\\Pipeline\\{closure}(Object(Illuminate\\Http\\Request))
#22 /home/archit10/www/strut.ch/vendor/laravel/framework/src/Illuminate/Foundation/Http/Middleware/CheckForMaintenanceMode.php(62): Illuminate\\Routing\\Pipeline->Illuminate\\Routing\\{closure}(Object(Illuminate\\Http\\Request))
#23 /home/archit10/www/strut.ch/vendor/laravel/framework/src/Illuminate/Pipeline/Pipeline.php(163): Illuminate\\Foundation\\Http\\Middleware\\CheckForMaintenanceMode->handle(Object(Illuminate\\Http\\Request), Object(Closure))
#24 /home/archit10/www/strut.ch/vendor/laravel/framework/src/Illuminate/Routing/Pipeline.php(53): Illuminate\\Pipeline\\Pipeline->Illuminate\\Pipeline\\{closure}(Object(Illuminate\\Http\\Request))
#25 /home/archit10/www/strut.ch/vendor/laravel/framework/src/Illuminate/Pipeline/Pipeline.php(104): Illuminate\\Routing\\Pipeline->Illuminate\\Routing\\{closure}(Object(Illuminate\\Http\\Request))
#26 /home/archit10/www/strut.ch/vendor/laravel/framework/src/Illuminate/Foundation/Http/Kernel.php(151): Illuminate\\Pipeline\\Pipeline->then(Object(Closure))
#27 /home/archit10/www/strut.ch/vendor/laravel/framework/src/Illuminate/Foundation/Http/Kernel.php(116): Illuminate\\Foundation\\Http\\Kernel->sendRequestThroughRouter(Object(Illuminate\\Http\\Request))
#28 /home/archit10/www/strut.ch/public/index.php(55): Illuminate\\Foundation\\Http\\Kernel->handle(Object(Illuminate\\Http\\Request))
#29 {main}
"} 
