[2019-12-18 11:53:49] local.ERROR: SQLSTATE[42S22]: Column not found: 1054 Unknown column 'title.de' in 'order clause' (SQL: select * from `projects` where `publish` = 1 order by `title`.`de` asc, `status` asc) {"exception":"[object] (Illuminate\\Database\\QueryException(code: 42S22): SQLSTATE[42S22]: Column not found: 1054 Unknown column 'title.de' in 'order clause' (SQL: select * from `projects` where `publish` = 1 order by `title`.`de` asc, `status` asc) at /Users/marceli.to/Jamon.digital/Webroot/strut.ch/vendor/laravel/framework/src/Illuminate/Database/Connection.php:664, PDOException(code: 42S22): SQLSTATE[42S22]: Column not found: 1054 Unknown column 'title.de' in 'order clause' at /Users/marceli.to/Jamon.digital/Webroot/strut.ch/vendor/laravel/framework/src/Illuminate/Database/Connection.php:326)
[stacktrace]
#0 /Users/marceli.to/Jamon.digital/Webroot/strut.ch/vendor/laravel/framework/src/Illuminate/Database/Connection.php(624): Illuminate\\Database\\Connection->runQueryCallback('select * from `...', Array, Object(Closure))
#1 /Users/marceli.to/Jamon.digital/Webroot/strut.ch/vendor/laravel/framework/src/Illuminate/Database/Connection.php(333): Illuminate\\Database\\Connection->run('select * from `...', Array, Object(Closure))
#2 /Users/marceli.to/Jamon.digital/Webroot/strut.ch/vendor/laravel/framework/src/Illuminate/Database/Query/Builder.php(2130): Illuminate\\Database\\Connection->select('select * from `...', Array, true)
#3 /Users/marceli.to/Jamon.digital/Webroot/strut.ch/vendor/laravel/framework/src/Illuminate/Database/Query/Builder.php(2118): Illuminate\\Database\\Query\\Builder->runSelect()
#4 /Users/marceli.to/Jamon.digital/Webroot/strut.ch/vendor/laravel/framework/src/Illuminate/Database/Query/Builder.php(2604): Illuminate\\Database\\Query\\Builder->Illuminate\\Database\\Query\\{closure}()
#5 /Users/marceli.to/Jamon.digital/Webroot/strut.ch/vendor/laravel/framework/src/Illuminate/Database/Query/Builder.php(2119): Illuminate\\Database\\Query\\Builder->onceWithColumns(Array, Object(Closure))
#6 /Users/marceli.to/Jamon.digital/Webroot/strut.ch/vendor/laravel/framework/src/Illuminate/Database/Eloquent/Builder.php(521): Illuminate\\Database\\Query\\Builder->get(Array)
#7 /Users/marceli.to/Jamon.digital/Webroot/strut.ch/vendor/laravel/framework/src/Illuminate/Database/Eloquent/Builder.php(505): Illuminate\\Database\\Eloquent\\Builder->getModels(Array)
#8 /Users/marceli.to/Jamon.digital/Webroot/strut.ch/app/Http/Controllers/Frontend/WorksController.php(43): Illuminate\\Database\\Eloquent\\Builder->get()
#9 [internal function]: App\\Http\\Controllers\\Frontend\\WorksController->byStatus()
#10 /Users/marceli.to/Jamon.digital/Webroot/strut.ch/vendor/laravel/framework/src/Illuminate/Routing/Controller.php(54): call_user_func_array(Array, Array)
#11 /Users/marceli.to/Jamon.digital/Webroot/strut.ch/vendor/laravel/framework/src/Illuminate/Routing/ControllerDispatcher.php(45): Illuminate\\Routing\\Controller->callAction('byStatus', Array)
#12 /Users/marceli.to/Jamon.digital/Webroot/strut.ch/vendor/laravel/framework/src/Illuminate/Routing/Route.php(219): Illuminate\\Routing\\ControllerDispatcher->dispatch(Object(Illuminate\\Routing\\Route), Object(App\\Http\\Controllers\\Frontend\\WorksController), 'byStatus')
#13 /Users/marceli.to/Jamon.digital/Webroot/strut.ch/vendor/laravel/framework/src/Illuminate/Routing/Route.php(176): Illuminate\\Routing\\Route->runController()
#14 /Users/marceli.to/Jamon.digital/Webroot/strut.ch/vendor/laravel/framework/src/Illuminate/Routing/Router.php(680): Illuminate\\Routing\\Route->run()
#15 /Users/marceli.to/Jamon.digital/Webroot/strut.ch/vendor/laravel/framework/src/Illuminate/Routing/Pipeline.php(30): Illuminate\\Routing\\Router->Illuminate\\Routing\\{closure}(Object(Illuminate\\Http\\Request))
#16 /Users/marceli.to/Jamon.digital/Webroot/strut.ch/vendor/laravel/framework/src/Illuminate/Routing/Middleware/SubstituteBindings.php(41): Illuminate\\Routing\\Pipeline->Illuminate\\Routing\\{closure}(Object(Illuminate\\Http\\Request))
#17 /Users/marceli.to/Jamon.digital/Webroot/strut.ch/vendor/laravel/framework/src/Illuminate/Pipeline/Pipeline.php(163): Illuminate\\Routing\\Middleware\\SubstituteBindings->handle(Object(Illuminate\\Http\\Request), Object(Closure))
#18 /Users/marceli.to/Jamon.digital/Webroot/strut.ch/vendor/laravel/framework/src/Illuminate/Routing/Pipeline.php(53): Illuminate\\Pipeline\\Pipeline->Illuminate\\Pipeline\\{closure}(Object(Illuminate\\Http\\Request))
#19 /Users/marceli.to/Jamon.digital/Webroot/strut.ch/vendor/laravel/framework/src/Illuminate/Foundation/Http/Middleware/VerifyCsrfToken.php(75): Illuminate\\Routing\\Pipeline->Illuminate\\Routing\\{closure}(Object(Illuminate\\Http\\Request))
#20 /Users/marceli.to/Jamon.digital/Webroot/strut.ch/vendor/laravel/framework/src/Illuminate/Pipeline/Pipeline.php(163): Illuminate\\Foundation\\Http\\Middleware\\VerifyCsrfToken->handle(Object(Illuminate\\Http\\Request), Object(Closure))
#21 /Users/marceli.to/Jamon.digital/Webroot/strut.ch/vendor/laravel/framework/src/Illuminate/Routing/Pipeline.php(53): Illuminate\\Pipeline\\Pipeline->Illuminate\\Pipeline\\{closure}(Object(Illuminate\\Http\\Request))
#22 /Users/marceli.to/Jamon.digital/Webroot/strut.ch/vendor/laravel/framework/src/Illuminate/View/Middleware/ShareErrorsFromSession.php(49): Illuminate\\Routing\\Pipeline->Illuminate\\Routing\\{closure}(Object(Illuminate\\Http\\Request))
#23 /Users/marceli.to/Jamon.digital/Webroot/strut.ch/vendor/laravel/framework/src/Illuminate/Pipeline/Pipeline.php(163): Illuminate\\View\\Middleware\\ShareErrorsFromSession->handle(Object(Illuminate\\Http\\Request), Object(Closure))
#24 /Users/marceli.to/Jamon.digital/Webroot/strut.ch/vendor/laravel/framework/src/Illuminate/Routing/Pipeline.php(53): Illuminate\\Pipeline\\Pipeline->Illuminate\\Pipeline\\{closure}(Object(Illuminate\\Http\\Request))
#25 /Users/marceli.to/Jamon.digital/Webroot/strut.ch/vendor/laravel/framework/src/Illuminate/Session/Middleware/StartSession.php(56): Illuminate\\Routing\\Pipeline->Illuminate\\Routing\\{closure}(Object(Illuminate\\Http\\Request))
#26 /Users/marceli.to/Jamon.digital/Webroot/strut.ch/vendor/laravel/framework/src/Illuminate/Pipeline/Pipeline.php(163): Illuminate\\Session\\Middleware\\StartSession->handle(Object(Illuminate\\Http\\Request), Object(Closure))
#27 /Users/marceli.to/Jamon.digital/Webroot/strut.ch/vendor/laravel/framework/src/Illuminate/Routing/Pipeline.php(53): Illuminate\\Pipeline\\Pipeline->Illuminate\\Pipeline\\{closure}(Object(Illuminate\\Http\\Request))
#28 /Users/marceli.to/Jamon.digital/Webroot/strut.ch/vendor/laravel/framework/src/Illuminate/Cookie/Middleware/AddQueuedCookiesToResponse.php(37): Illuminate\\Routing\\Pipeline->Illuminate\\Routing\\{closure}(Object(Illuminate\\Http\\Request))
#29 /Users/marceli.to/Jamon.digital/Webroot/strut.ch/vendor/laravel/framework/src/Illuminate/Pipeline/Pipeline.php(163): Illuminate\\Cookie\\Middleware\\AddQueuedCookiesToResponse->handle(Object(Illuminate\\Http\\Request), Object(Closure))
#30 /Users/marceli.to/Jamon.digital/Webroot/strut.ch/vendor/laravel/framework/src/Illuminate/Routing/Pipeline.php(53): Illuminate\\Pipeline\\Pipeline->Illuminate\\Pipeline\\{closure}(Object(Illuminate\\Http\\Request))
#31 /Users/marceli.to/Jamon.digital/Webroot/strut.ch/vendor/laravel/framework/src/Illuminate/Cookie/Middleware/EncryptCookies.php(66): Illuminate\\Routing\\Pipeline->Illuminate\\Routing\\{closure}(Object(Illuminate\\Http\\Request))
#32 /Users/marceli.to/Jamon.digital/Webroot/strut.ch/vendor/laravel/framework/src/Illuminate/Pipeline/Pipeline.php(163): Illuminate\\Cookie\\Middleware\\EncryptCookies->handle(Object(Illuminate\\Http\\Request), Object(Closure))
#33 /Users/marceli.to/Jamon.digital/Webroot/strut.ch/vendor/laravel/framework/src/Illuminate/Routing/Pipeline.php(53): Illuminate\\Pipeline\\Pipeline->Illuminate\\Pipeline\\{closure}(Object(Illuminate\\Http\\Request))
#34 /Users/marceli.to/Jamon.digital/Webroot/strut.ch/vendor/laravel/framework/src/Illuminate/Pipeline/Pipeline.php(104): Illuminate\\Routing\\Pipeline->Illuminate\\Routing\\{closure}(Object(Illuminate\\Http\\Request))
#35 /Users/marceli.to/Jamon.digital/Webroot/strut.ch/vendor/laravel/framework/src/Illuminate/Routing/Router.php(682): Illuminate\\Pipeline\\Pipeline->then(Object(Closure))
#36 /Users/marceli.to/Jamon.digital/Webroot/strut.ch/vendor/laravel/framework/src/Illuminate/Routing/Router.php(657): Illuminate\\Routing\\Router->runRouteWithinStack(Object(Illuminate\\Routing\\Route), Object(Illuminate\\Http\\Request))
#37 /Users/marceli.to/Jamon.digital/Webroot/strut.ch/vendor/laravel/framework/src/Illuminate/Routing/Router.php(623): Illuminate\\Routing\\Router->runRoute(Object(Illuminate\\Http\\Request), Object(Illuminate\\Routing\\Route))
#38 /Users/marceli.to/Jamon.digital/Webroot/strut.ch/vendor/laravel/framework/src/Illuminate/Routing/Router.php(612): Illuminate\\Routing\\Router->dispatchToRoute(Object(Illuminate\\Http\\Request))
#39 /Users/marceli.to/Jamon.digital/Webroot/strut.ch/vendor/laravel/framework/src/Illuminate/Foundation/Http/Kernel.php(176): Illuminate\\Routing\\Router->dispatch(Object(Illuminate\\Http\\Request))
#40 /Users/marceli.to/Jamon.digital/Webroot/strut.ch/vendor/laravel/framework/src/Illuminate/Routing/Pipeline.php(30): Illuminate\\Foundation\\Http\\Kernel->Illuminate\\Foundation\\Http\\{closure}(Object(Illuminate\\Http\\Request))
#41 /Users/marceli.to/Jamon.digital/Webroot/strut.ch/vendor/fideloper/proxy/src/TrustProxies.php(57): Illuminate\\Routing\\Pipeline->Illuminate\\Routing\\{closure}(Object(Illuminate\\Http\\Request))
#42 /Users/marceli.to/Jamon.digital/Webroot/strut.ch/vendor/laravel/framework/src/Illuminate/Pipeline/Pipeline.php(163): Fideloper\\Proxy\\TrustProxies->handle(Object(Illuminate\\Http\\Request), Object(Closure))
#43 /Users/marceli.to/Jamon.digital/Webroot/strut.ch/vendor/laravel/framework/src/Illuminate/Routing/Pipeline.php(53): Illuminate\\Pipeline\\Pipeline->Illuminate\\Pipeline\\{closure}(Object(Illuminate\\Http\\Request))
#44 /Users/marceli.to/Jamon.digital/Webroot/strut.ch/vendor/laravel/framework/src/Illuminate/Foundation/Http/Middleware/TransformsRequest.php(21): Illuminate\\Routing\\Pipeline->Illuminate\\Routing\\{closure}(Object(Illuminate\\Http\\Request))
#45 /Users/marceli.to/Jamon.digital/Webroot/strut.ch/vendor/laravel/framework/src/Illuminate/Pipeline/Pipeline.php(163): Illuminate\\Foundation\\Http\\Middleware\\TransformsRequest->handle(Object(Illuminate\\Http\\Request), Object(Closure))
#46 /Users/marceli.to/Jamon.digital/Webroot/strut.ch/vendor/laravel/framework/src/Illuminate/Routing/Pipeline.php(53): Illuminate\\Pipeline\\Pipeline->Illuminate\\Pipeline\\{closure}(Object(Illuminate\\Http\\Request))
#47 /Users/marceli.to/Jamon.digital/Webroot/strut.ch/vendor/laravel/framework/src/Illuminate/Foundation/Http/Middleware/TransformsRequest.php(21): Illuminate\\Routing\\Pipeline->Illuminate\\Routing\\{closure}(Object(Illuminate\\Http\\Request))
#48 /Users/marceli.to/Jamon.digital/Webroot/strut.ch/vendor/laravel/framework/src/Illuminate/Pipeline/Pipeline.php(163): Illuminate\\Foundation\\Http\\Middleware\\TransformsRequest->handle(Object(Illuminate\\Http\\Request), Object(Closure))
#49 /Users/marceli.to/Jamon.digital/Webroot/strut.ch/vendor/laravel/framework/src/Illuminate/Routing/Pipeline.php(53): Illuminate\\Pipeline\\Pipeline->Illuminate\\Pipeline\\{closure}(Object(Illuminate\\Http\\Request))
#50 /Users/marceli.to/Jamon.digital/Webroot/strut.ch/vendor/laravel/framework/src/Illuminate/Foundation/Http/Middleware/ValidatePostSize.php(27): Illuminate\\Routing\\Pipeline->Illuminate\\Routing\\{closure}(Object(Illuminate\\Http\\Request))
#51 /Users/marceli.to/Jamon.digital/Webroot/strut.ch/vendor/laravel/framework/src/Illuminate/Pipeline/Pipeline.php(163): Illuminate\\Foundation\\Http\\Middleware\\ValidatePostSize->handle(Object(Illuminate\\Http\\Request), Object(Closure))
#52 /Users/marceli.to/Jamon.digital/Webroot/strut.ch/vendor/laravel/framework/src/Illuminate/Routing/Pipeline.php(53): Illuminate\\Pipeline\\Pipeline->Illuminate\\Pipeline\\{closure}(Object(Illuminate\\Http\\Request))
#53 /Users/marceli.to/Jamon.digital/Webroot/strut.ch/vendor/laravel/framework/src/Illuminate/Foundation/Http/Middleware/CheckForMaintenanceMode.php(62): Illuminate\\Routing\\Pipeline->Illuminate\\Routing\\{closure}(Object(Illuminate\\Http\\Request))
#54 /Users/marceli.to/Jamon.digital/Webroot/strut.ch/vendor/laravel/framework/src/Illuminate/Pipeline/Pipeline.php(163): Illuminate\\Foundation\\Http\\Middleware\\CheckForMaintenanceMode->handle(Object(Illuminate\\Http\\Request), Object(Closure))
#55 /Users/marceli.to/Jamon.digital/Webroot/strut.ch/vendor/laravel/framework/src/Illuminate/Routing/Pipeline.php(53): Illuminate\\Pipeline\\Pipeline->Illuminate\\Pipeline\\{closure}(Object(Illuminate\\Http\\Request))
#56 /Users/marceli.to/Jamon.digital/Webroot/strut.ch/vendor/laravel/framework/src/Illuminate/Pipeline/Pipeline.php(104): Illuminate\\Routing\\Pipeline->Illuminate\\Routing\\{closure}(Object(Illuminate\\Http\\Request))
#57 /Users/marceli.to/Jamon.digital/Webroot/strut.ch/vendor/laravel/framework/src/Illuminate/Foundation/Http/Kernel.php(151): Illuminate\\Pipeline\\Pipeline->then(Object(Closure))
#58 /Users/marceli.to/Jamon.digital/Webroot/strut.ch/vendor/laravel/framework/src/Illuminate/Foundation/Http/Kernel.php(116): Illuminate\\Foundation\\Http\\Kernel->sendRequestThroughRouter(Object(Illuminate\\Http\\Request))
#59 /Users/marceli.to/Jamon.digital/Webroot/strut.ch/public/index.php(55): Illuminate\\Foundation\\Http\\Kernel->handle(Object(Illuminate\\Http\\Request))
#60 {main}
"} 
[2019-12-18 11:53:49] local.ERROR: Trying to get property 'headers' of non-object {"exception":"[object] (ErrorException(code: 0): Trying to get property 'headers' of non-object at /Users/marceli.to/Jamon.digital/Webroot/strut.ch/vendor/laravel/framework/src/Illuminate/Foundation/Http/Middleware/VerifyCsrfToken.php:180)
[stacktrace]
#0 /Users/marceli.to/Jamon.digital/Webroot/strut.ch/vendor/laravel/framework/src/Illuminate/Foundation/Http/Middleware/VerifyCsrfToken.php(180): Illuminate\\Foundation\\Bootstrap\\HandleExceptions->handleError(8, 'Trying to get p...', '/Users/marceli....', 180, Array)
#1 /Users/marceli.to/Jamon.digital/Webroot/strut.ch/vendor/laravel/framework/src/Illuminate/Foundation/Http/Middleware/VerifyCsrfToken.php(77): Illuminate\\Foundation\\Http\\Middleware\\VerifyCsrfToken->addCookieToResponse(Object(Illuminate\\Http\\Request), NULL)
#2 /Users/marceli.to/Jamon.digital/Webroot/strut.ch/vendor/laravel/framework/src/Illuminate/Support/helpers.php(1124): Illuminate\\Foundation\\Http\\Middleware\\VerifyCsrfToken->Illuminate\\Foundation\\Http\\Middleware\\{closure}(NULL)
#3 /Users/marceli.to/Jamon.digital/Webroot/strut.ch/vendor/laravel/framework/src/Illuminate/Foundation/Http/Middleware/VerifyCsrfToken.php(79): tap(NULL, Object(Closure))
#4 /Users/marceli.to/Jamon.digital/Webroot/strut.ch/vendor/laravel/framework/src/Illuminate/Pipeline/Pipeline.php(163): Illuminate\\Foundation\\Http\\Middleware\\VerifyCsrfToken->handle(Object(Illuminate\\Http\\Request), Object(Closure))
#5 /Users/marceli.to/Jamon.digital/Webroot/strut.ch/vendor/laravel/framework/src/Illuminate/Routing/Pipeline.php(53): Illuminate\\Pipeline\\Pipeline->Illuminate\\Pipeline\\{closure}(Object(Illuminate\\Http\\Request))
#6 /Users/marceli.to/Jamon.digital/Webroot/strut.ch/vendor/laravel/framework/src/Illuminate/View/Middleware/ShareErrorsFromSession.php(49): Illuminate\\Routing\\Pipeline->Illuminate\\Routing\\{closure}(Object(Illuminate\\Http\\Request))
#7 /Users/marceli.to/Jamon.digital/Webroot/strut.ch/vendor/laravel/framework/src/Illuminate/Pipeline/Pipeline.php(163): Illuminate\\View\\Middleware\\ShareErrorsFromSession->handle(Object(Illuminate\\Http\\Request), Object(Closure))
#8 /Users/marceli.to/Jamon.digital/Webroot/strut.ch/vendor/laravel/framework/src/Illuminate/Routing/Pipeline.php(53): Illuminate\\Pipeline\\Pipeline->Illuminate\\Pipeline\\{closure}(Object(Illuminate\\Http\\Request))
#9 /Users/marceli.to/Jamon.digital/Webroot/strut.ch/vendor/laravel/framework/src/Illuminate/Session/Middleware/StartSession.php(56): Illuminate\\Routing\\Pipeline->Illuminate\\Routing\\{closure}(Object(Illuminate\\Http\\Request))
#10 /Users/marceli.to/Jamon.digital/Webroot/strut.ch/vendor/laravel/framework/src/Illuminate/Pipeline/Pipeline.php(163): Illuminate\\Session\\Middleware\\StartSession->handle(Object(Illuminate\\Http\\Request), Object(Closure))
#11 /Users/marceli.to/Jamon.digital/Webroot/strut.ch/vendor/laravel/framework/src/Illuminate/Routing/Pipeline.php(53): Illuminate\\Pipeline\\Pipeline->Illuminate\\Pipeline\\{closure}(Object(Illuminate\\Http\\Request))
#12 /Users/marceli.to/Jamon.digital/Webroot/strut.ch/vendor/laravel/framework/src/Illuminate/Cookie/Middleware/AddQueuedCookiesToResponse.php(37): Illuminate\\Routing\\Pipeline->Illuminate\\Routing\\{closure}(Object(Illuminate\\Http\\Request))
#13 /Users/marceli.to/Jamon.digital/Webroot/strut.ch/vendor/laravel/framework/src/Illuminate/Pipeline/Pipeline.php(163): Illuminate\\Cookie\\Middleware\\AddQueuedCookiesToResponse->handle(Object(Illuminate\\Http\\Request), Object(Closure))
#14 /Users/marceli.to/Jamon.digital/Webroot/strut.ch/vendor/laravel/framework/src/Illuminate/Routing/Pipeline.php(53): Illuminate\\Pipeline\\Pipeline->Illuminate\\Pipeline\\{closure}(Object(Illuminate\\Http\\Request))
#15 /Users/marceli.to/Jamon.digital/Webroot/strut.ch/vendor/laravel/framework/src/Illuminate/Cookie/Middleware/EncryptCookies.php(66): Illuminate\\Routing\\Pipeline->Illuminate\\Routing\\{closure}(Object(Illuminate\\Http\\Request))
#16 /Users/marceli.to/Jamon.digital/Webroot/strut.ch/vendor/laravel/framework/src/Illuminate/Pipeline/Pipeline.php(163): Illuminate\\Cookie\\Middleware\\EncryptCookies->handle(Object(Illuminate\\Http\\Request), Object(Closure))
#17 /Users/marceli.to/Jamon.digital/Webroot/strut.ch/vendor/laravel/framework/src/Illuminate/Routing/Pipeline.php(53): Illuminate\\Pipeline\\Pipeline->Illuminate\\Pipeline\\{closure}(Object(Illuminate\\Http\\Request))
#18 /Users/marceli.to/Jamon.digital/Webroot/strut.ch/vendor/laravel/framework/src/Illuminate/Pipeline/Pipeline.php(104): Illuminate\\Routing\\Pipeline->Illuminate\\Routing\\{closure}(Object(Illuminate\\Http\\Request))
#19 /Users/marceli.to/Jamon.digital/Webroot/strut.ch/vendor/laravel/framework/src/Illuminate/Routing/Router.php(682): Illuminate\\Pipeline\\Pipeline->then(Object(Closure))
#20 /Users/marceli.to/Jamon.digital/Webroot/strut.ch/vendor/laravel/framework/src/Illuminate/Routing/Router.php(657): Illuminate\\Routing\\Router->runRouteWithinStack(Object(Illuminate\\Routing\\Route), Object(Illuminate\\Http\\Request))
#21 /Users/marceli.to/Jamon.digital/Webroot/strut.ch/vendor/laravel/framework/src/Illuminate/Routing/Router.php(623): Illuminate\\Routing\\Router->runRoute(Object(Illuminate\\Http\\Request), Object(Illuminate\\Routing\\Route))
#22 /Users/marceli.to/Jamon.digital/Webroot/strut.ch/vendor/laravel/framework/src/Illuminate/Routing/Router.php(612): Illuminate\\Routing\\Router->dispatchToRoute(Object(Illuminate\\Http\\Request))
#23 /Users/marceli.to/Jamon.digital/Webroot/strut.ch/vendor/laravel/framework/src/Illuminate/Foundation/Http/Kernel.php(176): Illuminate\\Routing\\Router->dispatch(Object(Illuminate\\Http\\Request))
#24 /Users/marceli.to/Jamon.digital/Webroot/strut.ch/vendor/laravel/framework/src/Illuminate/Routing/Pipeline.php(30): Illuminate\\Foundation\\Http\\Kernel->Illuminate\\Foundation\\Http\\{closure}(Object(Illuminate\\Http\\Request))
#25 /Users/marceli.to/Jamon.digital/Webroot/strut.ch/vendor/fideloper/proxy/src/TrustProxies.php(57): Illuminate\\Routing\\Pipeline->Illuminate\\Routing\\{closure}(Object(Illuminate\\Http\\Request))
#26 /Users/marceli.to/Jamon.digital/Webroot/strut.ch/vendor/laravel/framework/src/Illuminate/Pipeline/Pipeline.php(163): Fideloper\\Proxy\\TrustProxies->handle(Object(Illuminate\\Http\\Request), Object(Closure))
#27 /Users/marceli.to/Jamon.digital/Webroot/strut.ch/vendor/laravel/framework/src/Illuminate/Routing/Pipeline.php(53): Illuminate\\Pipeline\\Pipeline->Illuminate\\Pipeline\\{closure}(Object(Illuminate\\Http\\Request))
#28 /Users/marceli.to/Jamon.digital/Webroot/strut.ch/vendor/laravel/framework/src/Illuminate/Foundation/Http/Middleware/TransformsRequest.php(21): Illuminate\\Routing\\Pipeline->Illuminate\\Routing\\{closure}(Object(Illuminate\\Http\\Request))
#29 /Users/marceli.to/Jamon.digital/Webroot/strut.ch/vendor/laravel/framework/src/Illuminate/Pipeline/Pipeline.php(163): Illuminate\\Foundation\\Http\\Middleware\\TransformsRequest->handle(Object(Illuminate\\Http\\Request), Object(Closure))
#30 /Users/marceli.to/Jamon.digital/Webroot/strut.ch/vendor/laravel/framework/src/Illuminate/Routing/Pipeline.php(53): Illuminate\\Pipeline\\Pipeline->Illuminate\\Pipeline\\{closure}(Object(Illuminate\\Http\\Request))
#31 /Users/marceli.to/Jamon.digital/Webroot/strut.ch/vendor/laravel/framework/src/Illuminate/Foundation/Http/Middleware/TransformsRequest.php(21): Illuminate\\Routing\\Pipeline->Illuminate\\Routing\\{closure}(Object(Illuminate\\Http\\Request))
#32 /Users/marceli.to/Jamon.digital/Webroot/strut.ch/vendor/laravel/framework/src/Illuminate/Pipeline/Pipeline.php(163): Illuminate\\Foundation\\Http\\Middleware\\TransformsRequest->handle(Object(Illuminate\\Http\\Request), Object(Closure))
#33 /Users/marceli.to/Jamon.digital/Webroot/strut.ch/vendor/laravel/framework/src/Illuminate/Routing/Pipeline.php(53): Illuminate\\Pipeline\\Pipeline->Illuminate\\Pipeline\\{closure}(Object(Illuminate\\Http\\Request))
#34 /Users/marceli.to/Jamon.digital/Webroot/strut.ch/vendor/laravel/framework/src/Illuminate/Foundation/Http/Middleware/ValidatePostSize.php(27): Illuminate\\Routing\\Pipeline->Illuminate\\Routing\\{closure}(Object(Illuminate\\Http\\Request))
#35 /Users/marceli.to/Jamon.digital/Webroot/strut.ch/vendor/laravel/framework/src/Illuminate/Pipeline/Pipeline.php(163): Illuminate\\Foundation\\Http\\Middleware\\ValidatePostSize->handle(Object(Illuminate\\Http\\Request), Object(Closure))
#36 /Users/marceli.to/Jamon.digital/Webroot/strut.ch/vendor/laravel/framework/src/Illuminate/Routing/Pipeline.php(53): Illuminate\\Pipeline\\Pipeline->Illuminate\\Pipeline\\{closure}(Object(Illuminate\\Http\\Request))
#37 /Users/marceli.to/Jamon.digital/Webroot/strut.ch/vendor/laravel/framework/src/Illuminate/Foundation/Http/Middleware/CheckForMaintenanceMode.php(62): Illuminate\\Routing\\Pipeline->Illuminate\\Routing\\{closure}(Object(Illuminate\\Http\\Request))
#38 /Users/marceli.to/Jamon.digital/Webroot/strut.ch/vendor/laravel/framework/src/Illuminate/Pipeline/Pipeline.php(163): Illuminate\\Foundation\\Http\\Middleware\\CheckForMaintenanceMode->handle(Object(Illuminate\\Http\\Request), Object(Closure))
#39 /Users/marceli.to/Jamon.digital/Webroot/strut.ch/vendor/laravel/framework/src/Illuminate/Routing/Pipeline.php(53): Illuminate\\Pipeline\\Pipeline->Illuminate\\Pipeline\\{closure}(Object(Illuminate\\Http\\Request))
#40 /Users/marceli.to/Jamon.digital/Webroot/strut.ch/vendor/laravel/framework/src/Illuminate/Pipeline/Pipeline.php(104): Illuminate\\Routing\\Pipeline->Illuminate\\Routing\\{closure}(Object(Illuminate\\Http\\Request))
#41 /Users/marceli.to/Jamon.digital/Webroot/strut.ch/vendor/laravel/framework/src/Illuminate/Foundation/Http/Kernel.php(151): Illuminate\\Pipeline\\Pipeline->then(Object(Closure))
#42 /Users/marceli.to/Jamon.digital/Webroot/strut.ch/vendor/laravel/framework/src/Illuminate/Foundation/Http/Kernel.php(116): Illuminate\\Foundation\\Http\\Kernel->sendRequestThroughRouter(Object(Illuminate\\Http\\Request))
#43 /Users/marceli.to/Jamon.digital/Webroot/strut.ch/public/index.php(55): Illuminate\\Foundation\\Http\\Kernel->handle(Object(Illuminate\\Http\\Request))
#44 {main}
"} 
[2019-12-18 11:53:49] local.ERROR: Argument 1 passed to Illuminate\Session\Middleware\StartSession::addCookieToResponse() must be an instance of Symfony\Component\HttpFoundation\Response, null given, called in /Users/marceli.to/Jamon.digital/Webroot/strut.ch/vendor/laravel/framework/src/Illuminate/Session/Middleware/StartSession.php on line 60 {"exception":"[object] (Symfony\\Component\\Debug\\Exception\\FatalThrowableError(code: 0): Argument 1 passed to Illuminate\\Session\\Middleware\\StartSession::addCookieToResponse() must be an instance of Symfony\\Component\\HttpFoundation\\Response, null given, called in /Users/marceli.to/Jamon.digital/Webroot/strut.ch/vendor/laravel/framework/src/Illuminate/Session/Middleware/StartSession.php on line 60 at /Users/marceli.to/Jamon.digital/Webroot/strut.ch/vendor/laravel/framework/src/Illuminate/Session/Middleware/StartSession.php:151)
[stacktrace]
#0 /Users/marceli.to/Jamon.digital/Webroot/strut.ch/vendor/laravel/framework/src/Illuminate/Session/Middleware/StartSession.php(60): Illuminate\\Session\\Middleware\\StartSession->addCookieToResponse(NULL, Object(Illuminate\\Session\\Store))
#1 /Users/marceli.to/Jamon.digital/Webroot/strut.ch/vendor/laravel/framework/src/Illuminate/Pipeline/Pipeline.php(163): Illuminate\\Session\\Middleware\\StartSession->handle(Object(Illuminate\\Http\\Request), Object(Closure))
#2 /Users/marceli.to/Jamon.digital/Webroot/strut.ch/vendor/laravel/framework/src/Illuminate/Routing/Pipeline.php(53): Illuminate\\Pipeline\\Pipeline->Illuminate\\Pipeline\\{closure}(Object(Illuminate\\Http\\Request))
#3 /Users/marceli.to/Jamon.digital/Webroot/strut.ch/vendor/laravel/framework/src/Illuminate/Cookie/Middleware/AddQueuedCookiesToResponse.php(37): Illuminate\\Routing\\Pipeline->Illuminate\\Routing\\{closure}(Object(Illuminate\\Http\\Request))
#4 /Users/marceli.to/Jamon.digital/Webroot/strut.ch/vendor/laravel/framework/src/Illuminate/Pipeline/Pipeline.php(163): Illuminate\\Cookie\\Middleware\\AddQueuedCookiesToResponse->handle(Object(Illuminate\\Http\\Request), Object(Closure))
#5 /Users/marceli.to/Jamon.digital/Webroot/strut.ch/vendor/laravel/framework/src/Illuminate/Routing/Pipeline.php(53): Illuminate\\Pipeline\\Pipeline->Illuminate\\Pipeline\\{closure}(Object(Illuminate\\Http\\Request))
#6 /Users/marceli.to/Jamon.digital/Webroot/strut.ch/vendor/laravel/framework/src/Illuminate/Cookie/Middleware/EncryptCookies.php(66): Illuminate\\Routing\\Pipeline->Illuminate\\Routing\\{closure}(Object(Illuminate\\Http\\Request))
#7 /Users/marceli.to/Jamon.digital/Webroot/strut.ch/vendor/laravel/framework/src/Illuminate/Pipeline/Pipeline.php(163): Illuminate\\Cookie\\Middleware\\EncryptCookies->handle(Object(Illuminate\\Http\\Request), Object(Closure))
#8 /Users/marceli.to/Jamon.digital/Webroot/strut.ch/vendor/laravel/framework/src/Illuminate/Routing/Pipeline.php(53): Illuminate\\Pipeline\\Pipeline->Illuminate\\Pipeline\\{closure}(Object(Illuminate\\Http\\Request))
#9 /Users/marceli.to/Jamon.digital/Webroot/strut.ch/vendor/laravel/framework/src/Illuminate/Pipeline/Pipeline.php(104): Illuminate\\Routing\\Pipeline->Illuminate\\Routing\\{closure}(Object(Illuminate\\Http\\Request))
#10 /Users/marceli.to/Jamon.digital/Webroot/strut.ch/vendor/laravel/framework/src/Illuminate/Routing/Router.php(682): Illuminate\\Pipeline\\Pipeline->then(Object(Closure))
#11 /Users/marceli.to/Jamon.digital/Webroot/strut.ch/vendor/laravel/framework/src/Illuminate/Routing/Router.php(657): Illuminate\\Routing\\Router->runRouteWithinStack(Object(Illuminate\\Routing\\Route), Object(Illuminate\\Http\\Request))
#12 /Users/marceli.to/Jamon.digital/Webroot/strut.ch/vendor/laravel/framework/src/Illuminate/Routing/Router.php(623): Illuminate\\Routing\\Router->runRoute(Object(Illuminate\\Http\\Request), Object(Illuminate\\Routing\\Route))
#13 /Users/marceli.to/Jamon.digital/Webroot/strut.ch/vendor/laravel/framework/src/Illuminate/Routing/Router.php(612): Illuminate\\Routing\\Router->dispatchToRoute(Object(Illuminate\\Http\\Request))
#14 /Users/marceli.to/Jamon.digital/Webroot/strut.ch/vendor/laravel/framework/src/Illuminate/Foundation/Http/Kernel.php(176): Illuminate\\Routing\\Router->dispatch(Object(Illuminate\\Http\\Request))
#15 /Users/marceli.to/Jamon.digital/Webroot/strut.ch/vendor/laravel/framework/src/Illuminate/Routing/Pipeline.php(30): Illuminate\\Foundation\\Http\\Kernel->Illuminate\\Foundation\\Http\\{closure}(Object(Illuminate\\Http\\Request))
#16 /Users/marceli.to/Jamon.digital/Webroot/strut.ch/vendor/fideloper/proxy/src/TrustProxies.php(57): Illuminate\\Routing\\Pipeline->Illuminate\\Routing\\{closure}(Object(Illuminate\\Http\\Request))
#17 /Users/marceli.to/Jamon.digital/Webroot/strut.ch/vendor/laravel/framework/src/Illuminate/Pipeline/Pipeline.php(163): Fideloper\\Proxy\\TrustProxies->handle(Object(Illuminate\\Http\\Request), Object(Closure))
#18 /Users/marceli.to/Jamon.digital/Webroot/strut.ch/vendor/laravel/framework/src/Illuminate/Routing/Pipeline.php(53): Illuminate\\Pipeline\\Pipeline->Illuminate\\Pipeline\\{closure}(Object(Illuminate\\Http\\Request))
#19 /Users/marceli.to/Jamon.digital/Webroot/strut.ch/vendor/laravel/framework/src/Illuminate/Foundation/Http/Middleware/TransformsRequest.php(21): Illuminate\\Routing\\Pipeline->Illuminate\\Routing\\{closure}(Object(Illuminate\\Http\\Request))
#20 /Users/marceli.to/Jamon.digital/Webroot/strut.ch/vendor/laravel/framework/src/Illuminate/Pipeline/Pipeline.php(163): Illuminate\\Foundation\\Http\\Middleware\\TransformsRequest->handle(Object(Illuminate\\Http\\Request), Object(Closure))
#21 /Users/marceli.to/Jamon.digital/Webroot/strut.ch/vendor/laravel/framework/src/Illuminate/Routing/Pipeline.php(53): Illuminate\\Pipeline\\Pipeline->Illuminate\\Pipeline\\{closure}(Object(Illuminate\\Http\\Request))
#22 /Users/marceli.to/Jamon.digital/Webroot/strut.ch/vendor/laravel/framework/src/Illuminate/Foundation/Http/Middleware/TransformsRequest.php(21): Illuminate\\Routing\\Pipeline->Illuminate\\Routing\\{closure}(Object(Illuminate\\Http\\Request))
#23 /Users/marceli.to/Jamon.digital/Webroot/strut.ch/vendor/laravel/framework/src/Illuminate/Pipeline/Pipeline.php(163): Illuminate\\Foundation\\Http\\Middleware\\TransformsRequest->handle(Object(Illuminate\\Http\\Request), Object(Closure))
#24 /Users/marceli.to/Jamon.digital/Webroot/strut.ch/vendor/laravel/framework/src/Illuminate/Routing/Pipeline.php(53): Illuminate\\Pipeline\\Pipeline->Illuminate\\Pipeline\\{closure}(Object(Illuminate\\Http\\Request))
#25 /Users/marceli.to/Jamon.digital/Webroot/strut.ch/vendor/laravel/framework/src/Illuminate/Foundation/Http/Middleware/ValidatePostSize.php(27): Illuminate\\Routing\\Pipeline->Illuminate\\Routing\\{closure}(Object(Illuminate\\Http\\Request))
#26 /Users/marceli.to/Jamon.digital/Webroot/strut.ch/vendor/laravel/framework/src/Illuminate/Pipeline/Pipeline.php(163): Illuminate\\Foundation\\Http\\Middleware\\ValidatePostSize->handle(Object(Illuminate\\Http\\Request), Object(Closure))
#27 /Users/marceli.to/Jamon.digital/Webroot/strut.ch/vendor/laravel/framework/src/Illuminate/Routing/Pipeline.php(53): Illuminate\\Pipeline\\Pipeline->Illuminate\\Pipeline\\{closure}(Object(Illuminate\\Http\\Request))
#28 /Users/marceli.to/Jamon.digital/Webroot/strut.ch/vendor/laravel/framework/src/Illuminate/Foundation/Http/Middleware/CheckForMaintenanceMode.php(62): Illuminate\\Routing\\Pipeline->Illuminate\\Routing\\{closure}(Object(Illuminate\\Http\\Request))
#29 /Users/marceli.to/Jamon.digital/Webroot/strut.ch/vendor/laravel/framework/src/Illuminate/Pipeline/Pipeline.php(163): Illuminate\\Foundation\\Http\\Middleware\\CheckForMaintenanceMode->handle(Object(Illuminate\\Http\\Request), Object(Closure))
#30 /Users/marceli.to/Jamon.digital/Webroot/strut.ch/vendor/laravel/framework/src/Illuminate/Routing/Pipeline.php(53): Illuminate\\Pipeline\\Pipeline->Illuminate\\Pipeline\\{closure}(Object(Illuminate\\Http\\Request))
#31 /Users/marceli.to/Jamon.digital/Webroot/strut.ch/vendor/laravel/framework/src/Illuminate/Pipeline/Pipeline.php(104): Illuminate\\Routing\\Pipeline->Illuminate\\Routing\\{closure}(Object(Illuminate\\Http\\Request))
#32 /Users/marceli.to/Jamon.digital/Webroot/strut.ch/vendor/laravel/framework/src/Illuminate/Foundation/Http/Kernel.php(151): Illuminate\\Pipeline\\Pipeline->then(Object(Closure))
#33 /Users/marceli.to/Jamon.digital/Webroot/strut.ch/vendor/laravel/framework/src/Illuminate/Foundation/Http/Kernel.php(116): Illuminate\\Foundation\\Http\\Kernel->sendRequestThroughRouter(Object(Illuminate\\Http\\Request))
#34 /Users/marceli.to/Jamon.digital/Webroot/strut.ch/public/index.php(55): Illuminate\\Foundation\\Http\\Kernel->handle(Object(Illuminate\\Http\\Request))
#35 {main}
"} 
[2019-12-18 11:53:49] local.ERROR: Argument 1 passed to Illuminate\Cookie\Middleware\EncryptCookies::encrypt() must be an instance of Symfony\Component\HttpFoundation\Response, null given, called in /Users/marceli.to/Jamon.digital/Webroot/strut.ch/vendor/laravel/framework/src/Illuminate/Cookie/Middleware/EncryptCookies.php on line 66 {"exception":"[object] (Symfony\\Component\\Debug\\Exception\\FatalThrowableError(code: 0): Argument 1 passed to Illuminate\\Cookie\\Middleware\\EncryptCookies::encrypt() must be an instance of Symfony\\Component\\HttpFoundation\\Response, null given, called in /Users/marceli.to/Jamon.digital/Webroot/strut.ch/vendor/laravel/framework/src/Illuminate/Cookie/Middleware/EncryptCookies.php on line 66 at /Users/marceli.to/Jamon.digital/Webroot/strut.ch/vendor/laravel/framework/src/Illuminate/Cookie/Middleware/EncryptCookies.php:131)
[stacktrace]
#0 /Users/marceli.to/Jamon.digital/Webroot/strut.ch/vendor/laravel/framework/src/Illuminate/Cookie/Middleware/EncryptCookies.php(66): Illuminate\\Cookie\\Middleware\\EncryptCookies->encrypt(NULL)
#1 /Users/marceli.to/Jamon.digital/Webroot/strut.ch/vendor/laravel/framework/src/Illuminate/Pipeline/Pipeline.php(163): Illuminate\\Cookie\\Middleware\\EncryptCookies->handle(Object(Illuminate\\Http\\Request), Object(Closure))
#2 /Users/marceli.to/Jamon.digital/Webroot/strut.ch/vendor/laravel/framework/src/Illuminate/Routing/Pipeline.php(53): Illuminate\\Pipeline\\Pipeline->Illuminate\\Pipeline\\{closure}(Object(Illuminate\\Http\\Request))
#3 /Users/marceli.to/Jamon.digital/Webroot/strut.ch/vendor/laravel/framework/src/Illuminate/Pipeline/Pipeline.php(104): Illuminate\\Routing\\Pipeline->Illuminate\\Routing\\{closure}(Object(Illuminate\\Http\\Request))
#4 /Users/marceli.to/Jamon.digital/Webroot/strut.ch/vendor/laravel/framework/src/Illuminate/Routing/Router.php(682): Illuminate\\Pipeline\\Pipeline->then(Object(Closure))
#5 /Users/marceli.to/Jamon.digital/Webroot/strut.ch/vendor/laravel/framework/src/Illuminate/Routing/Router.php(657): Illuminate\\Routing\\Router->runRouteWithinStack(Object(Illuminate\\Routing\\Route), Object(Illuminate\\Http\\Request))
#6 /Users/marceli.to/Jamon.digital/Webroot/strut.ch/vendor/laravel/framework/src/Illuminate/Routing/Router.php(623): Illuminate\\Routing\\Router->runRoute(Object(Illuminate\\Http\\Request), Object(Illuminate\\Routing\\Route))
#7 /Users/marceli.to/Jamon.digital/Webroot/strut.ch/vendor/laravel/framework/src/Illuminate/Routing/Router.php(612): Illuminate\\Routing\\Router->dispatchToRoute(Object(Illuminate\\Http\\Request))
#8 /Users/marceli.to/Jamon.digital/Webroot/strut.ch/vendor/laravel/framework/src/Illuminate/Foundation/Http/Kernel.php(176): Illuminate\\Routing\\Router->dispatch(Object(Illuminate\\Http\\Request))
#9 /Users/marceli.to/Jamon.digital/Webroot/strut.ch/vendor/laravel/framework/src/Illuminate/Routing/Pipeline.php(30): Illuminate\\Foundation\\Http\\Kernel->Illuminate\\Foundation\\Http\\{closure}(Object(Illuminate\\Http\\Request))
#10 /Users/marceli.to/Jamon.digital/Webroot/strut.ch/vendor/fideloper/proxy/src/TrustProxies.php(57): Illuminate\\Routing\\Pipeline->Illuminate\\Routing\\{closure}(Object(Illuminate\\Http\\Request))
#11 /Users/marceli.to/Jamon.digital/Webroot/strut.ch/vendor/laravel/framework/src/Illuminate/Pipeline/Pipeline.php(163): Fideloper\\Proxy\\TrustProxies->handle(Object(Illuminate\\Http\\Request), Object(Closure))
#12 /Users/marceli.to/Jamon.digital/Webroot/strut.ch/vendor/laravel/framework/src/Illuminate/Routing/Pipeline.php(53): Illuminate\\Pipeline\\Pipeline->Illuminate\\Pipeline\\{closure}(Object(Illuminate\\Http\\Request))
#13 /Users/marceli.to/Jamon.digital/Webroot/strut.ch/vendor/laravel/framework/src/Illuminate/Foundation/Http/Middleware/TransformsRequest.php(21): Illuminate\\Routing\\Pipeline->Illuminate\\Routing\\{closure}(Object(Illuminate\\Http\\Request))
#14 /Users/marceli.to/Jamon.digital/Webroot/strut.ch/vendor/laravel/framework/src/Illuminate/Pipeline/Pipeline.php(163): Illuminate\\Foundation\\Http\\Middleware\\TransformsRequest->handle(Object(Illuminate\\Http\\Request), Object(Closure))
#15 /Users/marceli.to/Jamon.digital/Webroot/strut.ch/vendor/laravel/framework/src/Illuminate/Routing/Pipeline.php(53): Illuminate\\Pipeline\\Pipeline->Illuminate\\Pipeline\\{closure}(Object(Illuminate\\Http\\Request))
#16 /Users/marceli.to/Jamon.digital/Webroot/strut.ch/vendor/laravel/framework/src/Illuminate/Foundation/Http/Middleware/TransformsRequest.php(21): Illuminate\\Routing\\Pipeline->Illuminate\\Routing\\{closure}(Object(Illuminate\\Http\\Request))
#17 /Users/marceli.to/Jamon.digital/Webroot/strut.ch/vendor/laravel/framework/src/Illuminate/Pipeline/Pipeline.php(163): Illuminate\\Foundation\\Http\\Middleware\\TransformsRequest->handle(Object(Illuminate\\Http\\Request), Object(Closure))
#18 /Users/marceli.to/Jamon.digital/Webroot/strut.ch/vendor/laravel/framework/src/Illuminate/Routing/Pipeline.php(53): Illuminate\\Pipeline\\Pipeline->Illuminate\\Pipeline\\{closure}(Object(Illuminate\\Http\\Request))
#19 /Users/marceli.to/Jamon.digital/Webroot/strut.ch/vendor/laravel/framework/src/Illuminate/Foundation/Http/Middleware/ValidatePostSize.php(27): Illuminate\\Routing\\Pipeline->Illuminate\\Routing\\{closure}(Object(Illuminate\\Http\\Request))
#20 /Users/marceli.to/Jamon.digital/Webroot/strut.ch/vendor/laravel/framework/src/Illuminate/Pipeline/Pipeline.php(163): Illuminate\\Foundation\\Http\\Middleware\\ValidatePostSize->handle(Object(Illuminate\\Http\\Request), Object(Closure))
#21 /Users/marceli.to/Jamon.digital/Webroot/strut.ch/vendor/laravel/framework/src/Illuminate/Routing/Pipeline.php(53): Illuminate\\Pipeline\\Pipeline->Illuminate\\Pipeline\\{closure}(Object(Illuminate\\Http\\Request))
#22 /Users/marceli.to/Jamon.digital/Webroot/strut.ch/vendor/laravel/framework/src/Illuminate/Foundation/Http/Middleware/CheckForMaintenanceMode.php(62): Illuminate\\Routing\\Pipeline->Illuminate\\Routing\\{closure}(Object(Illuminate\\Http\\Request))
#23 /Users/marceli.to/Jamon.digital/Webroot/strut.ch/vendor/laravel/framework/src/Illuminate/Pipeline/Pipeline.php(163): Illuminate\\Foundation\\Http\\Middleware\\CheckForMaintenanceMode->handle(Object(Illuminate\\Http\\Request), Object(Closure))
#24 /Users/marceli.to/Jamon.digital/Webroot/strut.ch/vendor/laravel/framework/src/Illuminate/Routing/Pipeline.php(53): Illuminate\\Pipeline\\Pipeline->Illuminate\\Pipeline\\{closure}(Object(Illuminate\\Http\\Request))
#25 /Users/marceli.to/Jamon.digital/Webroot/strut.ch/vendor/laravel/framework/src/Illuminate/Pipeline/Pipeline.php(104): Illuminate\\Routing\\Pipeline->Illuminate\\Routing\\{closure}(Object(Illuminate\\Http\\Request))
#26 /Users/marceli.to/Jamon.digital/Webroot/strut.ch/vendor/laravel/framework/src/Illuminate/Foundation/Http/Kernel.php(151): Illuminate\\Pipeline\\Pipeline->then(Object(Closure))
#27 /Users/marceli.to/Jamon.digital/Webroot/strut.ch/vendor/laravel/framework/src/Illuminate/Foundation/Http/Kernel.php(116): Illuminate\\Foundation\\Http\\Kernel->sendRequestThroughRouter(Object(Illuminate\\Http\\Request))
#28 /Users/marceli.to/Jamon.digital/Webroot/strut.ch/public/index.php(55): Illuminate\\Foundation\\Http\\Kernel->handle(Object(Illuminate\\Http\\Request))
#29 {main}
"} 
[2019-12-18 11:57:48] local.ERROR: SQLSTATE[42S22]: Column not found: 1054 Unknown column 'year' in 'order clause' (SQL: select * from `categories` where `publish` = 1 order by `year` asc) {"exception":"[object] (Illuminate\\Database\\QueryException(code: 42S22): SQLSTATE[42S22]: Column not found: 1054 Unknown column 'year' in 'order clause' (SQL: select * from `categories` where `publish` = 1 order by `year` asc) at /Users/marceli.to/Jamon.digital/Webroot/strut.ch/vendor/laravel/framework/src/Illuminate/Database/Connection.php:664, PDOException(code: 42S22): SQLSTATE[42S22]: Column not found: 1054 Unknown column 'year' in 'order clause' at /Users/marceli.to/Jamon.digital/Webroot/strut.ch/vendor/laravel/framework/src/Illuminate/Database/Connection.php:326)
[stacktrace]
#0 /Users/marceli.to/Jamon.digital/Webroot/strut.ch/vendor/laravel/framework/src/Illuminate/Database/Connection.php(624): Illuminate\\Database\\Connection->runQueryCallback('select * from `...', Array, Object(Closure))
#1 /Users/marceli.to/Jamon.digital/Webroot/strut.ch/vendor/laravel/framework/src/Illuminate/Database/Connection.php(333): Illuminate\\Database\\Connection->run('select * from `...', Array, Object(Closure))
#2 /Users/marceli.to/Jamon.digital/Webroot/strut.ch/vendor/laravel/framework/src/Illuminate/Database/Query/Builder.php(2130): Illuminate\\Database\\Connection->select('select * from `...', Array, true)
#3 /Users/marceli.to/Jamon.digital/Webroot/strut.ch/vendor/laravel/framework/src/Illuminate/Database/Query/Builder.php(2118): Illuminate\\Database\\Query\\Builder->runSelect()
#4 /Users/marceli.to/Jamon.digital/Webroot/strut.ch/vendor/laravel/framework/src/Illuminate/Database/Query/Builder.php(2604): Illuminate\\Database\\Query\\Builder->Illuminate\\Database\\Query\\{closure}()
#5 /Users/marceli.to/Jamon.digital/Webroot/strut.ch/vendor/laravel/framework/src/Illuminate/Database/Query/Builder.php(2119): Illuminate\\Database\\Query\\Builder->onceWithColumns(Array, Object(Closure))
#6 /Users/marceli.to/Jamon.digital/Webroot/strut.ch/vendor/laravel/framework/src/Illuminate/Database/Eloquent/Builder.php(521): Illuminate\\Database\\Query\\Builder->get(Array)
#7 /Users/marceli.to/Jamon.digital/Webroot/strut.ch/vendor/laravel/framework/src/Illuminate/Database/Eloquent/Builder.php(505): Illuminate\\Database\\Eloquent\\Builder->getModels(Array)
#8 /Users/marceli.to/Jamon.digital/Webroot/strut.ch/app/Http/Controllers/Frontend/WorksController.php(92): Illuminate\\Database\\Eloquent\\Builder->get()
#9 [internal function]: App\\Http\\Controllers\\Frontend\\WorksController->byType()
#10 /Users/marceli.to/Jamon.digital/Webroot/strut.ch/vendor/laravel/framework/src/Illuminate/Routing/Controller.php(54): call_user_func_array(Array, Array)
#11 /Users/marceli.to/Jamon.digital/Webroot/strut.ch/vendor/laravel/framework/src/Illuminate/Routing/ControllerDispatcher.php(45): Illuminate\\Routing\\Controller->callAction('byType', Array)
#12 /Users/marceli.to/Jamon.digital/Webroot/strut.ch/vendor/laravel/framework/src/Illuminate/Routing/Route.php(219): Illuminate\\Routing\\ControllerDispatcher->dispatch(Object(Illuminate\\Routing\\Route), Object(App\\Http\\Controllers\\Frontend\\WorksController), 'byType')
#13 /Users/marceli.to/Jamon.digital/Webroot/strut.ch/vendor/laravel/framework/src/Illuminate/Routing/Route.php(176): Illuminate\\Routing\\Route->runController()
#14 /Users/marceli.to/Jamon.digital/Webroot/strut.ch/vendor/laravel/framework/src/Illuminate/Routing/Router.php(680): Illuminate\\Routing\\Route->run()
#15 /Users/marceli.to/Jamon.digital/Webroot/strut.ch/vendor/laravel/framework/src/Illuminate/Routing/Pipeline.php(30): Illuminate\\Routing\\Router->Illuminate\\Routing\\{closure}(Object(Illuminate\\Http\\Request))
#16 /Users/marceli.to/Jamon.digital/Webroot/strut.ch/vendor/laravel/framework/src/Illuminate/Routing/Middleware/SubstituteBindings.php(41): Illuminate\\Routing\\Pipeline->Illuminate\\Routing\\{closure}(Object(Illuminate\\Http\\Request))
#17 /Users/marceli.to/Jamon.digital/Webroot/strut.ch/vendor/laravel/framework/src/Illuminate/Pipeline/Pipeline.php(163): Illuminate\\Routing\\Middleware\\SubstituteBindings->handle(Object(Illuminate\\Http\\Request), Object(Closure))
#18 /Users/marceli.to/Jamon.digital/Webroot/strut.ch/vendor/laravel/framework/src/Illuminate/Routing/Pipeline.php(53): Illuminate\\Pipeline\\Pipeline->Illuminate\\Pipeline\\{closure}(Object(Illuminate\\Http\\Request))
#19 /Users/marceli.to/Jamon.digital/Webroot/strut.ch/vendor/laravel/framework/src/Illuminate/Foundation/Http/Middleware/VerifyCsrfToken.php(75): Illuminate\\Routing\\Pipeline->Illuminate\\Routing\\{closure}(Object(Illuminate\\Http\\Request))
#20 /Users/marceli.to/Jamon.digital/Webroot/strut.ch/vendor/laravel/framework/src/Illuminate/Pipeline/Pipeline.php(163): Illuminate\\Foundation\\Http\\Middleware\\VerifyCsrfToken->handle(Object(Illuminate\\Http\\Request), Object(Closure))
#21 /Users/marceli.to/Jamon.digital/Webroot/strut.ch/vendor/laravel/framework/src/Illuminate/Routing/Pipeline.php(53): Illuminate\\Pipeline\\Pipeline->Illuminate\\Pipeline\\{closure}(Object(Illuminate\\Http\\Request))
#22 /Users/marceli.to/Jamon.digital/Webroot/strut.ch/vendor/laravel/framework/src/Illuminate/View/Middleware/ShareErrorsFromSession.php(49): Illuminate\\Routing\\Pipeline->Illuminate\\Routing\\{closure}(Object(Illuminate\\Http\\Request))
#23 /Users/marceli.to/Jamon.digital/Webroot/strut.ch/vendor/laravel/framework/src/Illuminate/Pipeline/Pipeline.php(163): Illuminate\\View\\Middleware\\ShareErrorsFromSession->handle(Object(Illuminate\\Http\\Request), Object(Closure))
#24 /Users/marceli.to/Jamon.digital/Webroot/strut.ch/vendor/laravel/framework/src/Illuminate/Routing/Pipeline.php(53): Illuminate\\Pipeline\\Pipeline->Illuminate\\Pipeline\\{closure}(Object(Illuminate\\Http\\Request))
#25 /Users/marceli.to/Jamon.digital/Webroot/strut.ch/vendor/laravel/framework/src/Illuminate/Session/Middleware/StartSession.php(56): Illuminate\\Routing\\Pipeline->Illuminate\\Routing\\{closure}(Object(Illuminate\\Http\\Request))
#26 /Users/marceli.to/Jamon.digital/Webroot/strut.ch/vendor/laravel/framework/src/Illuminate/Pipeline/Pipeline.php(163): Illuminate\\Session\\Middleware\\StartSession->handle(Object(Illuminate\\Http\\Request), Object(Closure))
#27 /Users/marceli.to/Jamon.digital/Webroot/strut.ch/vendor/laravel/framework/src/Illuminate/Routing/Pipeline.php(53): Illuminate\\Pipeline\\Pipeline->Illuminate\\Pipeline\\{closure}(Object(Illuminate\\Http\\Request))
#28 /Users/marceli.to/Jamon.digital/Webroot/strut.ch/vendor/laravel/framework/src/Illuminate/Cookie/Middleware/AddQueuedCookiesToResponse.php(37): Illuminate\\Routing\\Pipeline->Illuminate\\Routing\\{closure}(Object(Illuminate\\Http\\Request))
#29 /Users/marceli.to/Jamon.digital/Webroot/strut.ch/vendor/laravel/framework/src/Illuminate/Pipeline/Pipeline.php(163): Illuminate\\Cookie\\Middleware\\AddQueuedCookiesToResponse->handle(Object(Illuminate\\Http\\Request), Object(Closure))
#30 /Users/marceli.to/Jamon.digital/Webroot/strut.ch/vendor/laravel/framework/src/Illuminate/Routing/Pipeline.php(53): Illuminate\\Pipeline\\Pipeline->Illuminate\\Pipeline\\{closure}(Object(Illuminate\\Http\\Request))
#31 /Users/marceli.to/Jamon.digital/Webroot/strut.ch/vendor/laravel/framework/src/Illuminate/Cookie/Middleware/EncryptCookies.php(66): Illuminate\\Routing\\Pipeline->Illuminate\\Routing\\{closure}(Object(Illuminate\\Http\\Request))
#32 /Users/marceli.to/Jamon.digital/Webroot/strut.ch/vendor/laravel/framework/src/Illuminate/Pipeline/Pipeline.php(163): Illuminate\\Cookie\\Middleware\\EncryptCookies->handle(Object(Illuminate\\Http\\Request), Object(Closure))
#33 /Users/marceli.to/Jamon.digital/Webroot/strut.ch/vendor/laravel/framework/src/Illuminate/Routing/Pipeline.php(53): Illuminate\\Pipeline\\Pipeline->Illuminate\\Pipeline\\{closure}(Object(Illuminate\\Http\\Request))
#34 /Users/marceli.to/Jamon.digital/Webroot/strut.ch/vendor/laravel/framework/src/Illuminate/Pipeline/Pipeline.php(104): Illuminate\\Routing\\Pipeline->Illuminate\\Routing\\{closure}(Object(Illuminate\\Http\\Request))
#35 /Users/marceli.to/Jamon.digital/Webroot/strut.ch/vendor/laravel/framework/src/Illuminate/Routing/Router.php(682): Illuminate\\Pipeline\\Pipeline->then(Object(Closure))
#36 /Users/marceli.to/Jamon.digital/Webroot/strut.ch/vendor/laravel/framework/src/Illuminate/Routing/Router.php(657): Illuminate\\Routing\\Router->runRouteWithinStack(Object(Illuminate\\Routing\\Route), Object(Illuminate\\Http\\Request))
#37 /Users/marceli.to/Jamon.digital/Webroot/strut.ch/vendor/laravel/framework/src/Illuminate/Routing/Router.php(623): Illuminate\\Routing\\Router->runRoute(Object(Illuminate\\Http\\Request), Object(Illuminate\\Routing\\Route))
#38 /Users/marceli.to/Jamon.digital/Webroot/strut.ch/vendor/laravel/framework/src/Illuminate/Routing/Router.php(612): Illuminate\\Routing\\Router->dispatchToRoute(Object(Illuminate\\Http\\Request))
#39 /Users/marceli.to/Jamon.digital/Webroot/strut.ch/vendor/laravel/framework/src/Illuminate/Foundation/Http/Kernel.php(176): Illuminate\\Routing\\Router->dispatch(Object(Illuminate\\Http\\Request))
#40 /Users/marceli.to/Jamon.digital/Webroot/strut.ch/vendor/laravel/framework/src/Illuminate/Routing/Pipeline.php(30): Illuminate\\Foundation\\Http\\Kernel->Illuminate\\Foundation\\Http\\{closure}(Object(Illuminate\\Http\\Request))
#41 /Users/marceli.to/Jamon.digital/Webroot/strut.ch/vendor/fideloper/proxy/src/TrustProxies.php(57): Illuminate\\Routing\\Pipeline->Illuminate\\Routing\\{closure}(Object(Illuminate\\Http\\Request))
#42 /Users/marceli.to/Jamon.digital/Webroot/strut.ch/vendor/laravel/framework/src/Illuminate/Pipeline/Pipeline.php(163): Fideloper\\Proxy\\TrustProxies->handle(Object(Illuminate\\Http\\Request), Object(Closure))
#43 /Users/marceli.to/Jamon.digital/Webroot/strut.ch/vendor/laravel/framework/src/Illuminate/Routing/Pipeline.php(53): Illuminate\\Pipeline\\Pipeline->Illuminate\\Pipeline\\{closure}(Object(Illuminate\\Http\\Request))
#44 /Users/marceli.to/Jamon.digital/Webroot/strut.ch/vendor/laravel/framework/src/Illuminate/Foundation/Http/Middleware/TransformsRequest.php(21): Illuminate\\Routing\\Pipeline->Illuminate\\Routing\\{closure}(Object(Illuminate\\Http\\Request))
#45 /Users/marceli.to/Jamon.digital/Webroot/strut.ch/vendor/laravel/framework/src/Illuminate/Pipeline/Pipeline.php(163): Illuminate\\Foundation\\Http\\Middleware\\TransformsRequest->handle(Object(Illuminate\\Http\\Request), Object(Closure))
#46 /Users/marceli.to/Jamon.digital/Webroot/strut.ch/vendor/laravel/framework/src/Illuminate/Routing/Pipeline.php(53): Illuminate\\Pipeline\\Pipeline->Illuminate\\Pipeline\\{closure}(Object(Illuminate\\Http\\Request))
#47 /Users/marceli.to/Jamon.digital/Webroot/strut.ch/vendor/laravel/framework/src/Illuminate/Foundation/Http/Middleware/TransformsRequest.php(21): Illuminate\\Routing\\Pipeline->Illuminate\\Routing\\{closure}(Object(Illuminate\\Http\\Request))
#48 /Users/marceli.to/Jamon.digital/Webroot/strut.ch/vendor/laravel/framework/src/Illuminate/Pipeline/Pipeline.php(163): Illuminate\\Foundation\\Http\\Middleware\\TransformsRequest->handle(Object(Illuminate\\Http\\Request), Object(Closure))
#49 /Users/marceli.to/Jamon.digital/Webroot/strut.ch/vendor/laravel/framework/src/Illuminate/Routing/Pipeline.php(53): Illuminate\\Pipeline\\Pipeline->Illuminate\\Pipeline\\{closure}(Object(Illuminate\\Http\\Request))
#50 /Users/marceli.to/Jamon.digital/Webroot/strut.ch/vendor/laravel/framework/src/Illuminate/Foundation/Http/Middleware/ValidatePostSize.php(27): Illuminate\\Routing\\Pipeline->Illuminate\\Routing\\{closure}(Object(Illuminate\\Http\\Request))
#51 /Users/marceli.to/Jamon.digital/Webroot/strut.ch/vendor/laravel/framework/src/Illuminate/Pipeline/Pipeline.php(163): Illuminate\\Foundation\\Http\\Middleware\\ValidatePostSize->handle(Object(Illuminate\\Http\\Request), Object(Closure))
#52 /Users/marceli.to/Jamon.digital/Webroot/strut.ch/vendor/laravel/framework/src/Illuminate/Routing/Pipeline.php(53): Illuminate\\Pipeline\\Pipeline->Illuminate\\Pipeline\\{closure}(Object(Illuminate\\Http\\Request))
#53 /Users/marceli.to/Jamon.digital/Webroot/strut.ch/vendor/laravel/framework/src/Illuminate/Foundation/Http/Middleware/CheckForMaintenanceMode.php(62): Illuminate\\Routing\\Pipeline->Illuminate\\Routing\\{closure}(Object(Illuminate\\Http\\Request))
#54 /Users/marceli.to/Jamon.digital/Webroot/strut.ch/vendor/laravel/framework/src/Illuminate/Pipeline/Pipeline.php(163): Illuminate\\Foundation\\Http\\Middleware\\CheckForMaintenanceMode->handle(Object(Illuminate\\Http\\Request), Object(Closure))
#55 /Users/marceli.to/Jamon.digital/Webroot/strut.ch/vendor/laravel/framework/src/Illuminate/Routing/Pipeline.php(53): Illuminate\\Pipeline\\Pipeline->Illuminate\\Pipeline\\{closure}(Object(Illuminate\\Http\\Request))
#56 /Users/marceli.to/Jamon.digital/Webroot/strut.ch/vendor/laravel/framework/src/Illuminate/Pipeline/Pipeline.php(104): Illuminate\\Routing\\Pipeline->Illuminate\\Routing\\{closure}(Object(Illuminate\\Http\\Request))
#57 /Users/marceli.to/Jamon.digital/Webroot/strut.ch/vendor/laravel/framework/src/Illuminate/Foundation/Http/Kernel.php(151): Illuminate\\Pipeline\\Pipeline->then(Object(Closure))
#58 /Users/marceli.to/Jamon.digital/Webroot/strut.ch/vendor/laravel/framework/src/Illuminate/Foundation/Http/Kernel.php(116): Illuminate\\Foundation\\Http\\Kernel->sendRequestThroughRouter(Object(Illuminate\\Http\\Request))
#59 /Users/marceli.to/Jamon.digital/Webroot/strut.ch/public/index.php(55): Illuminate\\Foundation\\Http\\Kernel->handle(Object(Illuminate\\Http\\Request))
#60 {main}
"} 
[2019-12-18 11:57:48] local.ERROR: Trying to get property 'headers' of non-object {"exception":"[object] (ErrorException(code: 0): Trying to get property 'headers' of non-object at /Users/marceli.to/Jamon.digital/Webroot/strut.ch/vendor/laravel/framework/src/Illuminate/Foundation/Http/Middleware/VerifyCsrfToken.php:180)
[stacktrace]
#0 /Users/marceli.to/Jamon.digital/Webroot/strut.ch/vendor/laravel/framework/src/Illuminate/Foundation/Http/Middleware/VerifyCsrfToken.php(180): Illuminate\\Foundation\\Bootstrap\\HandleExceptions->handleError(8, 'Trying to get p...', '/Users/marceli....', 180, Array)
#1 /Users/marceli.to/Jamon.digital/Webroot/strut.ch/vendor/laravel/framework/src/Illuminate/Foundation/Http/Middleware/VerifyCsrfToken.php(77): Illuminate\\Foundation\\Http\\Middleware\\VerifyCsrfToken->addCookieToResponse(Object(Illuminate\\Http\\Request), NULL)
#2 /Users/marceli.to/Jamon.digital/Webroot/strut.ch/vendor/laravel/framework/src/Illuminate/Support/helpers.php(1124): Illuminate\\Foundation\\Http\\Middleware\\VerifyCsrfToken->Illuminate\\Foundation\\Http\\Middleware\\{closure}(NULL)
#3 /Users/marceli.to/Jamon.digital/Webroot/strut.ch/vendor/laravel/framework/src/Illuminate/Foundation/Http/Middleware/VerifyCsrfToken.php(79): tap(NULL, Object(Closure))
#4 /Users/marceli.to/Jamon.digital/Webroot/strut.ch/vendor/laravel/framework/src/Illuminate/Pipeline/Pipeline.php(163): Illuminate\\Foundation\\Http\\Middleware\\VerifyCsrfToken->handle(Object(Illuminate\\Http\\Request), Object(Closure))
#5 /Users/marceli.to/Jamon.digital/Webroot/strut.ch/vendor/laravel/framework/src/Illuminate/Routing/Pipeline.php(53): Illuminate\\Pipeline\\Pipeline->Illuminate\\Pipeline\\{closure}(Object(Illuminate\\Http\\Request))
#6 /Users/marceli.to/Jamon.digital/Webroot/strut.ch/vendor/laravel/framework/src/Illuminate/View/Middleware/ShareErrorsFromSession.php(49): Illuminate\\Routing\\Pipeline->Illuminate\\Routing\\{closure}(Object(Illuminate\\Http\\Request))
#7 /Users/marceli.to/Jamon.digital/Webroot/strut.ch/vendor/laravel/framework/src/Illuminate/Pipeline/Pipeline.php(163): Illuminate\\View\\Middleware\\ShareErrorsFromSession->handle(Object(Illuminate\\Http\\Request), Object(Closure))
#8 /Users/marceli.to/Jamon.digital/Webroot/strut.ch/vendor/laravel/framework/src/Illuminate/Routing/Pipeline.php(53): Illuminate\\Pipeline\\Pipeline->Illuminate\\Pipeline\\{closure}(Object(Illuminate\\Http\\Request))
#9 /Users/marceli.to/Jamon.digital/Webroot/strut.ch/vendor/laravel/framework/src/Illuminate/Session/Middleware/StartSession.php(56): Illuminate\\Routing\\Pipeline->Illuminate\\Routing\\{closure}(Object(Illuminate\\Http\\Request))
#10 /Users/marceli.to/Jamon.digital/Webroot/strut.ch/vendor/laravel/framework/src/Illuminate/Pipeline/Pipeline.php(163): Illuminate\\Session\\Middleware\\StartSession->handle(Object(Illuminate\\Http\\Request), Object(Closure))
#11 /Users/marceli.to/Jamon.digital/Webroot/strut.ch/vendor/laravel/framework/src/Illuminate/Routing/Pipeline.php(53): Illuminate\\Pipeline\\Pipeline->Illuminate\\Pipeline\\{closure}(Object(Illuminate\\Http\\Request))
#12 /Users/marceli.to/Jamon.digital/Webroot/strut.ch/vendor/laravel/framework/src/Illuminate/Cookie/Middleware/AddQueuedCookiesToResponse.php(37): Illuminate\\Routing\\Pipeline->Illuminate\\Routing\\{closure}(Object(Illuminate\\Http\\Request))
#13 /Users/marceli.to/Jamon.digital/Webroot/strut.ch/vendor/laravel/framework/src/Illuminate/Pipeline/Pipeline.php(163): Illuminate\\Cookie\\Middleware\\AddQueuedCookiesToResponse->handle(Object(Illuminate\\Http\\Request), Object(Closure))
#14 /Users/marceli.to/Jamon.digital/Webroot/strut.ch/vendor/laravel/framework/src/Illuminate/Routing/Pipeline.php(53): Illuminate\\Pipeline\\Pipeline->Illuminate\\Pipeline\\{closure}(Object(Illuminate\\Http\\Request))
#15 /Users/marceli.to/Jamon.digital/Webroot/strut.ch/vendor/laravel/framework/src/Illuminate/Cookie/Middleware/EncryptCookies.php(66): Illuminate\\Routing\\Pipeline->Illuminate\\Routing\\{closure}(Object(Illuminate\\Http\\Request))
#16 /Users/marceli.to/Jamon.digital/Webroot/strut.ch/vendor/laravel/framework/src/Illuminate/Pipeline/Pipeline.php(163): Illuminate\\Cookie\\Middleware\\EncryptCookies->handle(Object(Illuminate\\Http\\Request), Object(Closure))
#17 /Users/marceli.to/Jamon.digital/Webroot/strut.ch/vendor/laravel/framework/src/Illuminate/Routing/Pipeline.php(53): Illuminate\\Pipeline\\Pipeline->Illuminate\\Pipeline\\{closure}(Object(Illuminate\\Http\\Request))
#18 /Users/marceli.to/Jamon.digital/Webroot/strut.ch/vendor/laravel/framework/src/Illuminate/Pipeline/Pipeline.php(104): Illuminate\\Routing\\Pipeline->Illuminate\\Routing\\{closure}(Object(Illuminate\\Http\\Request))
#19 /Users/marceli.to/Jamon.digital/Webroot/strut.ch/vendor/laravel/framework/src/Illuminate/Routing/Router.php(682): Illuminate\\Pipeline\\Pipeline->then(Object(Closure))
#20 /Users/marceli.to/Jamon.digital/Webroot/strut.ch/vendor/laravel/framework/src/Illuminate/Routing/Router.php(657): Illuminate\\Routing\\Router->runRouteWithinStack(Object(Illuminate\\Routing\\Route), Object(Illuminate\\Http\\Request))
#21 /Users/marceli.to/Jamon.digital/Webroot/strut.ch/vendor/laravel/framework/src/Illuminate/Routing/Router.php(623): Illuminate\\Routing\\Router->runRoute(Object(Illuminate\\Http\\Request), Object(Illuminate\\Routing\\Route))
#22 /Users/marceli.to/Jamon.digital/Webroot/strut.ch/vendor/laravel/framework/src/Illuminate/Routing/Router.php(612): Illuminate\\Routing\\Router->dispatchToRoute(Object(Illuminate\\Http\\Request))
#23 /Users/marceli.to/Jamon.digital/Webroot/strut.ch/vendor/laravel/framework/src/Illuminate/Foundation/Http/Kernel.php(176): Illuminate\\Routing\\Router->dispatch(Object(Illuminate\\Http\\Request))
#24 /Users/marceli.to/Jamon.digital/Webroot/strut.ch/vendor/laravel/framework/src/Illuminate/Routing/Pipeline.php(30): Illuminate\\Foundation\\Http\\Kernel->Illuminate\\Foundation\\Http\\{closure}(Object(Illuminate\\Http\\Request))
#25 /Users/marceli.to/Jamon.digital/Webroot/strut.ch/vendor/fideloper/proxy/src/TrustProxies.php(57): Illuminate\\Routing\\Pipeline->Illuminate\\Routing\\{closure}(Object(Illuminate\\Http\\Request))
#26 /Users/marceli.to/Jamon.digital/Webroot/strut.ch/vendor/laravel/framework/src/Illuminate/Pipeline/Pipeline.php(163): Fideloper\\Proxy\\TrustProxies->handle(Object(Illuminate\\Http\\Request), Object(Closure))
#27 /Users/marceli.to/Jamon.digital/Webroot/strut.ch/vendor/laravel/framework/src/Illuminate/Routing/Pipeline.php(53): Illuminate\\Pipeline\\Pipeline->Illuminate\\Pipeline\\{closure}(Object(Illuminate\\Http\\Request))
#28 /Users/marceli.to/Jamon.digital/Webroot/strut.ch/vendor/laravel/framework/src/Illuminate/Foundation/Http/Middleware/TransformsRequest.php(21): Illuminate\\Routing\\Pipeline->Illuminate\\Routing\\{closure}(Object(Illuminate\\Http\\Request))
#29 /Users/marceli.to/Jamon.digital/Webroot/strut.ch/vendor/laravel/framework/src/Illuminate/Pipeline/Pipeline.php(163): Illuminate\\Foundation\\Http\\Middleware\\TransformsRequest->handle(Object(Illuminate\\Http\\Request), Object(Closure))
#30 /Users/marceli.to/Jamon.digital/Webroot/strut.ch/vendor/laravel/framework/src/Illuminate/Routing/Pipeline.php(53): Illuminate\\Pipeline\\Pipeline->Illuminate\\Pipeline\\{closure}(Object(Illuminate\\Http\\Request))
#31 /Users/marceli.to/Jamon.digital/Webroot/strut.ch/vendor/laravel/framework/src/Illuminate/Foundation/Http/Middleware/TransformsRequest.php(21): Illuminate\\Routing\\Pipeline->Illuminate\\Routing\\{closure}(Object(Illuminate\\Http\\Request))
#32 /Users/marceli.to/Jamon.digital/Webroot/strut.ch/vendor/laravel/framework/src/Illuminate/Pipeline/Pipeline.php(163): Illuminate\\Foundation\\Http\\Middleware\\TransformsRequest->handle(Object(Illuminate\\Http\\Request), Object(Closure))
#33 /Users/marceli.to/Jamon.digital/Webroot/strut.ch/vendor/laravel/framework/src/Illuminate/Routing/Pipeline.php(53): Illuminate\\Pipeline\\Pipeline->Illuminate\\Pipeline\\{closure}(Object(Illuminate\\Http\\Request))
#34 /Users/marceli.to/Jamon.digital/Webroot/strut.ch/vendor/laravel/framework/src/Illuminate/Foundation/Http/Middleware/ValidatePostSize.php(27): Illuminate\\Routing\\Pipeline->Illuminate\\Routing\\{closure}(Object(Illuminate\\Http\\Request))
#35 /Users/marceli.to/Jamon.digital/Webroot/strut.ch/vendor/laravel/framework/src/Illuminate/Pipeline/Pipeline.php(163): Illuminate\\Foundation\\Http\\Middleware\\ValidatePostSize->handle(Object(Illuminate\\Http\\Request), Object(Closure))
#36 /Users/marceli.to/Jamon.digital/Webroot/strut.ch/vendor/laravel/framework/src/Illuminate/Routing/Pipeline.php(53): Illuminate\\Pipeline\\Pipeline->Illuminate\\Pipeline\\{closure}(Object(Illuminate\\Http\\Request))
#37 /Users/marceli.to/Jamon.digital/Webroot/strut.ch/vendor/laravel/framework/src/Illuminate/Foundation/Http/Middleware/CheckForMaintenanceMode.php(62): Illuminate\\Routing\\Pipeline->Illuminate\\Routing\\{closure}(Object(Illuminate\\Http\\Request))
#38 /Users/marceli.to/Jamon.digital/Webroot/strut.ch/vendor/laravel/framework/src/Illuminate/Pipeline/Pipeline.php(163): Illuminate\\Foundation\\Http\\Middleware\\CheckForMaintenanceMode->handle(Object(Illuminate\\Http\\Request), Object(Closure))
#39 /Users/marceli.to/Jamon.digital/Webroot/strut.ch/vendor/laravel/framework/src/Illuminate/Routing/Pipeline.php(53): Illuminate\\Pipeline\\Pipeline->Illuminate\\Pipeline\\{closure}(Object(Illuminate\\Http\\Request))
#40 /Users/marceli.to/Jamon.digital/Webroot/strut.ch/vendor/laravel/framework/src/Illuminate/Pipeline/Pipeline.php(104): Illuminate\\Routing\\Pipeline->Illuminate\\Routing\\{closure}(Object(Illuminate\\Http\\Request))
#41 /Users/marceli.to/Jamon.digital/Webroot/strut.ch/vendor/laravel/framework/src/Illuminate/Foundation/Http/Kernel.php(151): Illuminate\\Pipeline\\Pipeline->then(Object(Closure))
#42 /Users/marceli.to/Jamon.digital/Webroot/strut.ch/vendor/laravel/framework/src/Illuminate/Foundation/Http/Kernel.php(116): Illuminate\\Foundation\\Http\\Kernel->sendRequestThroughRouter(Object(Illuminate\\Http\\Request))
#43 /Users/marceli.to/Jamon.digital/Webroot/strut.ch/public/index.php(55): Illuminate\\Foundation\\Http\\Kernel->handle(Object(Illuminate\\Http\\Request))
#44 {main}
"} 
[2019-12-18 11:57:48] local.ERROR: Argument 1 passed to Illuminate\Session\Middleware\StartSession::addCookieToResponse() must be an instance of Symfony\Component\HttpFoundation\Response, null given, called in /Users/marceli.to/Jamon.digital/Webroot/strut.ch/vendor/laravel/framework/src/Illuminate/Session/Middleware/StartSession.php on line 60 {"exception":"[object] (Symfony\\Component\\Debug\\Exception\\FatalThrowableError(code: 0): Argument 1 passed to Illuminate\\Session\\Middleware\\StartSession::addCookieToResponse() must be an instance of Symfony\\Component\\HttpFoundation\\Response, null given, called in /Users/marceli.to/Jamon.digital/Webroot/strut.ch/vendor/laravel/framework/src/Illuminate/Session/Middleware/StartSession.php on line 60 at /Users/marceli.to/Jamon.digital/Webroot/strut.ch/vendor/laravel/framework/src/Illuminate/Session/Middleware/StartSession.php:151)
[stacktrace]
#0 /Users/marceli.to/Jamon.digital/Webroot/strut.ch/vendor/laravel/framework/src/Illuminate/Session/Middleware/StartSession.php(60): Illuminate\\Session\\Middleware\\StartSession->addCookieToResponse(NULL, Object(Illuminate\\Session\\Store))
#1 /Users/marceli.to/Jamon.digital/Webroot/strut.ch/vendor/laravel/framework/src/Illuminate/Pipeline/Pipeline.php(163): Illuminate\\Session\\Middleware\\StartSession->handle(Object(Illuminate\\Http\\Request), Object(Closure))
#2 /Users/marceli.to/Jamon.digital/Webroot/strut.ch/vendor/laravel/framework/src/Illuminate/Routing/Pipeline.php(53): Illuminate\\Pipeline\\Pipeline->Illuminate\\Pipeline\\{closure}(Object(Illuminate\\Http\\Request))
#3 /Users/marceli.to/Jamon.digital/Webroot/strut.ch/vendor/laravel/framework/src/Illuminate/Cookie/Middleware/AddQueuedCookiesToResponse.php(37): Illuminate\\Routing\\Pipeline->Illuminate\\Routing\\{closure}(Object(Illuminate\\Http\\Request))
#4 /Users/marceli.to/Jamon.digital/Webroot/strut.ch/vendor/laravel/framework/src/Illuminate/Pipeline/Pipeline.php(163): Illuminate\\Cookie\\Middleware\\AddQueuedCookiesToResponse->handle(Object(Illuminate\\Http\\Request), Object(Closure))
#5 /Users/marceli.to/Jamon.digital/Webroot/strut.ch/vendor/laravel/framework/src/Illuminate/Routing/Pipeline.php(53): Illuminate\\Pipeline\\Pipeline->Illuminate\\Pipeline\\{closure}(Object(Illuminate\\Http\\Request))
#6 /Users/marceli.to/Jamon.digital/Webroot/strut.ch/vendor/laravel/framework/src/Illuminate/Cookie/Middleware/EncryptCookies.php(66): Illuminate\\Routing\\Pipeline->Illuminate\\Routing\\{closure}(Object(Illuminate\\Http\\Request))
#7 /Users/marceli.to/Jamon.digital/Webroot/strut.ch/vendor/laravel/framework/src/Illuminate/Pipeline/Pipeline.php(163): Illuminate\\Cookie\\Middleware\\EncryptCookies->handle(Object(Illuminate\\Http\\Request), Object(Closure))
#8 /Users/marceli.to/Jamon.digital/Webroot/strut.ch/vendor/laravel/framework/src/Illuminate/Routing/Pipeline.php(53): Illuminate\\Pipeline\\Pipeline->Illuminate\\Pipeline\\{closure}(Object(Illuminate\\Http\\Request))
#9 /Users/marceli.to/Jamon.digital/Webroot/strut.ch/vendor/laravel/framework/src/Illuminate/Pipeline/Pipeline.php(104): Illuminate\\Routing\\Pipeline->Illuminate\\Routing\\{closure}(Object(Illuminate\\Http\\Request))
#10 /Users/marceli.to/Jamon.digital/Webroot/strut.ch/vendor/laravel/framework/src/Illuminate/Routing/Router.php(682): Illuminate\\Pipeline\\Pipeline->then(Object(Closure))
#11 /Users/marceli.to/Jamon.digital/Webroot/strut.ch/vendor/laravel/framework/src/Illuminate/Routing/Router.php(657): Illuminate\\Routing\\Router->runRouteWithinStack(Object(Illuminate\\Routing\\Route), Object(Illuminate\\Http\\Request))
#12 /Users/marceli.to/Jamon.digital/Webroot/strut.ch/vendor/laravel/framework/src/Illuminate/Routing/Router.php(623): Illuminate\\Routing\\Router->runRoute(Object(Illuminate\\Http\\Request), Object(Illuminate\\Routing\\Route))
#13 /Users/marceli.to/Jamon.digital/Webroot/strut.ch/vendor/laravel/framework/src/Illuminate/Routing/Router.php(612): Illuminate\\Routing\\Router->dispatchToRoute(Object(Illuminate\\Http\\Request))
#14 /Users/marceli.to/Jamon.digital/Webroot/strut.ch/vendor/laravel/framework/src/Illuminate/Foundation/Http/Kernel.php(176): Illuminate\\Routing\\Router->dispatch(Object(Illuminate\\Http\\Request))
#15 /Users/marceli.to/Jamon.digital/Webroot/strut.ch/vendor/laravel/framework/src/Illuminate/Routing/Pipeline.php(30): Illuminate\\Foundation\\Http\\Kernel->Illuminate\\Foundation\\Http\\{closure}(Object(Illuminate\\Http\\Request))
#16 /Users/marceli.to/Jamon.digital/Webroot/strut.ch/vendor/fideloper/proxy/src/TrustProxies.php(57): Illuminate\\Routing\\Pipeline->Illuminate\\Routing\\{closure}(Object(Illuminate\\Http\\Request))
#17 /Users/marceli.to/Jamon.digital/Webroot/strut.ch/vendor/laravel/framework/src/Illuminate/Pipeline/Pipeline.php(163): Fideloper\\Proxy\\TrustProxies->handle(Object(Illuminate\\Http\\Request), Object(Closure))
#18 /Users/marceli.to/Jamon.digital/Webroot/strut.ch/vendor/laravel/framework/src/Illuminate/Routing/Pipeline.php(53): Illuminate\\Pipeline\\Pipeline->Illuminate\\Pipeline\\{closure}(Object(Illuminate\\Http\\Request))
#19 /Users/marceli.to/Jamon.digital/Webroot/strut.ch/vendor/laravel/framework/src/Illuminate/Foundation/Http/Middleware/TransformsRequest.php(21): Illuminate\\Routing\\Pipeline->Illuminate\\Routing\\{closure}(Object(Illuminate\\Http\\Request))
#20 /Users/marceli.to/Jamon.digital/Webroot/strut.ch/vendor/laravel/framework/src/Illuminate/Pipeline/Pipeline.php(163): Illuminate\\Foundation\\Http\\Middleware\\TransformsRequest->handle(Object(Illuminate\\Http\\Request), Object(Closure))
#21 /Users/marceli.to/Jamon.digital/Webroot/strut.ch/vendor/laravel/framework/src/Illuminate/Routing/Pipeline.php(53): Illuminate\\Pipeline\\Pipeline->Illuminate\\Pipeline\\{closure}(Object(Illuminate\\Http\\Request))
#22 /Users/marceli.to/Jamon.digital/Webroot/strut.ch/vendor/laravel/framework/src/Illuminate/Foundation/Http/Middleware/TransformsRequest.php(21): Illuminate\\Routing\\Pipeline->Illuminate\\Routing\\{closure}(Object(Illuminate\\Http\\Request))
#23 /Users/marceli.to/Jamon.digital/Webroot/strut.ch/vendor/laravel/framework/src/Illuminate/Pipeline/Pipeline.php(163): Illuminate\\Foundation\\Http\\Middleware\\TransformsRequest->handle(Object(Illuminate\\Http\\Request), Object(Closure))
#24 /Users/marceli.to/Jamon.digital/Webroot/strut.ch/vendor/laravel/framework/src/Illuminate/Routing/Pipeline.php(53): Illuminate\\Pipeline\\Pipeline->Illuminate\\Pipeline\\{closure}(Object(Illuminate\\Http\\Request))
#25 /Users/marceli.to/Jamon.digital/Webroot/strut.ch/vendor/laravel/framework/src/Illuminate/Foundation/Http/Middleware/ValidatePostSize.php(27): Illuminate\\Routing\\Pipeline->Illuminate\\Routing\\{closure}(Object(Illuminate\\Http\\Request))
#26 /Users/marceli.to/Jamon.digital/Webroot/strut.ch/vendor/laravel/framework/src/Illuminate/Pipeline/Pipeline.php(163): Illuminate\\Foundation\\Http\\Middleware\\ValidatePostSize->handle(Object(Illuminate\\Http\\Request), Object(Closure))
#27 /Users/marceli.to/Jamon.digital/Webroot/strut.ch/vendor/laravel/framework/src/Illuminate/Routing/Pipeline.php(53): Illuminate\\Pipeline\\Pipeline->Illuminate\\Pipeline\\{closure}(Object(Illuminate\\Http\\Request))
#28 /Users/marceli.to/Jamon.digital/Webroot/strut.ch/vendor/laravel/framework/src/Illuminate/Foundation/Http/Middleware/CheckForMaintenanceMode.php(62): Illuminate\\Routing\\Pipeline->Illuminate\\Routing\\{closure}(Object(Illuminate\\Http\\Request))
#29 /Users/marceli.to/Jamon.digital/Webroot/strut.ch/vendor/laravel/framework/src/Illuminate/Pipeline/Pipeline.php(163): Illuminate\\Foundation\\Http\\Middleware\\CheckForMaintenanceMode->handle(Object(Illuminate\\Http\\Request), Object(Closure))
#30 /Users/marceli.to/Jamon.digital/Webroot/strut.ch/vendor/laravel/framework/src/Illuminate/Routing/Pipeline.php(53): Illuminate\\Pipeline\\Pipeline->Illuminate\\Pipeline\\{closure}(Object(Illuminate\\Http\\Request))
#31 /Users/marceli.to/Jamon.digital/Webroot/strut.ch/vendor/laravel/framework/src/Illuminate/Pipeline/Pipeline.php(104): Illuminate\\Routing\\Pipeline->Illuminate\\Routing\\{closure}(Object(Illuminate\\Http\\Request))
#32 /Users/marceli.to/Jamon.digital/Webroot/strut.ch/vendor/laravel/framework/src/Illuminate/Foundation/Http/Kernel.php(151): Illuminate\\Pipeline\\Pipeline->then(Object(Closure))
#33 /Users/marceli.to/Jamon.digital/Webroot/strut.ch/vendor/laravel/framework/src/Illuminate/Foundation/Http/Kernel.php(116): Illuminate\\Foundation\\Http\\Kernel->sendRequestThroughRouter(Object(Illuminate\\Http\\Request))
#34 /Users/marceli.to/Jamon.digital/Webroot/strut.ch/public/index.php(55): Illuminate\\Foundation\\Http\\Kernel->handle(Object(Illuminate\\Http\\Request))
#35 {main}
"} 
[2019-12-18 11:57:48] local.ERROR: Argument 1 passed to Illuminate\Cookie\Middleware\EncryptCookies::encrypt() must be an instance of Symfony\Component\HttpFoundation\Response, null given, called in /Users/marceli.to/Jamon.digital/Webroot/strut.ch/vendor/laravel/framework/src/Illuminate/Cookie/Middleware/EncryptCookies.php on line 66 {"exception":"[object] (Symfony\\Component\\Debug\\Exception\\FatalThrowableError(code: 0): Argument 1 passed to Illuminate\\Cookie\\Middleware\\EncryptCookies::encrypt() must be an instance of Symfony\\Component\\HttpFoundation\\Response, null given, called in /Users/marceli.to/Jamon.digital/Webroot/strut.ch/vendor/laravel/framework/src/Illuminate/Cookie/Middleware/EncryptCookies.php on line 66 at /Users/marceli.to/Jamon.digital/Webroot/strut.ch/vendor/laravel/framework/src/Illuminate/Cookie/Middleware/EncryptCookies.php:131)
[stacktrace]
#0 /Users/marceli.to/Jamon.digital/Webroot/strut.ch/vendor/laravel/framework/src/Illuminate/Cookie/Middleware/EncryptCookies.php(66): Illuminate\\Cookie\\Middleware\\EncryptCookies->encrypt(NULL)
#1 /Users/marceli.to/Jamon.digital/Webroot/strut.ch/vendor/laravel/framework/src/Illuminate/Pipeline/Pipeline.php(163): Illuminate\\Cookie\\Middleware\\EncryptCookies->handle(Object(Illuminate\\Http\\Request), Object(Closure))
#2 /Users/marceli.to/Jamon.digital/Webroot/strut.ch/vendor/laravel/framework/src/Illuminate/Routing/Pipeline.php(53): Illuminate\\Pipeline\\Pipeline->Illuminate\\Pipeline\\{closure}(Object(Illuminate\\Http\\Request))
#3 /Users/marceli.to/Jamon.digital/Webroot/strut.ch/vendor/laravel/framework/src/Illuminate/Pipeline/Pipeline.php(104): Illuminate\\Routing\\Pipeline->Illuminate\\Routing\\{closure}(Object(Illuminate\\Http\\Request))
#4 /Users/marceli.to/Jamon.digital/Webroot/strut.ch/vendor/laravel/framework/src/Illuminate/Routing/Router.php(682): Illuminate\\Pipeline\\Pipeline->then(Object(Closure))
#5 /Users/marceli.to/Jamon.digital/Webroot/strut.ch/vendor/laravel/framework/src/Illuminate/Routing/Router.php(657): Illuminate\\Routing\\Router->runRouteWithinStack(Object(Illuminate\\Routing\\Route), Object(Illuminate\\Http\\Request))
#6 /Users/marceli.to/Jamon.digital/Webroot/strut.ch/vendor/laravel/framework/src/Illuminate/Routing/Router.php(623): Illuminate\\Routing\\Router->runRoute(Object(Illuminate\\Http\\Request), Object(Illuminate\\Routing\\Route))
#7 /Users/marceli.to/Jamon.digital/Webroot/strut.ch/vendor/laravel/framework/src/Illuminate/Routing/Router.php(612): Illuminate\\Routing\\Router->dispatchToRoute(Object(Illuminate\\Http\\Request))
#8 /Users/marceli.to/Jamon.digital/Webroot/strut.ch/vendor/laravel/framework/src/Illuminate/Foundation/Http/Kernel.php(176): Illuminate\\Routing\\Router->dispatch(Object(Illuminate\\Http\\Request))
#9 /Users/marceli.to/Jamon.digital/Webroot/strut.ch/vendor/laravel/framework/src/Illuminate/Routing/Pipeline.php(30): Illuminate\\Foundation\\Http\\Kernel->Illuminate\\Foundation\\Http\\{closure}(Object(Illuminate\\Http\\Request))
#10 /Users/marceli.to/Jamon.digital/Webroot/strut.ch/vendor/fideloper/proxy/src/TrustProxies.php(57): Illuminate\\Routing\\Pipeline->Illuminate\\Routing\\{closure}(Object(Illuminate\\Http\\Request))
#11 /Users/marceli.to/Jamon.digital/Webroot/strut.ch/vendor/laravel/framework/src/Illuminate/Pipeline/Pipeline.php(163): Fideloper\\Proxy\\TrustProxies->handle(Object(Illuminate\\Http\\Request), Object(Closure))
#12 /Users/marceli.to/Jamon.digital/Webroot/strut.ch/vendor/laravel/framework/src/Illuminate/Routing/Pipeline.php(53): Illuminate\\Pipeline\\Pipeline->Illuminate\\Pipeline\\{closure}(Object(Illuminate\\Http\\Request))
#13 /Users/marceli.to/Jamon.digital/Webroot/strut.ch/vendor/laravel/framework/src/Illuminate/Foundation/Http/Middleware/TransformsRequest.php(21): Illuminate\\Routing\\Pipeline->Illuminate\\Routing\\{closure}(Object(Illuminate\\Http\\Request))
#14 /Users/marceli.to/Jamon.digital/Webroot/strut.ch/vendor/laravel/framework/src/Illuminate/Pipeline/Pipeline.php(163): Illuminate\\Foundation\\Http\\Middleware\\TransformsRequest->handle(Object(Illuminate\\Http\\Request), Object(Closure))
#15 /Users/marceli.to/Jamon.digital/Webroot/strut.ch/vendor/laravel/framework/src/Illuminate/Routing/Pipeline.php(53): Illuminate\\Pipeline\\Pipeline->Illuminate\\Pipeline\\{closure}(Object(Illuminate\\Http\\Request))
#16 /Users/marceli.to/Jamon.digital/Webroot/strut.ch/vendor/laravel/framework/src/Illuminate/Foundation/Http/Middleware/TransformsRequest.php(21): Illuminate\\Routing\\Pipeline->Illuminate\\Routing\\{closure}(Object(Illuminate\\Http\\Request))
#17 /Users/marceli.to/Jamon.digital/Webroot/strut.ch/vendor/laravel/framework/src/Illuminate/Pipeline/Pipeline.php(163): Illuminate\\Foundation\\Http\\Middleware\\TransformsRequest->handle(Object(Illuminate\\Http\\Request), Object(Closure))
#18 /Users/marceli.to/Jamon.digital/Webroot/strut.ch/vendor/laravel/framework/src/Illuminate/Routing/Pipeline.php(53): Illuminate\\Pipeline\\Pipeline->Illuminate\\Pipeline\\{closure}(Object(Illuminate\\Http\\Request))
#19 /Users/marceli.to/Jamon.digital/Webroot/strut.ch/vendor/laravel/framework/src/Illuminate/Foundation/Http/Middleware/ValidatePostSize.php(27): Illuminate\\Routing\\Pipeline->Illuminate\\Routing\\{closure}(Object(Illuminate\\Http\\Request))
#20 /Users/marceli.to/Jamon.digital/Webroot/strut.ch/vendor/laravel/framework/src/Illuminate/Pipeline/Pipeline.php(163): Illuminate\\Foundation\\Http\\Middleware\\ValidatePostSize->handle(Object(Illuminate\\Http\\Request), Object(Closure))
#21 /Users/marceli.to/Jamon.digital/Webroot/strut.ch/vendor/laravel/framework/src/Illuminate/Routing/Pipeline.php(53): Illuminate\\Pipeline\\Pipeline->Illuminate\\Pipeline\\{closure}(Object(Illuminate\\Http\\Request))
#22 /Users/marceli.to/Jamon.digital/Webroot/strut.ch/vendor/laravel/framework/src/Illuminate/Foundation/Http/Middleware/CheckForMaintenanceMode.php(62): Illuminate\\Routing\\Pipeline->Illuminate\\Routing\\{closure}(Object(Illuminate\\Http\\Request))
#23 /Users/marceli.to/Jamon.digital/Webroot/strut.ch/vendor/laravel/framework/src/Illuminate/Pipeline/Pipeline.php(163): Illuminate\\Foundation\\Http\\Middleware\\CheckForMaintenanceMode->handle(Object(Illuminate\\Http\\Request), Object(Closure))
#24 /Users/marceli.to/Jamon.digital/Webroot/strut.ch/vendor/laravel/framework/src/Illuminate/Routing/Pipeline.php(53): Illuminate\\Pipeline\\Pipeline->Illuminate\\Pipeline\\{closure}(Object(Illuminate\\Http\\Request))
#25 /Users/marceli.to/Jamon.digital/Webroot/strut.ch/vendor/laravel/framework/src/Illuminate/Pipeline/Pipeline.php(104): Illuminate\\Routing\\Pipeline->Illuminate\\Routing\\{closure}(Object(Illuminate\\Http\\Request))
#26 /Users/marceli.to/Jamon.digital/Webroot/strut.ch/vendor/laravel/framework/src/Illuminate/Foundation/Http/Kernel.php(151): Illuminate\\Pipeline\\Pipeline->then(Object(Closure))
#27 /Users/marceli.to/Jamon.digital/Webroot/strut.ch/vendor/laravel/framework/src/Illuminate/Foundation/Http/Kernel.php(116): Illuminate\\Foundation\\Http\\Kernel->sendRequestThroughRouter(Object(Illuminate\\Http\\Request))
#28 /Users/marceli.to/Jamon.digital/Webroot/strut.ch/public/index.php(55): Illuminate\\Foundation\\Http\\Kernel->handle(Object(Illuminate\\Http\\Request))
#29 {main}
"} 
[2019-12-18 11:57:50] local.ERROR: SQLSTATE[42S22]: Column not found: 1054 Unknown column 'year' in 'order clause' (SQL: select * from `categories` where `publish` = 1 order by `year` asc) {"exception":"[object] (Illuminate\\Database\\QueryException(code: 42S22): SQLSTATE[42S22]: Column not found: 1054 Unknown column 'year' in 'order clause' (SQL: select * from `categories` where `publish` = 1 order by `year` asc) at /Users/marceli.to/Jamon.digital/Webroot/strut.ch/vendor/laravel/framework/src/Illuminate/Database/Connection.php:664, PDOException(code: 42S22): SQLSTATE[42S22]: Column not found: 1054 Unknown column 'year' in 'order clause' at /Users/marceli.to/Jamon.digital/Webroot/strut.ch/vendor/laravel/framework/src/Illuminate/Database/Connection.php:326)
[stacktrace]
#0 /Users/marceli.to/Jamon.digital/Webroot/strut.ch/vendor/laravel/framework/src/Illuminate/Database/Connection.php(624): Illuminate\\Database\\Connection->runQueryCallback('select * from `...', Array, Object(Closure))
#1 /Users/marceli.to/Jamon.digital/Webroot/strut.ch/vendor/laravel/framework/src/Illuminate/Database/Connection.php(333): Illuminate\\Database\\Connection->run('select * from `...', Array, Object(Closure))
#2 /Users/marceli.to/Jamon.digital/Webroot/strut.ch/vendor/laravel/framework/src/Illuminate/Database/Query/Builder.php(2130): Illuminate\\Database\\Connection->select('select * from `...', Array, true)
#3 /Users/marceli.to/Jamon.digital/Webroot/strut.ch/vendor/laravel/framework/src/Illuminate/Database/Query/Builder.php(2118): Illuminate\\Database\\Query\\Builder->runSelect()
#4 /Users/marceli.to/Jamon.digital/Webroot/strut.ch/vendor/laravel/framework/src/Illuminate/Database/Query/Builder.php(2604): Illuminate\\Database\\Query\\Builder->Illuminate\\Database\\Query\\{closure}()
#5 /Users/marceli.to/Jamon.digital/Webroot/strut.ch/vendor/laravel/framework/src/Illuminate/Database/Query/Builder.php(2119): Illuminate\\Database\\Query\\Builder->onceWithColumns(Array, Object(Closure))
#6 /Users/marceli.to/Jamon.digital/Webroot/strut.ch/vendor/laravel/framework/src/Illuminate/Database/Eloquent/Builder.php(521): Illuminate\\Database\\Query\\Builder->get(Array)
#7 /Users/marceli.to/Jamon.digital/Webroot/strut.ch/vendor/laravel/framework/src/Illuminate/Database/Eloquent/Builder.php(505): Illuminate\\Database\\Eloquent\\Builder->getModels(Array)
#8 /Users/marceli.to/Jamon.digital/Webroot/strut.ch/app/Http/Controllers/Frontend/WorksController.php(92): Illuminate\\Database\\Eloquent\\Builder->get()
#9 [internal function]: App\\Http\\Controllers\\Frontend\\WorksController->byType()
#10 /Users/marceli.to/Jamon.digital/Webroot/strut.ch/vendor/laravel/framework/src/Illuminate/Routing/Controller.php(54): call_user_func_array(Array, Array)
#11 /Users/marceli.to/Jamon.digital/Webroot/strut.ch/vendor/laravel/framework/src/Illuminate/Routing/ControllerDispatcher.php(45): Illuminate\\Routing\\Controller->callAction('byType', Array)
#12 /Users/marceli.to/Jamon.digital/Webroot/strut.ch/vendor/laravel/framework/src/Illuminate/Routing/Route.php(219): Illuminate\\Routing\\ControllerDispatcher->dispatch(Object(Illuminate\\Routing\\Route), Object(App\\Http\\Controllers\\Frontend\\WorksController), 'byType')
#13 /Users/marceli.to/Jamon.digital/Webroot/strut.ch/vendor/laravel/framework/src/Illuminate/Routing/Route.php(176): Illuminate\\Routing\\Route->runController()
#14 /Users/marceli.to/Jamon.digital/Webroot/strut.ch/vendor/laravel/framework/src/Illuminate/Routing/Router.php(680): Illuminate\\Routing\\Route->run()
#15 /Users/marceli.to/Jamon.digital/Webroot/strut.ch/vendor/laravel/framework/src/Illuminate/Routing/Pipeline.php(30): Illuminate\\Routing\\Router->Illuminate\\Routing\\{closure}(Object(Illuminate\\Http\\Request))
#16 /Users/marceli.to/Jamon.digital/Webroot/strut.ch/vendor/laravel/framework/src/Illuminate/Routing/Middleware/SubstituteBindings.php(41): Illuminate\\Routing\\Pipeline->Illuminate\\Routing\\{closure}(Object(Illuminate\\Http\\Request))
#17 /Users/marceli.to/Jamon.digital/Webroot/strut.ch/vendor/laravel/framework/src/Illuminate/Pipeline/Pipeline.php(163): Illuminate\\Routing\\Middleware\\SubstituteBindings->handle(Object(Illuminate\\Http\\Request), Object(Closure))
#18 /Users/marceli.to/Jamon.digital/Webroot/strut.ch/vendor/laravel/framework/src/Illuminate/Routing/Pipeline.php(53): Illuminate\\Pipeline\\Pipeline->Illuminate\\Pipeline\\{closure}(Object(Illuminate\\Http\\Request))
#19 /Users/marceli.to/Jamon.digital/Webroot/strut.ch/vendor/laravel/framework/src/Illuminate/Foundation/Http/Middleware/VerifyCsrfToken.php(75): Illuminate\\Routing\\Pipeline->Illuminate\\Routing\\{closure}(Object(Illuminate\\Http\\Request))
#20 /Users/marceli.to/Jamon.digital/Webroot/strut.ch/vendor/laravel/framework/src/Illuminate/Pipeline/Pipeline.php(163): Illuminate\\Foundation\\Http\\Middleware\\VerifyCsrfToken->handle(Object(Illuminate\\Http\\Request), Object(Closure))
#21 /Users/marceli.to/Jamon.digital/Webroot/strut.ch/vendor/laravel/framework/src/Illuminate/Routing/Pipeline.php(53): Illuminate\\Pipeline\\Pipeline->Illuminate\\Pipeline\\{closure}(Object(Illuminate\\Http\\Request))
#22 /Users/marceli.to/Jamon.digital/Webroot/strut.ch/vendor/laravel/framework/src/Illuminate/View/Middleware/ShareErrorsFromSession.php(49): Illuminate\\Routing\\Pipeline->Illuminate\\Routing\\{closure}(Object(Illuminate\\Http\\Request))
#23 /Users/marceli.to/Jamon.digital/Webroot/strut.ch/vendor/laravel/framework/src/Illuminate/Pipeline/Pipeline.php(163): Illuminate\\View\\Middleware\\ShareErrorsFromSession->handle(Object(Illuminate\\Http\\Request), Object(Closure))
#24 /Users/marceli.to/Jamon.digital/Webroot/strut.ch/vendor/laravel/framework/src/Illuminate/Routing/Pipeline.php(53): Illuminate\\Pipeline\\Pipeline->Illuminate\\Pipeline\\{closure}(Object(Illuminate\\Http\\Request))
#25 /Users/marceli.to/Jamon.digital/Webroot/strut.ch/vendor/laravel/framework/src/Illuminate/Session/Middleware/StartSession.php(56): Illuminate\\Routing\\Pipeline->Illuminate\\Routing\\{closure}(Object(Illuminate\\Http\\Request))
#26 /Users/marceli.to/Jamon.digital/Webroot/strut.ch/vendor/laravel/framework/src/Illuminate/Pipeline/Pipeline.php(163): Illuminate\\Session\\Middleware\\StartSession->handle(Object(Illuminate\\Http\\Request), Object(Closure))
#27 /Users/marceli.to/Jamon.digital/Webroot/strut.ch/vendor/laravel/framework/src/Illuminate/Routing/Pipeline.php(53): Illuminate\\Pipeline\\Pipeline->Illuminate\\Pipeline\\{closure}(Object(Illuminate\\Http\\Request))
#28 /Users/marceli.to/Jamon.digital/Webroot/strut.ch/vendor/laravel/framework/src/Illuminate/Cookie/Middleware/AddQueuedCookiesToResponse.php(37): Illuminate\\Routing\\Pipeline->Illuminate\\Routing\\{closure}(Object(Illuminate\\Http\\Request))
#29 /Users/marceli.to/Jamon.digital/Webroot/strut.ch/vendor/laravel/framework/src/Illuminate/Pipeline/Pipeline.php(163): Illuminate\\Cookie\\Middleware\\AddQueuedCookiesToResponse->handle(Object(Illuminate\\Http\\Request), Object(Closure))
#30 /Users/marceli.to/Jamon.digital/Webroot/strut.ch/vendor/laravel/framework/src/Illuminate/Routing/Pipeline.php(53): Illuminate\\Pipeline\\Pipeline->Illuminate\\Pipeline\\{closure}(Object(Illuminate\\Http\\Request))
#31 /Users/marceli.to/Jamon.digital/Webroot/strut.ch/vendor/laravel/framework/src/Illuminate/Cookie/Middleware/EncryptCookies.php(66): Illuminate\\Routing\\Pipeline->Illuminate\\Routing\\{closure}(Object(Illuminate\\Http\\Request))
#32 /Users/marceli.to/Jamon.digital/Webroot/strut.ch/vendor/laravel/framework/src/Illuminate/Pipeline/Pipeline.php(163): Illuminate\\Cookie\\Middleware\\EncryptCookies->handle(Object(Illuminate\\Http\\Request), Object(Closure))
#33 /Users/marceli.to/Jamon.digital/Webroot/strut.ch/vendor/laravel/framework/src/Illuminate/Routing/Pipeline.php(53): Illuminate\\Pipeline\\Pipeline->Illuminate\\Pipeline\\{closure}(Object(Illuminate\\Http\\Request))
#34 /Users/marceli.to/Jamon.digital/Webroot/strut.ch/vendor/laravel/framework/src/Illuminate/Pipeline/Pipeline.php(104): Illuminate\\Routing\\Pipeline->Illuminate\\Routing\\{closure}(Object(Illuminate\\Http\\Request))
#35 /Users/marceli.to/Jamon.digital/Webroot/strut.ch/vendor/laravel/framework/src/Illuminate/Routing/Router.php(682): Illuminate\\Pipeline\\Pipeline->then(Object(Closure))
#36 /Users/marceli.to/Jamon.digital/Webroot/strut.ch/vendor/laravel/framework/src/Illuminate/Routing/Router.php(657): Illuminate\\Routing\\Router->runRouteWithinStack(Object(Illuminate\\Routing\\Route), Object(Illuminate\\Http\\Request))
#37 /Users/marceli.to/Jamon.digital/Webroot/strut.ch/vendor/laravel/framework/src/Illuminate/Routing/Router.php(623): Illuminate\\Routing\\Router->runRoute(Object(Illuminate\\Http\\Request), Object(Illuminate\\Routing\\Route))
#38 /Users/marceli.to/Jamon.digital/Webroot/strut.ch/vendor/laravel/framework/src/Illuminate/Routing/Router.php(612): Illuminate\\Routing\\Router->dispatchToRoute(Object(Illuminate\\Http\\Request))
#39 /Users/marceli.to/Jamon.digital/Webroot/strut.ch/vendor/laravel/framework/src/Illuminate/Foundation/Http/Kernel.php(176): Illuminate\\Routing\\Router->dispatch(Object(Illuminate\\Http\\Request))
#40 /Users/marceli.to/Jamon.digital/Webroot/strut.ch/vendor/laravel/framework/src/Illuminate/Routing/Pipeline.php(30): Illuminate\\Foundation\\Http\\Kernel->Illuminate\\Foundation\\Http\\{closure}(Object(Illuminate\\Http\\Request))
#41 /Users/marceli.to/Jamon.digital/Webroot/strut.ch/vendor/fideloper/proxy/src/TrustProxies.php(57): Illuminate\\Routing\\Pipeline->Illuminate\\Routing\\{closure}(Object(Illuminate\\Http\\Request))
#42 /Users/marceli.to/Jamon.digital/Webroot/strut.ch/vendor/laravel/framework/src/Illuminate/Pipeline/Pipeline.php(163): Fideloper\\Proxy\\TrustProxies->handle(Object(Illuminate\\Http\\Request), Object(Closure))
#43 /Users/marceli.to/Jamon.digital/Webroot/strut.ch/vendor/laravel/framework/src/Illuminate/Routing/Pipeline.php(53): Illuminate\\Pipeline\\Pipeline->Illuminate\\Pipeline\\{closure}(Object(Illuminate\\Http\\Request))
#44 /Users/marceli.to/Jamon.digital/Webroot/strut.ch/vendor/laravel/framework/src/Illuminate/Foundation/Http/Middleware/TransformsRequest.php(21): Illuminate\\Routing\\Pipeline->Illuminate\\Routing\\{closure}(Object(Illuminate\\Http\\Request))
#45 /Users/marceli.to/Jamon.digital/Webroot/strut.ch/vendor/laravel/framework/src/Illuminate/Pipeline/Pipeline.php(163): Illuminate\\Foundation\\Http\\Middleware\\TransformsRequest->handle(Object(Illuminate\\Http\\Request), Object(Closure))
#46 /Users/marceli.to/Jamon.digital/Webroot/strut.ch/vendor/laravel/framework/src/Illuminate/Routing/Pipeline.php(53): Illuminate\\Pipeline\\Pipeline->Illuminate\\Pipeline\\{closure}(Object(Illuminate\\Http\\Request))
#47 /Users/marceli.to/Jamon.digital/Webroot/strut.ch/vendor/laravel/framework/src/Illuminate/Foundation/Http/Middleware/TransformsRequest.php(21): Illuminate\\Routing\\Pipeline->Illuminate\\Routing\\{closure}(Object(Illuminate\\Http\\Request))
#48 /Users/marceli.to/Jamon.digital/Webroot/strut.ch/vendor/laravel/framework/src/Illuminate/Pipeline/Pipeline.php(163): Illuminate\\Foundation\\Http\\Middleware\\TransformsRequest->handle(Object(Illuminate\\Http\\Request), Object(Closure))
#49 /Users/marceli.to/Jamon.digital/Webroot/strut.ch/vendor/laravel/framework/src/Illuminate/Routing/Pipeline.php(53): Illuminate\\Pipeline\\Pipeline->Illuminate\\Pipeline\\{closure}(Object(Illuminate\\Http\\Request))
#50 /Users/marceli.to/Jamon.digital/Webroot/strut.ch/vendor/laravel/framework/src/Illuminate/Foundation/Http/Middleware/ValidatePostSize.php(27): Illuminate\\Routing\\Pipeline->Illuminate\\Routing\\{closure}(Object(Illuminate\\Http\\Request))
#51 /Users/marceli.to/Jamon.digital/Webroot/strut.ch/vendor/laravel/framework/src/Illuminate/Pipeline/Pipeline.php(163): Illuminate\\Foundation\\Http\\Middleware\\ValidatePostSize->handle(Object(Illuminate\\Http\\Request), Object(Closure))
#52 /Users/marceli.to/Jamon.digital/Webroot/strut.ch/vendor/laravel/framework/src/Illuminate/Routing/Pipeline.php(53): Illuminate\\Pipeline\\Pipeline->Illuminate\\Pipeline\\{closure}(Object(Illuminate\\Http\\Request))
#53 /Users/marceli.to/Jamon.digital/Webroot/strut.ch/vendor/laravel/framework/src/Illuminate/Foundation/Http/Middleware/CheckForMaintenanceMode.php(62): Illuminate\\Routing\\Pipeline->Illuminate\\Routing\\{closure}(Object(Illuminate\\Http\\Request))
#54 /Users/marceli.to/Jamon.digital/Webroot/strut.ch/vendor/laravel/framework/src/Illuminate/Pipeline/Pipeline.php(163): Illuminate\\Foundation\\Http\\Middleware\\CheckForMaintenanceMode->handle(Object(Illuminate\\Http\\Request), Object(Closure))
#55 /Users/marceli.to/Jamon.digital/Webroot/strut.ch/vendor/laravel/framework/src/Illuminate/Routing/Pipeline.php(53): Illuminate\\Pipeline\\Pipeline->Illuminate\\Pipeline\\{closure}(Object(Illuminate\\Http\\Request))
#56 /Users/marceli.to/Jamon.digital/Webroot/strut.ch/vendor/laravel/framework/src/Illuminate/Pipeline/Pipeline.php(104): Illuminate\\Routing\\Pipeline->Illuminate\\Routing\\{closure}(Object(Illuminate\\Http\\Request))
#57 /Users/marceli.to/Jamon.digital/Webroot/strut.ch/vendor/laravel/framework/src/Illuminate/Foundation/Http/Kernel.php(151): Illuminate\\Pipeline\\Pipeline->then(Object(Closure))
#58 /Users/marceli.to/Jamon.digital/Webroot/strut.ch/vendor/laravel/framework/src/Illuminate/Foundation/Http/Kernel.php(116): Illuminate\\Foundation\\Http\\Kernel->sendRequestThroughRouter(Object(Illuminate\\Http\\Request))
#59 /Users/marceli.to/Jamon.digital/Webroot/strut.ch/public/index.php(55): Illuminate\\Foundation\\Http\\Kernel->handle(Object(Illuminate\\Http\\Request))
#60 {main}
"} 
[2019-12-18 11:57:50] local.ERROR: Trying to get property 'headers' of non-object {"exception":"[object] (ErrorException(code: 0): Trying to get property 'headers' of non-object at /Users/marceli.to/Jamon.digital/Webroot/strut.ch/vendor/laravel/framework/src/Illuminate/Foundation/Http/Middleware/VerifyCsrfToken.php:180)
[stacktrace]
#0 /Users/marceli.to/Jamon.digital/Webroot/strut.ch/vendor/laravel/framework/src/Illuminate/Foundation/Http/Middleware/VerifyCsrfToken.php(180): Illuminate\\Foundation\\Bootstrap\\HandleExceptions->handleError(8, 'Trying to get p...', '/Users/marceli....', 180, Array)
#1 /Users/marceli.to/Jamon.digital/Webroot/strut.ch/vendor/laravel/framework/src/Illuminate/Foundation/Http/Middleware/VerifyCsrfToken.php(77): Illuminate\\Foundation\\Http\\Middleware\\VerifyCsrfToken->addCookieToResponse(Object(Illuminate\\Http\\Request), NULL)
#2 /Users/marceli.to/Jamon.digital/Webroot/strut.ch/vendor/laravel/framework/src/Illuminate/Support/helpers.php(1124): Illuminate\\Foundation\\Http\\Middleware\\VerifyCsrfToken->Illuminate\\Foundation\\Http\\Middleware\\{closure}(NULL)
#3 /Users/marceli.to/Jamon.digital/Webroot/strut.ch/vendor/laravel/framework/src/Illuminate/Foundation/Http/Middleware/VerifyCsrfToken.php(79): tap(NULL, Object(Closure))
#4 /Users/marceli.to/Jamon.digital/Webroot/strut.ch/vendor/laravel/framework/src/Illuminate/Pipeline/Pipeline.php(163): Illuminate\\Foundation\\Http\\Middleware\\VerifyCsrfToken->handle(Object(Illuminate\\Http\\Request), Object(Closure))
#5 /Users/marceli.to/Jamon.digital/Webroot/strut.ch/vendor/laravel/framework/src/Illuminate/Routing/Pipeline.php(53): Illuminate\\Pipeline\\Pipeline->Illuminate\\Pipeline\\{closure}(Object(Illuminate\\Http\\Request))
#6 /Users/marceli.to/Jamon.digital/Webroot/strut.ch/vendor/laravel/framework/src/Illuminate/View/Middleware/ShareErrorsFromSession.php(49): Illuminate\\Routing\\Pipeline->Illuminate\\Routing\\{closure}(Object(Illuminate\\Http\\Request))
#7 /Users/marceli.to/Jamon.digital/Webroot/strut.ch/vendor/laravel/framework/src/Illuminate/Pipeline/Pipeline.php(163): Illuminate\\View\\Middleware\\ShareErrorsFromSession->handle(Object(Illuminate\\Http\\Request), Object(Closure))
#8 /Users/marceli.to/Jamon.digital/Webroot/strut.ch/vendor/laravel/framework/src/Illuminate/Routing/Pipeline.php(53): Illuminate\\Pipeline\\Pipeline->Illuminate\\Pipeline\\{closure}(Object(Illuminate\\Http\\Request))
#9 /Users/marceli.to/Jamon.digital/Webroot/strut.ch/vendor/laravel/framework/src/Illuminate/Session/Middleware/StartSession.php(56): Illuminate\\Routing\\Pipeline->Illuminate\\Routing\\{closure}(Object(Illuminate\\Http\\Request))
#10 /Users/marceli.to/Jamon.digital/Webroot/strut.ch/vendor/laravel/framework/src/Illuminate/Pipeline/Pipeline.php(163): Illuminate\\Session\\Middleware\\StartSession->handle(Object(Illuminate\\Http\\Request), Object(Closure))
#11 /Users/marceli.to/Jamon.digital/Webroot/strut.ch/vendor/laravel/framework/src/Illuminate/Routing/Pipeline.php(53): Illuminate\\Pipeline\\Pipeline->Illuminate\\Pipeline\\{closure}(Object(Illuminate\\Http\\Request))
#12 /Users/marceli.to/Jamon.digital/Webroot/strut.ch/vendor/laravel/framework/src/Illuminate/Cookie/Middleware/AddQueuedCookiesToResponse.php(37): Illuminate\\Routing\\Pipeline->Illuminate\\Routing\\{closure}(Object(Illuminate\\Http\\Request))
#13 /Users/marceli.to/Jamon.digital/Webroot/strut.ch/vendor/laravel/framework/src/Illuminate/Pipeline/Pipeline.php(163): Illuminate\\Cookie\\Middleware\\AddQueuedCookiesToResponse->handle(Object(Illuminate\\Http\\Request), Object(Closure))
#14 /Users/marceli.to/Jamon.digital/Webroot/strut.ch/vendor/laravel/framework/src/Illuminate/Routing/Pipeline.php(53): Illuminate\\Pipeline\\Pipeline->Illuminate\\Pipeline\\{closure}(Object(Illuminate\\Http\\Request))
#15 /Users/marceli.to/Jamon.digital/Webroot/strut.ch/vendor/laravel/framework/src/Illuminate/Cookie/Middleware/EncryptCookies.php(66): Illuminate\\Routing\\Pipeline->Illuminate\\Routing\\{closure}(Object(Illuminate\\Http\\Request))
#16 /Users/marceli.to/Jamon.digital/Webroot/strut.ch/vendor/laravel/framework/src/Illuminate/Pipeline/Pipeline.php(163): Illuminate\\Cookie\\Middleware\\EncryptCookies->handle(Object(Illuminate\\Http\\Request), Object(Closure))
#17 /Users/marceli.to/Jamon.digital/Webroot/strut.ch/vendor/laravel/framework/src/Illuminate/Routing/Pipeline.php(53): Illuminate\\Pipeline\\Pipeline->Illuminate\\Pipeline\\{closure}(Object(Illuminate\\Http\\Request))
#18 /Users/marceli.to/Jamon.digital/Webroot/strut.ch/vendor/laravel/framework/src/Illuminate/Pipeline/Pipeline.php(104): Illuminate\\Routing\\Pipeline->Illuminate\\Routing\\{closure}(Object(Illuminate\\Http\\Request))
#19 /Users/marceli.to/Jamon.digital/Webroot/strut.ch/vendor/laravel/framework/src/Illuminate/Routing/Router.php(682): Illuminate\\Pipeline\\Pipeline->then(Object(Closure))
#20 /Users/marceli.to/Jamon.digital/Webroot/strut.ch/vendor/laravel/framework/src/Illuminate/Routing/Router.php(657): Illuminate\\Routing\\Router->runRouteWithinStack(Object(Illuminate\\Routing\\Route), Object(Illuminate\\Http\\Request))
#21 /Users/marceli.to/Jamon.digital/Webroot/strut.ch/vendor/laravel/framework/src/Illuminate/Routing/Router.php(623): Illuminate\\Routing\\Router->runRoute(Object(Illuminate\\Http\\Request), Object(Illuminate\\Routing\\Route))
#22 /Users/marceli.to/Jamon.digital/Webroot/strut.ch/vendor/laravel/framework/src/Illuminate/Routing/Router.php(612): Illuminate\\Routing\\Router->dispatchToRoute(Object(Illuminate\\Http\\Request))
#23 /Users/marceli.to/Jamon.digital/Webroot/strut.ch/vendor/laravel/framework/src/Illuminate/Foundation/Http/Kernel.php(176): Illuminate\\Routing\\Router->dispatch(Object(Illuminate\\Http\\Request))
#24 /Users/marceli.to/Jamon.digital/Webroot/strut.ch/vendor/laravel/framework/src/Illuminate/Routing/Pipeline.php(30): Illuminate\\Foundation\\Http\\Kernel->Illuminate\\Foundation\\Http\\{closure}(Object(Illuminate\\Http\\Request))
#25 /Users/marceli.to/Jamon.digital/Webroot/strut.ch/vendor/fideloper/proxy/src/TrustProxies.php(57): Illuminate\\Routing\\Pipeline->Illuminate\\Routing\\{closure}(Object(Illuminate\\Http\\Request))
#26 /Users/marceli.to/Jamon.digital/Webroot/strut.ch/vendor/laravel/framework/src/Illuminate/Pipeline/Pipeline.php(163): Fideloper\\Proxy\\TrustProxies->handle(Object(Illuminate\\Http\\Request), Object(Closure))
#27 /Users/marceli.to/Jamon.digital/Webroot/strut.ch/vendor/laravel/framework/src/Illuminate/Routing/Pipeline.php(53): Illuminate\\Pipeline\\Pipeline->Illuminate\\Pipeline\\{closure}(Object(Illuminate\\Http\\Request))
#28 /Users/marceli.to/Jamon.digital/Webroot/strut.ch/vendor/laravel/framework/src/Illuminate/Foundation/Http/Middleware/TransformsRequest.php(21): Illuminate\\Routing\\Pipeline->Illuminate\\Routing\\{closure}(Object(Illuminate\\Http\\Request))
#29 /Users/marceli.to/Jamon.digital/Webroot/strut.ch/vendor/laravel/framework/src/Illuminate/Pipeline/Pipeline.php(163): Illuminate\\Foundation\\Http\\Middleware\\TransformsRequest->handle(Object(Illuminate\\Http\\Request), Object(Closure))
#30 /Users/marceli.to/Jamon.digital/Webroot/strut.ch/vendor/laravel/framework/src/Illuminate/Routing/Pipeline.php(53): Illuminate\\Pipeline\\Pipeline->Illuminate\\Pipeline\\{closure}(Object(Illuminate\\Http\\Request))
#31 /Users/marceli.to/Jamon.digital/Webroot/strut.ch/vendor/laravel/framework/src/Illuminate/Foundation/Http/Middleware/TransformsRequest.php(21): Illuminate\\Routing\\Pipeline->Illuminate\\Routing\\{closure}(Object(Illuminate\\Http\\Request))
#32 /Users/marceli.to/Jamon.digital/Webroot/strut.ch/vendor/laravel/framework/src/Illuminate/Pipeline/Pipeline.php(163): Illuminate\\Foundation\\Http\\Middleware\\TransformsRequest->handle(Object(Illuminate\\Http\\Request), Object(Closure))
#33 /Users/marceli.to/Jamon.digital/Webroot/strut.ch/vendor/laravel/framework/src/Illuminate/Routing/Pipeline.php(53): Illuminate\\Pipeline\\Pipeline->Illuminate\\Pipeline\\{closure}(Object(Illuminate\\Http\\Request))
#34 /Users/marceli.to/Jamon.digital/Webroot/strut.ch/vendor/laravel/framework/src/Illuminate/Foundation/Http/Middleware/ValidatePostSize.php(27): Illuminate\\Routing\\Pipeline->Illuminate\\Routing\\{closure}(Object(Illuminate\\Http\\Request))
#35 /Users/marceli.to/Jamon.digital/Webroot/strut.ch/vendor/laravel/framework/src/Illuminate/Pipeline/Pipeline.php(163): Illuminate\\Foundation\\Http\\Middleware\\ValidatePostSize->handle(Object(Illuminate\\Http\\Request), Object(Closure))
#36 /Users/marceli.to/Jamon.digital/Webroot/strut.ch/vendor/laravel/framework/src/Illuminate/Routing/Pipeline.php(53): Illuminate\\Pipeline\\Pipeline->Illuminate\\Pipeline\\{closure}(Object(Illuminate\\Http\\Request))
#37 /Users/marceli.to/Jamon.digital/Webroot/strut.ch/vendor/laravel/framework/src/Illuminate/Foundation/Http/Middleware/CheckForMaintenanceMode.php(62): Illuminate\\Routing\\Pipeline->Illuminate\\Routing\\{closure}(Object(Illuminate\\Http\\Request))
#38 /Users/marceli.to/Jamon.digital/Webroot/strut.ch/vendor/laravel/framework/src/Illuminate/Pipeline/Pipeline.php(163): Illuminate\\Foundation\\Http\\Middleware\\CheckForMaintenanceMode->handle(Object(Illuminate\\Http\\Request), Object(Closure))
#39 /Users/marceli.to/Jamon.digital/Webroot/strut.ch/vendor/laravel/framework/src/Illuminate/Routing/Pipeline.php(53): Illuminate\\Pipeline\\Pipeline->Illuminate\\Pipeline\\{closure}(Object(Illuminate\\Http\\Request))
#40 /Users/marceli.to/Jamon.digital/Webroot/strut.ch/vendor/laravel/framework/src/Illuminate/Pipeline/Pipeline.php(104): Illuminate\\Routing\\Pipeline->Illuminate\\Routing\\{closure}(Object(Illuminate\\Http\\Request))
#41 /Users/marceli.to/Jamon.digital/Webroot/strut.ch/vendor/laravel/framework/src/Illuminate/Foundation/Http/Kernel.php(151): Illuminate\\Pipeline\\Pipeline->then(Object(Closure))
#42 /Users/marceli.to/Jamon.digital/Webroot/strut.ch/vendor/laravel/framework/src/Illuminate/Foundation/Http/Kernel.php(116): Illuminate\\Foundation\\Http\\Kernel->sendRequestThroughRouter(Object(Illuminate\\Http\\Request))
#43 /Users/marceli.to/Jamon.digital/Webroot/strut.ch/public/index.php(55): Illuminate\\Foundation\\Http\\Kernel->handle(Object(Illuminate\\Http\\Request))
#44 {main}
"} 
[2019-12-18 11:57:50] local.ERROR: Argument 1 passed to Illuminate\Session\Middleware\StartSession::addCookieToResponse() must be an instance of Symfony\Component\HttpFoundation\Response, null given, called in /Users/marceli.to/Jamon.digital/Webroot/strut.ch/vendor/laravel/framework/src/Illuminate/Session/Middleware/StartSession.php on line 60 {"exception":"[object] (Symfony\\Component\\Debug\\Exception\\FatalThrowableError(code: 0): Argument 1 passed to Illuminate\\Session\\Middleware\\StartSession::addCookieToResponse() must be an instance of Symfony\\Component\\HttpFoundation\\Response, null given, called in /Users/marceli.to/Jamon.digital/Webroot/strut.ch/vendor/laravel/framework/src/Illuminate/Session/Middleware/StartSession.php on line 60 at /Users/marceli.to/Jamon.digital/Webroot/strut.ch/vendor/laravel/framework/src/Illuminate/Session/Middleware/StartSession.php:151)
[stacktrace]
#0 /Users/marceli.to/Jamon.digital/Webroot/strut.ch/vendor/laravel/framework/src/Illuminate/Session/Middleware/StartSession.php(60): Illuminate\\Session\\Middleware\\StartSession->addCookieToResponse(NULL, Object(Illuminate\\Session\\Store))
#1 /Users/marceli.to/Jamon.digital/Webroot/strut.ch/vendor/laravel/framework/src/Illuminate/Pipeline/Pipeline.php(163): Illuminate\\Session\\Middleware\\StartSession->handle(Object(Illuminate\\Http\\Request), Object(Closure))
#2 /Users/marceli.to/Jamon.digital/Webroot/strut.ch/vendor/laravel/framework/src/Illuminate/Routing/Pipeline.php(53): Illuminate\\Pipeline\\Pipeline->Illuminate\\Pipeline\\{closure}(Object(Illuminate\\Http\\Request))
#3 /Users/marceli.to/Jamon.digital/Webroot/strut.ch/vendor/laravel/framework/src/Illuminate/Cookie/Middleware/AddQueuedCookiesToResponse.php(37): Illuminate\\Routing\\Pipeline->Illuminate\\Routing\\{closure}(Object(Illuminate\\Http\\Request))
#4 /Users/marceli.to/Jamon.digital/Webroot/strut.ch/vendor/laravel/framework/src/Illuminate/Pipeline/Pipeline.php(163): Illuminate\\Cookie\\Middleware\\AddQueuedCookiesToResponse->handle(Object(Illuminate\\Http\\Request), Object(Closure))
#5 /Users/marceli.to/Jamon.digital/Webroot/strut.ch/vendor/laravel/framework/src/Illuminate/Routing/Pipeline.php(53): Illuminate\\Pipeline\\Pipeline->Illuminate\\Pipeline\\{closure}(Object(Illuminate\\Http\\Request))
#6 /Users/marceli.to/Jamon.digital/Webroot/strut.ch/vendor/laravel/framework/src/Illuminate/Cookie/Middleware/EncryptCookies.php(66): Illuminate\\Routing\\Pipeline->Illuminate\\Routing\\{closure}(Object(Illuminate\\Http\\Request))
#7 /Users/marceli.to/Jamon.digital/Webroot/strut.ch/vendor/laravel/framework/src/Illuminate/Pipeline/Pipeline.php(163): Illuminate\\Cookie\\Middleware\\EncryptCookies->handle(Object(Illuminate\\Http\\Request), Object(Closure))
#8 /Users/marceli.to/Jamon.digital/Webroot/strut.ch/vendor/laravel/framework/src/Illuminate/Routing/Pipeline.php(53): Illuminate\\Pipeline\\Pipeline->Illuminate\\Pipeline\\{closure}(Object(Illuminate\\Http\\Request))
#9 /Users/marceli.to/Jamon.digital/Webroot/strut.ch/vendor/laravel/framework/src/Illuminate/Pipeline/Pipeline.php(104): Illuminate\\Routing\\Pipeline->Illuminate\\Routing\\{closure}(Object(Illuminate\\Http\\Request))
#10 /Users/marceli.to/Jamon.digital/Webroot/strut.ch/vendor/laravel/framework/src/Illuminate/Routing/Router.php(682): Illuminate\\Pipeline\\Pipeline->then(Object(Closure))
#11 /Users/marceli.to/Jamon.digital/Webroot/strut.ch/vendor/laravel/framework/src/Illuminate/Routing/Router.php(657): Illuminate\\Routing\\Router->runRouteWithinStack(Object(Illuminate\\Routing\\Route), Object(Illuminate\\Http\\Request))
#12 /Users/marceli.to/Jamon.digital/Webroot/strut.ch/vendor/laravel/framework/src/Illuminate/Routing/Router.php(623): Illuminate\\Routing\\Router->runRoute(Object(Illuminate\\Http\\Request), Object(Illuminate\\Routing\\Route))
#13 /Users/marceli.to/Jamon.digital/Webroot/strut.ch/vendor/laravel/framework/src/Illuminate/Routing/Router.php(612): Illuminate\\Routing\\Router->dispatchToRoute(Object(Illuminate\\Http\\Request))
#14 /Users/marceli.to/Jamon.digital/Webroot/strut.ch/vendor/laravel/framework/src/Illuminate/Foundation/Http/Kernel.php(176): Illuminate\\Routing\\Router->dispatch(Object(Illuminate\\Http\\Request))
#15 /Users/marceli.to/Jamon.digital/Webroot/strut.ch/vendor/laravel/framework/src/Illuminate/Routing/Pipeline.php(30): Illuminate\\Foundation\\Http\\Kernel->Illuminate\\Foundation\\Http\\{closure}(Object(Illuminate\\Http\\Request))
#16 /Users/marceli.to/Jamon.digital/Webroot/strut.ch/vendor/fideloper/proxy/src/TrustProxies.php(57): Illuminate\\Routing\\Pipeline->Illuminate\\Routing\\{closure}(Object(Illuminate\\Http\\Request))
#17 /Users/marceli.to/Jamon.digital/Webroot/strut.ch/vendor/laravel/framework/src/Illuminate/Pipeline/Pipeline.php(163): Fideloper\\Proxy\\TrustProxies->handle(Object(Illuminate\\Http\\Request), Object(Closure))
#18 /Users/marceli.to/Jamon.digital/Webroot/strut.ch/vendor/laravel/framework/src/Illuminate/Routing/Pipeline.php(53): Illuminate\\Pipeline\\Pipeline->Illuminate\\Pipeline\\{closure}(Object(Illuminate\\Http\\Request))
#19 /Users/marceli.to/Jamon.digital/Webroot/strut.ch/vendor/laravel/framework/src/Illuminate/Foundation/Http/Middleware/TransformsRequest.php(21): Illuminate\\Routing\\Pipeline->Illuminate\\Routing\\{closure}(Object(Illuminate\\Http\\Request))
#20 /Users/marceli.to/Jamon.digital/Webroot/strut.ch/vendor/laravel/framework/src/Illuminate/Pipeline/Pipeline.php(163): Illuminate\\Foundation\\Http\\Middleware\\TransformsRequest->handle(Object(Illuminate\\Http\\Request), Object(Closure))
#21 /Users/marceli.to/Jamon.digital/Webroot/strut.ch/vendor/laravel/framework/src/Illuminate/Routing/Pipeline.php(53): Illuminate\\Pipeline\\Pipeline->Illuminate\\Pipeline\\{closure}(Object(Illuminate\\Http\\Request))
#22 /Users/marceli.to/Jamon.digital/Webroot/strut.ch/vendor/laravel/framework/src/Illuminate/Foundation/Http/Middleware/TransformsRequest.php(21): Illuminate\\Routing\\Pipeline->Illuminate\\Routing\\{closure}(Object(Illuminate\\Http\\Request))
#23 /Users/marceli.to/Jamon.digital/Webroot/strut.ch/vendor/laravel/framework/src/Illuminate/Pipeline/Pipeline.php(163): Illuminate\\Foundation\\Http\\Middleware\\TransformsRequest->handle(Object(Illuminate\\Http\\Request), Object(Closure))
#24 /Users/marceli.to/Jamon.digital/Webroot/strut.ch/vendor/laravel/framework/src/Illuminate/Routing/Pipeline.php(53): Illuminate\\Pipeline\\Pipeline->Illuminate\\Pipeline\\{closure}(Object(Illuminate\\Http\\Request))
#25 /Users/marceli.to/Jamon.digital/Webroot/strut.ch/vendor/laravel/framework/src/Illuminate/Foundation/Http/Middleware/ValidatePostSize.php(27): Illuminate\\Routing\\Pipeline->Illuminate\\Routing\\{closure}(Object(Illuminate\\Http\\Request))
#26 /Users/marceli.to/Jamon.digital/Webroot/strut.ch/vendor/laravel/framework/src/Illuminate/Pipeline/Pipeline.php(163): Illuminate\\Foundation\\Http\\Middleware\\ValidatePostSize->handle(Object(Illuminate\\Http\\Request), Object(Closure))
#27 /Users/marceli.to/Jamon.digital/Webroot/strut.ch/vendor/laravel/framework/src/Illuminate/Routing/Pipeline.php(53): Illuminate\\Pipeline\\Pipeline->Illuminate\\Pipeline\\{closure}(Object(Illuminate\\Http\\Request))
#28 /Users/marceli.to/Jamon.digital/Webroot/strut.ch/vendor/laravel/framework/src/Illuminate/Foundation/Http/Middleware/CheckForMaintenanceMode.php(62): Illuminate\\Routing\\Pipeline->Illuminate\\Routing\\{closure}(Object(Illuminate\\Http\\Request))
#29 /Users/marceli.to/Jamon.digital/Webroot/strut.ch/vendor/laravel/framework/src/Illuminate/Pipeline/Pipeline.php(163): Illuminate\\Foundation\\Http\\Middleware\\CheckForMaintenanceMode->handle(Object(Illuminate\\Http\\Request), Object(Closure))
#30 /Users/marceli.to/Jamon.digital/Webroot/strut.ch/vendor/laravel/framework/src/Illuminate/Routing/Pipeline.php(53): Illuminate\\Pipeline\\Pipeline->Illuminate\\Pipeline\\{closure}(Object(Illuminate\\Http\\Request))
#31 /Users/marceli.to/Jamon.digital/Webroot/strut.ch/vendor/laravel/framework/src/Illuminate/Pipeline/Pipeline.php(104): Illuminate\\Routing\\Pipeline->Illuminate\\Routing\\{closure}(Object(Illuminate\\Http\\Request))
#32 /Users/marceli.to/Jamon.digital/Webroot/strut.ch/vendor/laravel/framework/src/Illuminate/Foundation/Http/Kernel.php(151): Illuminate\\Pipeline\\Pipeline->then(Object(Closure))
#33 /Users/marceli.to/Jamon.digital/Webroot/strut.ch/vendor/laravel/framework/src/Illuminate/Foundation/Http/Kernel.php(116): Illuminate\\Foundation\\Http\\Kernel->sendRequestThroughRouter(Object(Illuminate\\Http\\Request))
#34 /Users/marceli.to/Jamon.digital/Webroot/strut.ch/public/index.php(55): Illuminate\\Foundation\\Http\\Kernel->handle(Object(Illuminate\\Http\\Request))
#35 {main}
"} 
[2019-12-18 11:57:50] local.ERROR: Argument 1 passed to Illuminate\Cookie\Middleware\EncryptCookies::encrypt() must be an instance of Symfony\Component\HttpFoundation\Response, null given, called in /Users/marceli.to/Jamon.digital/Webroot/strut.ch/vendor/laravel/framework/src/Illuminate/Cookie/Middleware/EncryptCookies.php on line 66 {"exception":"[object] (Symfony\\Component\\Debug\\Exception\\FatalThrowableError(code: 0): Argument 1 passed to Illuminate\\Cookie\\Middleware\\EncryptCookies::encrypt() must be an instance of Symfony\\Component\\HttpFoundation\\Response, null given, called in /Users/marceli.to/Jamon.digital/Webroot/strut.ch/vendor/laravel/framework/src/Illuminate/Cookie/Middleware/EncryptCookies.php on line 66 at /Users/marceli.to/Jamon.digital/Webroot/strut.ch/vendor/laravel/framework/src/Illuminate/Cookie/Middleware/EncryptCookies.php:131)
[stacktrace]
#0 /Users/marceli.to/Jamon.digital/Webroot/strut.ch/vendor/laravel/framework/src/Illuminate/Cookie/Middleware/EncryptCookies.php(66): Illuminate\\Cookie\\Middleware\\EncryptCookies->encrypt(NULL)
#1 /Users/marceli.to/Jamon.digital/Webroot/strut.ch/vendor/laravel/framework/src/Illuminate/Pipeline/Pipeline.php(163): Illuminate\\Cookie\\Middleware\\EncryptCookies->handle(Object(Illuminate\\Http\\Request), Object(Closure))
#2 /Users/marceli.to/Jamon.digital/Webroot/strut.ch/vendor/laravel/framework/src/Illuminate/Routing/Pipeline.php(53): Illuminate\\Pipeline\\Pipeline->Illuminate\\Pipeline\\{closure}(Object(Illuminate\\Http\\Request))
#3 /Users/marceli.to/Jamon.digital/Webroot/strut.ch/vendor/laravel/framework/src/Illuminate/Pipeline/Pipeline.php(104): Illuminate\\Routing\\Pipeline->Illuminate\\Routing\\{closure}(Object(Illuminate\\Http\\Request))
#4 /Users/marceli.to/Jamon.digital/Webroot/strut.ch/vendor/laravel/framework/src/Illuminate/Routing/Router.php(682): Illuminate\\Pipeline\\Pipeline->then(Object(Closure))
#5 /Users/marceli.to/Jamon.digital/Webroot/strut.ch/vendor/laravel/framework/src/Illuminate/Routing/Router.php(657): Illuminate\\Routing\\Router->runRouteWithinStack(Object(Illuminate\\Routing\\Route), Object(Illuminate\\Http\\Request))
#6 /Users/marceli.to/Jamon.digital/Webroot/strut.ch/vendor/laravel/framework/src/Illuminate/Routing/Router.php(623): Illuminate\\Routing\\Router->runRoute(Object(Illuminate\\Http\\Request), Object(Illuminate\\Routing\\Route))
#7 /Users/marceli.to/Jamon.digital/Webroot/strut.ch/vendor/laravel/framework/src/Illuminate/Routing/Router.php(612): Illuminate\\Routing\\Router->dispatchToRoute(Object(Illuminate\\Http\\Request))
#8 /Users/marceli.to/Jamon.digital/Webroot/strut.ch/vendor/laravel/framework/src/Illuminate/Foundation/Http/Kernel.php(176): Illuminate\\Routing\\Router->dispatch(Object(Illuminate\\Http\\Request))
#9 /Users/marceli.to/Jamon.digital/Webroot/strut.ch/vendor/laravel/framework/src/Illuminate/Routing/Pipeline.php(30): Illuminate\\Foundation\\Http\\Kernel->Illuminate\\Foundation\\Http\\{closure}(Object(Illuminate\\Http\\Request))
#10 /Users/marceli.to/Jamon.digital/Webroot/strut.ch/vendor/fideloper/proxy/src/TrustProxies.php(57): Illuminate\\Routing\\Pipeline->Illuminate\\Routing\\{closure}(Object(Illuminate\\Http\\Request))
#11 /Users/marceli.to/Jamon.digital/Webroot/strut.ch/vendor/laravel/framework/src/Illuminate/Pipeline/Pipeline.php(163): Fideloper\\Proxy\\TrustProxies->handle(Object(Illuminate\\Http\\Request), Object(Closure))
#12 /Users/marceli.to/Jamon.digital/Webroot/strut.ch/vendor/laravel/framework/src/Illuminate/Routing/Pipeline.php(53): Illuminate\\Pipeline\\Pipeline->Illuminate\\Pipeline\\{closure}(Object(Illuminate\\Http\\Request))
#13 /Users/marceli.to/Jamon.digital/Webroot/strut.ch/vendor/laravel/framework/src/Illuminate/Foundation/Http/Middleware/TransformsRequest.php(21): Illuminate\\Routing\\Pipeline->Illuminate\\Routing\\{closure}(Object(Illuminate\\Http\\Request))
#14 /Users/marceli.to/Jamon.digital/Webroot/strut.ch/vendor/laravel/framework/src/Illuminate/Pipeline/Pipeline.php(163): Illuminate\\Foundation\\Http\\Middleware\\TransformsRequest->handle(Object(Illuminate\\Http\\Request), Object(Closure))
#15 /Users/marceli.to/Jamon.digital/Webroot/strut.ch/vendor/laravel/framework/src/Illuminate/Routing/Pipeline.php(53): Illuminate\\Pipeline\\Pipeline->Illuminate\\Pipeline\\{closure}(Object(Illuminate\\Http\\Request))
#16 /Users/marceli.to/Jamon.digital/Webroot/strut.ch/vendor/laravel/framework/src/Illuminate/Foundation/Http/Middleware/TransformsRequest.php(21): Illuminate\\Routing\\Pipeline->Illuminate\\Routing\\{closure}(Object(Illuminate\\Http\\Request))
#17 /Users/marceli.to/Jamon.digital/Webroot/strut.ch/vendor/laravel/framework/src/Illuminate/Pipeline/Pipeline.php(163): Illuminate\\Foundation\\Http\\Middleware\\TransformsRequest->handle(Object(Illuminate\\Http\\Request), Object(Closure))
#18 /Users/marceli.to/Jamon.digital/Webroot/strut.ch/vendor/laravel/framework/src/Illuminate/Routing/Pipeline.php(53): Illuminate\\Pipeline\\Pipeline->Illuminate\\Pipeline\\{closure}(Object(Illuminate\\Http\\Request))
#19 /Users/marceli.to/Jamon.digital/Webroot/strut.ch/vendor/laravel/framework/src/Illuminate/Foundation/Http/Middleware/ValidatePostSize.php(27): Illuminate\\Routing\\Pipeline->Illuminate\\Routing\\{closure}(Object(Illuminate\\Http\\Request))
#20 /Users/marceli.to/Jamon.digital/Webroot/strut.ch/vendor/laravel/framework/src/Illuminate/Pipeline/Pipeline.php(163): Illuminate\\Foundation\\Http\\Middleware\\ValidatePostSize->handle(Object(Illuminate\\Http\\Request), Object(Closure))
#21 /Users/marceli.to/Jamon.digital/Webroot/strut.ch/vendor/laravel/framework/src/Illuminate/Routing/Pipeline.php(53): Illuminate\\Pipeline\\Pipeline->Illuminate\\Pipeline\\{closure}(Object(Illuminate\\Http\\Request))
#22 /Users/marceli.to/Jamon.digital/Webroot/strut.ch/vendor/laravel/framework/src/Illuminate/Foundation/Http/Middleware/CheckForMaintenanceMode.php(62): Illuminate\\Routing\\Pipeline->Illuminate\\Routing\\{closure}(Object(Illuminate\\Http\\Request))
#23 /Users/marceli.to/Jamon.digital/Webroot/strut.ch/vendor/laravel/framework/src/Illuminate/Pipeline/Pipeline.php(163): Illuminate\\Foundation\\Http\\Middleware\\CheckForMaintenanceMode->handle(Object(Illuminate\\Http\\Request), Object(Closure))
#24 /Users/marceli.to/Jamon.digital/Webroot/strut.ch/vendor/laravel/framework/src/Illuminate/Routing/Pipeline.php(53): Illuminate\\Pipeline\\Pipeline->Illuminate\\Pipeline\\{closure}(Object(Illuminate\\Http\\Request))
#25 /Users/marceli.to/Jamon.digital/Webroot/strut.ch/vendor/laravel/framework/src/Illuminate/Pipeline/Pipeline.php(104): Illuminate\\Routing\\Pipeline->Illuminate\\Routing\\{closure}(Object(Illuminate\\Http\\Request))
#26 /Users/marceli.to/Jamon.digital/Webroot/strut.ch/vendor/laravel/framework/src/Illuminate/Foundation/Http/Kernel.php(151): Illuminate\\Pipeline\\Pipeline->then(Object(Closure))
#27 /Users/marceli.to/Jamon.digital/Webroot/strut.ch/vendor/laravel/framework/src/Illuminate/Foundation/Http/Kernel.php(116): Illuminate\\Foundation\\Http\\Kernel->sendRequestThroughRouter(Object(Illuminate\\Http\\Request))
#28 /Users/marceli.to/Jamon.digital/Webroot/strut.ch/public/index.php(55): Illuminate\\Foundation\\Http\\Kernel->handle(Object(Illuminate\\Http\\Request))
#29 {main}
"} 
[2019-12-18 12:07:08] local.ERROR: asort() expects parameter 2 to be integer, string given {"exception":"[object] (ErrorException(code: 0): asort() expects parameter 2 to be integer, string given at /Users/marceli.to/Jamon.digital/Webroot/strut.ch/vendor/laravel/framework/src/Illuminate/Support/Collection.php:1716)
[stacktrace]
#0 [internal function]: Illuminate\\Foundation\\Bootstrap\\HandleExceptions->handleError(2, 'asort() expects...', '/Users/marceli....', 1716, Array)
#1 /Users/marceli.to/Jamon.digital/Webroot/strut.ch/vendor/laravel/framework/src/Illuminate/Support/Collection.php(1716): asort(Array, 'DESC')
#2 /Users/marceli.to/Jamon.digital/Webroot/strut.ch/app/Http/Controllers/Frontend/WorksController.php(93): Illuminate\\Support\\Collection->sortBy(Object(Closure), 'DESC')
#3 [internal function]: App\\Http\\Controllers\\Frontend\\WorksController->byType()
#4 /Users/marceli.to/Jamon.digital/Webroot/strut.ch/vendor/laravel/framework/src/Illuminate/Routing/Controller.php(54): call_user_func_array(Array, Array)
#5 /Users/marceli.to/Jamon.digital/Webroot/strut.ch/vendor/laravel/framework/src/Illuminate/Routing/ControllerDispatcher.php(45): Illuminate\\Routing\\Controller->callAction('byType', Array)
#6 /Users/marceli.to/Jamon.digital/Webroot/strut.ch/vendor/laravel/framework/src/Illuminate/Routing/Route.php(219): Illuminate\\Routing\\ControllerDispatcher->dispatch(Object(Illuminate\\Routing\\Route), Object(App\\Http\\Controllers\\Frontend\\WorksController), 'byType')
#7 /Users/marceli.to/Jamon.digital/Webroot/strut.ch/vendor/laravel/framework/src/Illuminate/Routing/Route.php(176): Illuminate\\Routing\\Route->runController()
#8 /Users/marceli.to/Jamon.digital/Webroot/strut.ch/vendor/laravel/framework/src/Illuminate/Routing/Router.php(680): Illuminate\\Routing\\Route->run()
#9 /Users/marceli.to/Jamon.digital/Webroot/strut.ch/vendor/laravel/framework/src/Illuminate/Routing/Pipeline.php(30): Illuminate\\Routing\\Router->Illuminate\\Routing\\{closure}(Object(Illuminate\\Http\\Request))
#10 /Users/marceli.to/Jamon.digital/Webroot/strut.ch/vendor/laravel/framework/src/Illuminate/Routing/Middleware/SubstituteBindings.php(41): Illuminate\\Routing\\Pipeline->Illuminate\\Routing\\{closure}(Object(Illuminate\\Http\\Request))
#11 /Users/marceli.to/Jamon.digital/Webroot/strut.ch/vendor/laravel/framework/src/Illuminate/Pipeline/Pipeline.php(163): Illuminate\\Routing\\Middleware\\SubstituteBindings->handle(Object(Illuminate\\Http\\Request), Object(Closure))
#12 /Users/marceli.to/Jamon.digital/Webroot/strut.ch/vendor/laravel/framework/src/Illuminate/Routing/Pipeline.php(53): Illuminate\\Pipeline\\Pipeline->Illuminate\\Pipeline\\{closure}(Object(Illuminate\\Http\\Request))
#13 /Users/marceli.to/Jamon.digital/Webroot/strut.ch/vendor/laravel/framework/src/Illuminate/Foundation/Http/Middleware/VerifyCsrfToken.php(75): Illuminate\\Routing\\Pipeline->Illuminate\\Routing\\{closure}(Object(Illuminate\\Http\\Request))
#14 /Users/marceli.to/Jamon.digital/Webroot/strut.ch/vendor/laravel/framework/src/Illuminate/Pipeline/Pipeline.php(163): Illuminate\\Foundation\\Http\\Middleware\\VerifyCsrfToken->handle(Object(Illuminate\\Http\\Request), Object(Closure))
#15 /Users/marceli.to/Jamon.digital/Webroot/strut.ch/vendor/laravel/framework/src/Illuminate/Routing/Pipeline.php(53): Illuminate\\Pipeline\\Pipeline->Illuminate\\Pipeline\\{closure}(Object(Illuminate\\Http\\Request))
#16 /Users/marceli.to/Jamon.digital/Webroot/strut.ch/vendor/laravel/framework/src/Illuminate/View/Middleware/ShareErrorsFromSession.php(49): Illuminate\\Routing\\Pipeline->Illuminate\\Routing\\{closure}(Object(Illuminate\\Http\\Request))
#17 /Users/marceli.to/Jamon.digital/Webroot/strut.ch/vendor/laravel/framework/src/Illuminate/Pipeline/Pipeline.php(163): Illuminate\\View\\Middleware\\ShareErrorsFromSession->handle(Object(Illuminate\\Http\\Request), Object(Closure))
#18 /Users/marceli.to/Jamon.digital/Webroot/strut.ch/vendor/laravel/framework/src/Illuminate/Routing/Pipeline.php(53): Illuminate\\Pipeline\\Pipeline->Illuminate\\Pipeline\\{closure}(Object(Illuminate\\Http\\Request))
#19 /Users/marceli.to/Jamon.digital/Webroot/strut.ch/vendor/laravel/framework/src/Illuminate/Session/Middleware/StartSession.php(56): Illuminate\\Routing\\Pipeline->Illuminate\\Routing\\{closure}(Object(Illuminate\\Http\\Request))
#20 /Users/marceli.to/Jamon.digital/Webroot/strut.ch/vendor/laravel/framework/src/Illuminate/Pipeline/Pipeline.php(163): Illuminate\\Session\\Middleware\\StartSession->handle(Object(Illuminate\\Http\\Request), Object(Closure))
#21 /Users/marceli.to/Jamon.digital/Webroot/strut.ch/vendor/laravel/framework/src/Illuminate/Routing/Pipeline.php(53): Illuminate\\Pipeline\\Pipeline->Illuminate\\Pipeline\\{closure}(Object(Illuminate\\Http\\Request))
#22 /Users/marceli.to/Jamon.digital/Webroot/strut.ch/vendor/laravel/framework/src/Illuminate/Cookie/Middleware/AddQueuedCookiesToResponse.php(37): Illuminate\\Routing\\Pipeline->Illuminate\\Routing\\{closure}(Object(Illuminate\\Http\\Request))
#23 /Users/marceli.to/Jamon.digital/Webroot/strut.ch/vendor/laravel/framework/src/Illuminate/Pipeline/Pipeline.php(163): Illuminate\\Cookie\\Middleware\\AddQueuedCookiesToResponse->handle(Object(Illuminate\\Http\\Request), Object(Closure))
#24 /Users/marceli.to/Jamon.digital/Webroot/strut.ch/vendor/laravel/framework/src/Illuminate/Routing/Pipeline.php(53): Illuminate\\Pipeline\\Pipeline->Illuminate\\Pipeline\\{closure}(Object(Illuminate\\Http\\Request))
#25 /Users/marceli.to/Jamon.digital/Webroot/strut.ch/vendor/laravel/framework/src/Illuminate/Cookie/Middleware/EncryptCookies.php(66): Illuminate\\Routing\\Pipeline->Illuminate\\Routing\\{closure}(Object(Illuminate\\Http\\Request))
#26 /Users/marceli.to/Jamon.digital/Webroot/strut.ch/vendor/laravel/framework/src/Illuminate/Pipeline/Pipeline.php(163): Illuminate\\Cookie\\Middleware\\EncryptCookies->handle(Object(Illuminate\\Http\\Request), Object(Closure))
#27 /Users/marceli.to/Jamon.digital/Webroot/strut.ch/vendor/laravel/framework/src/Illuminate/Routing/Pipeline.php(53): Illuminate\\Pipeline\\Pipeline->Illuminate\\Pipeline\\{closure}(Object(Illuminate\\Http\\Request))
#28 /Users/marceli.to/Jamon.digital/Webroot/strut.ch/vendor/laravel/framework/src/Illuminate/Pipeline/Pipeline.php(104): Illuminate\\Routing\\Pipeline->Illuminate\\Routing\\{closure}(Object(Illuminate\\Http\\Request))
#29 /Users/marceli.to/Jamon.digital/Webroot/strut.ch/vendor/laravel/framework/src/Illuminate/Routing/Router.php(682): Illuminate\\Pipeline\\Pipeline->then(Object(Closure))
#30 /Users/marceli.to/Jamon.digital/Webroot/strut.ch/vendor/laravel/framework/src/Illuminate/Routing/Router.php(657): Illuminate\\Routing\\Router->runRouteWithinStack(Object(Illuminate\\Routing\\Route), Object(Illuminate\\Http\\Request))
#31 /Users/marceli.to/Jamon.digital/Webroot/strut.ch/vendor/laravel/framework/src/Illuminate/Routing/Router.php(623): Illuminate\\Routing\\Router->runRoute(Object(Illuminate\\Http\\Request), Object(Illuminate\\Routing\\Route))
#32 /Users/marceli.to/Jamon.digital/Webroot/strut.ch/vendor/laravel/framework/src/Illuminate/Routing/Router.php(612): Illuminate\\Routing\\Router->dispatchToRoute(Object(Illuminate\\Http\\Request))
#33 /Users/marceli.to/Jamon.digital/Webroot/strut.ch/vendor/laravel/framework/src/Illuminate/Foundation/Http/Kernel.php(176): Illuminate\\Routing\\Router->dispatch(Object(Illuminate\\Http\\Request))
#34 /Users/marceli.to/Jamon.digital/Webroot/strut.ch/vendor/laravel/framework/src/Illuminate/Routing/Pipeline.php(30): Illuminate\\Foundation\\Http\\Kernel->Illuminate\\Foundation\\Http\\{closure}(Object(Illuminate\\Http\\Request))
#35 /Users/marceli.to/Jamon.digital/Webroot/strut.ch/vendor/fideloper/proxy/src/TrustProxies.php(57): Illuminate\\Routing\\Pipeline->Illuminate\\Routing\\{closure}(Object(Illuminate\\Http\\Request))
#36 /Users/marceli.to/Jamon.digital/Webroot/strut.ch/vendor/laravel/framework/src/Illuminate/Pipeline/Pipeline.php(163): Fideloper\\Proxy\\TrustProxies->handle(Object(Illuminate\\Http\\Request), Object(Closure))
#37 /Users/marceli.to/Jamon.digital/Webroot/strut.ch/vendor/laravel/framework/src/Illuminate/Routing/Pipeline.php(53): Illuminate\\Pipeline\\Pipeline->Illuminate\\Pipeline\\{closure}(Object(Illuminate\\Http\\Request))
#38 /Users/marceli.to/Jamon.digital/Webroot/strut.ch/vendor/laravel/framework/src/Illuminate/Foundation/Http/Middleware/TransformsRequest.php(21): Illuminate\\Routing\\Pipeline->Illuminate\\Routing\\{closure}(Object(Illuminate\\Http\\Request))
#39 /Users/marceli.to/Jamon.digital/Webroot/strut.ch/vendor/laravel/framework/src/Illuminate/Pipeline/Pipeline.php(163): Illuminate\\Foundation\\Http\\Middleware\\TransformsRequest->handle(Object(Illuminate\\Http\\Request), Object(Closure))
#40 /Users/marceli.to/Jamon.digital/Webroot/strut.ch/vendor/laravel/framework/src/Illuminate/Routing/Pipeline.php(53): Illuminate\\Pipeline\\Pipeline->Illuminate\\Pipeline\\{closure}(Object(Illuminate\\Http\\Request))
#41 /Users/marceli.to/Jamon.digital/Webroot/strut.ch/vendor/laravel/framework/src/Illuminate/Foundation/Http/Middleware/TransformsRequest.php(21): Illuminate\\Routing\\Pipeline->Illuminate\\Routing\\{closure}(Object(Illuminate\\Http\\Request))
#42 /Users/marceli.to/Jamon.digital/Webroot/strut.ch/vendor/laravel/framework/src/Illuminate/Pipeline/Pipeline.php(163): Illuminate\\Foundation\\Http\\Middleware\\TransformsRequest->handle(Object(Illuminate\\Http\\Request), Object(Closure))
#43 /Users/marceli.to/Jamon.digital/Webroot/strut.ch/vendor/laravel/framework/src/Illuminate/Routing/Pipeline.php(53): Illuminate\\Pipeline\\Pipeline->Illuminate\\Pipeline\\{closure}(Object(Illuminate\\Http\\Request))
#44 /Users/marceli.to/Jamon.digital/Webroot/strut.ch/vendor/laravel/framework/src/Illuminate/Foundation/Http/Middleware/ValidatePostSize.php(27): Illuminate\\Routing\\Pipeline->Illuminate\\Routing\\{closure}(Object(Illuminate\\Http\\Request))
#45 /Users/marceli.to/Jamon.digital/Webroot/strut.ch/vendor/laravel/framework/src/Illuminate/Pipeline/Pipeline.php(163): Illuminate\\Foundation\\Http\\Middleware\\ValidatePostSize->handle(Object(Illuminate\\Http\\Request), Object(Closure))
#46 /Users/marceli.to/Jamon.digital/Webroot/strut.ch/vendor/laravel/framework/src/Illuminate/Routing/Pipeline.php(53): Illuminate\\Pipeline\\Pipeline->Illuminate\\Pipeline\\{closure}(Object(Illuminate\\Http\\Request))
#47 /Users/marceli.to/Jamon.digital/Webroot/strut.ch/vendor/laravel/framework/src/Illuminate/Foundation/Http/Middleware/CheckForMaintenanceMode.php(62): Illuminate\\Routing\\Pipeline->Illuminate\\Routing\\{closure}(Object(Illuminate\\Http\\Request))
#48 /Users/marceli.to/Jamon.digital/Webroot/strut.ch/vendor/laravel/framework/src/Illuminate/Pipeline/Pipeline.php(163): Illuminate\\Foundation\\Http\\Middleware\\CheckForMaintenanceMode->handle(Object(Illuminate\\Http\\Request), Object(Closure))
#49 /Users/marceli.to/Jamon.digital/Webroot/strut.ch/vendor/laravel/framework/src/Illuminate/Routing/Pipeline.php(53): Illuminate\\Pipeline\\Pipeline->Illuminate\\Pipeline\\{closure}(Object(Illuminate\\Http\\Request))
#50 /Users/marceli.to/Jamon.digital/Webroot/strut.ch/vendor/laravel/framework/src/Illuminate/Pipeline/Pipeline.php(104): Illuminate\\Routing\\Pipeline->Illuminate\\Routing\\{closure}(Object(Illuminate\\Http\\Request))
#51 /Users/marceli.to/Jamon.digital/Webroot/strut.ch/vendor/laravel/framework/src/Illuminate/Foundation/Http/Kernel.php(151): Illuminate\\Pipeline\\Pipeline->then(Object(Closure))
#52 /Users/marceli.to/Jamon.digital/Webroot/strut.ch/vendor/laravel/framework/src/Illuminate/Foundation/Http/Kernel.php(116): Illuminate\\Foundation\\Http\\Kernel->sendRequestThroughRouter(Object(Illuminate\\Http\\Request))
#53 /Users/marceli.to/Jamon.digital/Webroot/strut.ch/public/index.php(55): Illuminate\\Foundation\\Http\\Kernel->handle(Object(Illuminate\\Http\\Request))
#54 {main}
"} 
[2019-12-18 12:07:08] local.ERROR: Trying to get property 'headers' of non-object {"exception":"[object] (ErrorException(code: 0): Trying to get property 'headers' of non-object at /Users/marceli.to/Jamon.digital/Webroot/strut.ch/vendor/laravel/framework/src/Illuminate/Foundation/Http/Middleware/VerifyCsrfToken.php:180)
[stacktrace]
#0 /Users/marceli.to/Jamon.digital/Webroot/strut.ch/vendor/laravel/framework/src/Illuminate/Foundation/Http/Middleware/VerifyCsrfToken.php(180): Illuminate\\Foundation\\Bootstrap\\HandleExceptions->handleError(8, 'Trying to get p...', '/Users/marceli....', 180, Array)
#1 /Users/marceli.to/Jamon.digital/Webroot/strut.ch/vendor/laravel/framework/src/Illuminate/Foundation/Http/Middleware/VerifyCsrfToken.php(77): Illuminate\\Foundation\\Http\\Middleware\\VerifyCsrfToken->addCookieToResponse(Object(Illuminate\\Http\\Request), NULL)
#2 /Users/marceli.to/Jamon.digital/Webroot/strut.ch/vendor/laravel/framework/src/Illuminate/Support/helpers.php(1124): Illuminate\\Foundation\\Http\\Middleware\\VerifyCsrfToken->Illuminate\\Foundation\\Http\\Middleware\\{closure}(NULL)
#3 /Users/marceli.to/Jamon.digital/Webroot/strut.ch/vendor/laravel/framework/src/Illuminate/Foundation/Http/Middleware/VerifyCsrfToken.php(79): tap(NULL, Object(Closure))
#4 /Users/marceli.to/Jamon.digital/Webroot/strut.ch/vendor/laravel/framework/src/Illuminate/Pipeline/Pipeline.php(163): Illuminate\\Foundation\\Http\\Middleware\\VerifyCsrfToken->handle(Object(Illuminate\\Http\\Request), Object(Closure))
#5 /Users/marceli.to/Jamon.digital/Webroot/strut.ch/vendor/laravel/framework/src/Illuminate/Routing/Pipeline.php(53): Illuminate\\Pipeline\\Pipeline->Illuminate\\Pipeline\\{closure}(Object(Illuminate\\Http\\Request))
#6 /Users/marceli.to/Jamon.digital/Webroot/strut.ch/vendor/laravel/framework/src/Illuminate/View/Middleware/ShareErrorsFromSession.php(49): Illuminate\\Routing\\Pipeline->Illuminate\\Routing\\{closure}(Object(Illuminate\\Http\\Request))
#7 /Users/marceli.to/Jamon.digital/Webroot/strut.ch/vendor/laravel/framework/src/Illuminate/Pipeline/Pipeline.php(163): Illuminate\\View\\Middleware\\ShareErrorsFromSession->handle(Object(Illuminate\\Http\\Request), Object(Closure))
#8 /Users/marceli.to/Jamon.digital/Webroot/strut.ch/vendor/laravel/framework/src/Illuminate/Routing/Pipeline.php(53): Illuminate\\Pipeline\\Pipeline->Illuminate\\Pipeline\\{closure}(Object(Illuminate\\Http\\Request))
#9 /Users/marceli.to/Jamon.digital/Webroot/strut.ch/vendor/laravel/framework/src/Illuminate/Session/Middleware/StartSession.php(56): Illuminate\\Routing\\Pipeline->Illuminate\\Routing\\{closure}(Object(Illuminate\\Http\\Request))
#10 /Users/marceli.to/Jamon.digital/Webroot/strut.ch/vendor/laravel/framework/src/Illuminate/Pipeline/Pipeline.php(163): Illuminate\\Session\\Middleware\\StartSession->handle(Object(Illuminate\\Http\\Request), Object(Closure))
#11 /Users/marceli.to/Jamon.digital/Webroot/strut.ch/vendor/laravel/framework/src/Illuminate/Routing/Pipeline.php(53): Illuminate\\Pipeline\\Pipeline->Illuminate\\Pipeline\\{closure}(Object(Illuminate\\Http\\Request))
#12 /Users/marceli.to/Jamon.digital/Webroot/strut.ch/vendor/laravel/framework/src/Illuminate/Cookie/Middleware/AddQueuedCookiesToResponse.php(37): Illuminate\\Routing\\Pipeline->Illuminate\\Routing\\{closure}(Object(Illuminate\\Http\\Request))
#13 /Users/marceli.to/Jamon.digital/Webroot/strut.ch/vendor/laravel/framework/src/Illuminate/Pipeline/Pipeline.php(163): Illuminate\\Cookie\\Middleware\\AddQueuedCookiesToResponse->handle(Object(Illuminate\\Http\\Request), Object(Closure))
#14 /Users/marceli.to/Jamon.digital/Webroot/strut.ch/vendor/laravel/framework/src/Illuminate/Routing/Pipeline.php(53): Illuminate\\Pipeline\\Pipeline->Illuminate\\Pipeline\\{closure}(Object(Illuminate\\Http\\Request))
#15 /Users/marceli.to/Jamon.digital/Webroot/strut.ch/vendor/laravel/framework/src/Illuminate/Cookie/Middleware/EncryptCookies.php(66): Illuminate\\Routing\\Pipeline->Illuminate\\Routing\\{closure}(Object(Illuminate\\Http\\Request))
#16 /Users/marceli.to/Jamon.digital/Webroot/strut.ch/vendor/laravel/framework/src/Illuminate/Pipeline/Pipeline.php(163): Illuminate\\Cookie\\Middleware\\EncryptCookies->handle(Object(Illuminate\\Http\\Request), Object(Closure))
#17 /Users/marceli.to/Jamon.digital/Webroot/strut.ch/vendor/laravel/framework/src/Illuminate/Routing/Pipeline.php(53): Illuminate\\Pipeline\\Pipeline->Illuminate\\Pipeline\\{closure}(Object(Illuminate\\Http\\Request))
#18 /Users/marceli.to/Jamon.digital/Webroot/strut.ch/vendor/laravel/framework/src/Illuminate/Pipeline/Pipeline.php(104): Illuminate\\Routing\\Pipeline->Illuminate\\Routing\\{closure}(Object(Illuminate\\Http\\Request))
#19 /Users/marceli.to/Jamon.digital/Webroot/strut.ch/vendor/laravel/framework/src/Illuminate/Routing/Router.php(682): Illuminate\\Pipeline\\Pipeline->then(Object(Closure))
#20 /Users/marceli.to/Jamon.digital/Webroot/strut.ch/vendor/laravel/framework/src/Illuminate/Routing/Router.php(657): Illuminate\\Routing\\Router->runRouteWithinStack(Object(Illuminate\\Routing\\Route), Object(Illuminate\\Http\\Request))
#21 /Users/marceli.to/Jamon.digital/Webroot/strut.ch/vendor/laravel/framework/src/Illuminate/Routing/Router.php(623): Illuminate\\Routing\\Router->runRoute(Object(Illuminate\\Http\\Request), Object(Illuminate\\Routing\\Route))
#22 /Users/marceli.to/Jamon.digital/Webroot/strut.ch/vendor/laravel/framework/src/Illuminate/Routing/Router.php(612): Illuminate\\Routing\\Router->dispatchToRoute(Object(Illuminate\\Http\\Request))
#23 /Users/marceli.to/Jamon.digital/Webroot/strut.ch/vendor/laravel/framework/src/Illuminate/Foundation/Http/Kernel.php(176): Illuminate\\Routing\\Router->dispatch(Object(Illuminate\\Http\\Request))
#24 /Users/marceli.to/Jamon.digital/Webroot/strut.ch/vendor/laravel/framework/src/Illuminate/Routing/Pipeline.php(30): Illuminate\\Foundation\\Http\\Kernel->Illuminate\\Foundation\\Http\\{closure}(Object(Illuminate\\Http\\Request))
#25 /Users/marceli.to/Jamon.digital/Webroot/strut.ch/vendor/fideloper/proxy/src/TrustProxies.php(57): Illuminate\\Routing\\Pipeline->Illuminate\\Routing\\{closure}(Object(Illuminate\\Http\\Request))
#26 /Users/marceli.to/Jamon.digital/Webroot/strut.ch/vendor/laravel/framework/src/Illuminate/Pipeline/Pipeline.php(163): Fideloper\\Proxy\\TrustProxies->handle(Object(Illuminate\\Http\\Request), Object(Closure))
#27 /Users/marceli.to/Jamon.digital/Webroot/strut.ch/vendor/laravel/framework/src/Illuminate/Routing/Pipeline.php(53): Illuminate\\Pipeline\\Pipeline->Illuminate\\Pipeline\\{closure}(Object(Illuminate\\Http\\Request))
#28 /Users/marceli.to/Jamon.digital/Webroot/strut.ch/vendor/laravel/framework/src/Illuminate/Foundation/Http/Middleware/TransformsRequest.php(21): Illuminate\\Routing\\Pipeline->Illuminate\\Routing\\{closure}(Object(Illuminate\\Http\\Request))
#29 /Users/marceli.to/Jamon.digital/Webroot/strut.ch/vendor/laravel/framework/src/Illuminate/Pipeline/Pipeline.php(163): Illuminate\\Foundation\\Http\\Middleware\\TransformsRequest->handle(Object(Illuminate\\Http\\Request), Object(Closure))
#30 /Users/marceli.to/Jamon.digital/Webroot/strut.ch/vendor/laravel/framework/src/Illuminate/Routing/Pipeline.php(53): Illuminate\\Pipeline\\Pipeline->Illuminate\\Pipeline\\{closure}(Object(Illuminate\\Http\\Request))
#31 /Users/marceli.to/Jamon.digital/Webroot/strut.ch/vendor/laravel/framework/src/Illuminate/Foundation/Http/Middleware/TransformsRequest.php(21): Illuminate\\Routing\\Pipeline->Illuminate\\Routing\\{closure}(Object(Illuminate\\Http\\Request))
#32 /Users/marceli.to/Jamon.digital/Webroot/strut.ch/vendor/laravel/framework/src/Illuminate/Pipeline/Pipeline.php(163): Illuminate\\Foundation\\Http\\Middleware\\TransformsRequest->handle(Object(Illuminate\\Http\\Request), Object(Closure))
#33 /Users/marceli.to/Jamon.digital/Webroot/strut.ch/vendor/laravel/framework/src/Illuminate/Routing/Pipeline.php(53): Illuminate\\Pipeline\\Pipeline->Illuminate\\Pipeline\\{closure}(Object(Illuminate\\Http\\Request))
#34 /Users/marceli.to/Jamon.digital/Webroot/strut.ch/vendor/laravel/framework/src/Illuminate/Foundation/Http/Middleware/ValidatePostSize.php(27): Illuminate\\Routing\\Pipeline->Illuminate\\Routing\\{closure}(Object(Illuminate\\Http\\Request))
#35 /Users/marceli.to/Jamon.digital/Webroot/strut.ch/vendor/laravel/framework/src/Illuminate/Pipeline/Pipeline.php(163): Illuminate\\Foundation\\Http\\Middleware\\ValidatePostSize->handle(Object(Illuminate\\Http\\Request), Object(Closure))
#36 /Users/marceli.to/Jamon.digital/Webroot/strut.ch/vendor/laravel/framework/src/Illuminate/Routing/Pipeline.php(53): Illuminate\\Pipeline\\Pipeline->Illuminate\\Pipeline\\{closure}(Object(Illuminate\\Http\\Request))
#37 /Users/marceli.to/Jamon.digital/Webroot/strut.ch/vendor/laravel/framework/src/Illuminate/Foundation/Http/Middleware/CheckForMaintenanceMode.php(62): Illuminate\\Routing\\Pipeline->Illuminate\\Routing\\{closure}(Object(Illuminate\\Http\\Request))
#38 /Users/marceli.to/Jamon.digital/Webroot/strut.ch/vendor/laravel/framework/src/Illuminate/Pipeline/Pipeline.php(163): Illuminate\\Foundation\\Http\\Middleware\\CheckForMaintenanceMode->handle(Object(Illuminate\\Http\\Request), Object(Closure))
#39 /Users/marceli.to/Jamon.digital/Webroot/strut.ch/vendor/laravel/framework/src/Illuminate/Routing/Pipeline.php(53): Illuminate\\Pipeline\\Pipeline->Illuminate\\Pipeline\\{closure}(Object(Illuminate\\Http\\Request))
#40 /Users/marceli.to/Jamon.digital/Webroot/strut.ch/vendor/laravel/framework/src/Illuminate/Pipeline/Pipeline.php(104): Illuminate\\Routing\\Pipeline->Illuminate\\Routing\\{closure}(Object(Illuminate\\Http\\Request))
#41 /Users/marceli.to/Jamon.digital/Webroot/strut.ch/vendor/laravel/framework/src/Illuminate/Foundation/Http/Kernel.php(151): Illuminate\\Pipeline\\Pipeline->then(Object(Closure))
#42 /Users/marceli.to/Jamon.digital/Webroot/strut.ch/vendor/laravel/framework/src/Illuminate/Foundation/Http/Kernel.php(116): Illuminate\\Foundation\\Http\\Kernel->sendRequestThroughRouter(Object(Illuminate\\Http\\Request))
#43 /Users/marceli.to/Jamon.digital/Webroot/strut.ch/public/index.php(55): Illuminate\\Foundation\\Http\\Kernel->handle(Object(Illuminate\\Http\\Request))
#44 {main}
"} 
[2019-12-18 12:07:08] local.ERROR: Argument 1 passed to Illuminate\Session\Middleware\StartSession::addCookieToResponse() must be an instance of Symfony\Component\HttpFoundation\Response, null given, called in /Users/marceli.to/Jamon.digital/Webroot/strut.ch/vendor/laravel/framework/src/Illuminate/Session/Middleware/StartSession.php on line 60 {"exception":"[object] (Symfony\\Component\\Debug\\Exception\\FatalThrowableError(code: 0): Argument 1 passed to Illuminate\\Session\\Middleware\\StartSession::addCookieToResponse() must be an instance of Symfony\\Component\\HttpFoundation\\Response, null given, called in /Users/marceli.to/Jamon.digital/Webroot/strut.ch/vendor/laravel/framework/src/Illuminate/Session/Middleware/StartSession.php on line 60 at /Users/marceli.to/Jamon.digital/Webroot/strut.ch/vendor/laravel/framework/src/Illuminate/Session/Middleware/StartSession.php:151)
[stacktrace]
#0 /Users/marceli.to/Jamon.digital/Webroot/strut.ch/vendor/laravel/framework/src/Illuminate/Session/Middleware/StartSession.php(60): Illuminate\\Session\\Middleware\\StartSession->addCookieToResponse(NULL, Object(Illuminate\\Session\\Store))
#1 /Users/marceli.to/Jamon.digital/Webroot/strut.ch/vendor/laravel/framework/src/Illuminate/Pipeline/Pipeline.php(163): Illuminate\\Session\\Middleware\\StartSession->handle(Object(Illuminate\\Http\\Request), Object(Closure))
#2 /Users/marceli.to/Jamon.digital/Webroot/strut.ch/vendor/laravel/framework/src/Illuminate/Routing/Pipeline.php(53): Illuminate\\Pipeline\\Pipeline->Illuminate\\Pipeline\\{closure}(Object(Illuminate\\Http\\Request))
#3 /Users/marceli.to/Jamon.digital/Webroot/strut.ch/vendor/laravel/framework/src/Illuminate/Cookie/Middleware/AddQueuedCookiesToResponse.php(37): Illuminate\\Routing\\Pipeline->Illuminate\\Routing\\{closure}(Object(Illuminate\\Http\\Request))
#4 /Users/marceli.to/Jamon.digital/Webroot/strut.ch/vendor/laravel/framework/src/Illuminate/Pipeline/Pipeline.php(163): Illuminate\\Cookie\\Middleware\\AddQueuedCookiesToResponse->handle(Object(Illuminate\\Http\\Request), Object(Closure))
#5 /Users/marceli.to/Jamon.digital/Webroot/strut.ch/vendor/laravel/framework/src/Illuminate/Routing/Pipeline.php(53): Illuminate\\Pipeline\\Pipeline->Illuminate\\Pipeline\\{closure}(Object(Illuminate\\Http\\Request))
#6 /Users/marceli.to/Jamon.digital/Webroot/strut.ch/vendor/laravel/framework/src/Illuminate/Cookie/Middleware/EncryptCookies.php(66): Illuminate\\Routing\\Pipeline->Illuminate\\Routing\\{closure}(Object(Illuminate\\Http\\Request))
#7 /Users/marceli.to/Jamon.digital/Webroot/strut.ch/vendor/laravel/framework/src/Illuminate/Pipeline/Pipeline.php(163): Illuminate\\Cookie\\Middleware\\EncryptCookies->handle(Object(Illuminate\\Http\\Request), Object(Closure))
#8 /Users/marceli.to/Jamon.digital/Webroot/strut.ch/vendor/laravel/framework/src/Illuminate/Routing/Pipeline.php(53): Illuminate\\Pipeline\\Pipeline->Illuminate\\Pipeline\\{closure}(Object(Illuminate\\Http\\Request))
#9 /Users/marceli.to/Jamon.digital/Webroot/strut.ch/vendor/laravel/framework/src/Illuminate/Pipeline/Pipeline.php(104): Illuminate\\Routing\\Pipeline->Illuminate\\Routing\\{closure}(Object(Illuminate\\Http\\Request))
#10 /Users/marceli.to/Jamon.digital/Webroot/strut.ch/vendor/laravel/framework/src/Illuminate/Routing/Router.php(682): Illuminate\\Pipeline\\Pipeline->then(Object(Closure))
#11 /Users/marceli.to/Jamon.digital/Webroot/strut.ch/vendor/laravel/framework/src/Illuminate/Routing/Router.php(657): Illuminate\\Routing\\Router->runRouteWithinStack(Object(Illuminate\\Routing\\Route), Object(Illuminate\\Http\\Request))
#12 /Users/marceli.to/Jamon.digital/Webroot/strut.ch/vendor/laravel/framework/src/Illuminate/Routing/Router.php(623): Illuminate\\Routing\\Router->runRoute(Object(Illuminate\\Http\\Request), Object(Illuminate\\Routing\\Route))
#13 /Users/marceli.to/Jamon.digital/Webroot/strut.ch/vendor/laravel/framework/src/Illuminate/Routing/Router.php(612): Illuminate\\Routing\\Router->dispatchToRoute(Object(Illuminate\\Http\\Request))
#14 /Users/marceli.to/Jamon.digital/Webroot/strut.ch/vendor/laravel/framework/src/Illuminate/Foundation/Http/Kernel.php(176): Illuminate\\Routing\\Router->dispatch(Object(Illuminate\\Http\\Request))
#15 /Users/marceli.to/Jamon.digital/Webroot/strut.ch/vendor/laravel/framework/src/Illuminate/Routing/Pipeline.php(30): Illuminate\\Foundation\\Http\\Kernel->Illuminate\\Foundation\\Http\\{closure}(Object(Illuminate\\Http\\Request))
#16 /Users/marceli.to/Jamon.digital/Webroot/strut.ch/vendor/fideloper/proxy/src/TrustProxies.php(57): Illuminate\\Routing\\Pipeline->Illuminate\\Routing\\{closure}(Object(Illuminate\\Http\\Request))
#17 /Users/marceli.to/Jamon.digital/Webroot/strut.ch/vendor/laravel/framework/src/Illuminate/Pipeline/Pipeline.php(163): Fideloper\\Proxy\\TrustProxies->handle(Object(Illuminate\\Http\\Request), Object(Closure))
#18 /Users/marceli.to/Jamon.digital/Webroot/strut.ch/vendor/laravel/framework/src/Illuminate/Routing/Pipeline.php(53): Illuminate\\Pipeline\\Pipeline->Illuminate\\Pipeline\\{closure}(Object(Illuminate\\Http\\Request))
#19 /Users/marceli.to/Jamon.digital/Webroot/strut.ch/vendor/laravel/framework/src/Illuminate/Foundation/Http/Middleware/TransformsRequest.php(21): Illuminate\\Routing\\Pipeline->Illuminate\\Routing\\{closure}(Object(Illuminate\\Http\\Request))
#20 /Users/marceli.to/Jamon.digital/Webroot/strut.ch/vendor/laravel/framework/src/Illuminate/Pipeline/Pipeline.php(163): Illuminate\\Foundation\\Http\\Middleware\\TransformsRequest->handle(Object(Illuminate\\Http\\Request), Object(Closure))
#21 /Users/marceli.to/Jamon.digital/Webroot/strut.ch/vendor/laravel/framework/src/Illuminate/Routing/Pipeline.php(53): Illuminate\\Pipeline\\Pipeline->Illuminate\\Pipeline\\{closure}(Object(Illuminate\\Http\\Request))
#22 /Users/marceli.to/Jamon.digital/Webroot/strut.ch/vendor/laravel/framework/src/Illuminate/Foundation/Http/Middleware/TransformsRequest.php(21): Illuminate\\Routing\\Pipeline->Illuminate\\Routing\\{closure}(Object(Illuminate\\Http\\Request))
#23 /Users/marceli.to/Jamon.digital/Webroot/strut.ch/vendor/laravel/framework/src/Illuminate/Pipeline/Pipeline.php(163): Illuminate\\Foundation\\Http\\Middleware\\TransformsRequest->handle(Object(Illuminate\\Http\\Request), Object(Closure))
#24 /Users/marceli.to/Jamon.digital/Webroot/strut.ch/vendor/laravel/framework/src/Illuminate/Routing/Pipeline.php(53): Illuminate\\Pipeline\\Pipeline->Illuminate\\Pipeline\\{closure}(Object(Illuminate\\Http\\Request))
#25 /Users/marceli.to/Jamon.digital/Webroot/strut.ch/vendor/laravel/framework/src/Illuminate/Foundation/Http/Middleware/ValidatePostSize.php(27): Illuminate\\Routing\\Pipeline->Illuminate\\Routing\\{closure}(Object(Illuminate\\Http\\Request))
#26 /Users/marceli.to/Jamon.digital/Webroot/strut.ch/vendor/laravel/framework/src/Illuminate/Pipeline/Pipeline.php(163): Illuminate\\Foundation\\Http\\Middleware\\ValidatePostSize->handle(Object(Illuminate\\Http\\Request), Object(Closure))
#27 /Users/marceli.to/Jamon.digital/Webroot/strut.ch/vendor/laravel/framework/src/Illuminate/Routing/Pipeline.php(53): Illuminate\\Pipeline\\Pipeline->Illuminate\\Pipeline\\{closure}(Object(Illuminate\\Http\\Request))
#28 /Users/marceli.to/Jamon.digital/Webroot/strut.ch/vendor/laravel/framework/src/Illuminate/Foundation/Http/Middleware/CheckForMaintenanceMode.php(62): Illuminate\\Routing\\Pipeline->Illuminate\\Routing\\{closure}(Object(Illuminate\\Http\\Request))
#29 /Users/marceli.to/Jamon.digital/Webroot/strut.ch/vendor/laravel/framework/src/Illuminate/Pipeline/Pipeline.php(163): Illuminate\\Foundation\\Http\\Middleware\\CheckForMaintenanceMode->handle(Object(Illuminate\\Http\\Request), Object(Closure))
#30 /Users/marceli.to/Jamon.digital/Webroot/strut.ch/vendor/laravel/framework/src/Illuminate/Routing/Pipeline.php(53): Illuminate\\Pipeline\\Pipeline->Illuminate\\Pipeline\\{closure}(Object(Illuminate\\Http\\Request))
#31 /Users/marceli.to/Jamon.digital/Webroot/strut.ch/vendor/laravel/framework/src/Illuminate/Pipeline/Pipeline.php(104): Illuminate\\Routing\\Pipeline->Illuminate\\Routing\\{closure}(Object(Illuminate\\Http\\Request))
#32 /Users/marceli.to/Jamon.digital/Webroot/strut.ch/vendor/laravel/framework/src/Illuminate/Foundation/Http/Kernel.php(151): Illuminate\\Pipeline\\Pipeline->then(Object(Closure))
#33 /Users/marceli.to/Jamon.digital/Webroot/strut.ch/vendor/laravel/framework/src/Illuminate/Foundation/Http/Kernel.php(116): Illuminate\\Foundation\\Http\\Kernel->sendRequestThroughRouter(Object(Illuminate\\Http\\Request))
#34 /Users/marceli.to/Jamon.digital/Webroot/strut.ch/public/index.php(55): Illuminate\\Foundation\\Http\\Kernel->handle(Object(Illuminate\\Http\\Request))
#35 {main}
"} 
[2019-12-18 12:07:08] local.ERROR: Argument 1 passed to Illuminate\Cookie\Middleware\EncryptCookies::encrypt() must be an instance of Symfony\Component\HttpFoundation\Response, null given, called in /Users/marceli.to/Jamon.digital/Webroot/strut.ch/vendor/laravel/framework/src/Illuminate/Cookie/Middleware/EncryptCookies.php on line 66 {"exception":"[object] (Symfony\\Component\\Debug\\Exception\\FatalThrowableError(code: 0): Argument 1 passed to Illuminate\\Cookie\\Middleware\\EncryptCookies::encrypt() must be an instance of Symfony\\Component\\HttpFoundation\\Response, null given, called in /Users/marceli.to/Jamon.digital/Webroot/strut.ch/vendor/laravel/framework/src/Illuminate/Cookie/Middleware/EncryptCookies.php on line 66 at /Users/marceli.to/Jamon.digital/Webroot/strut.ch/vendor/laravel/framework/src/Illuminate/Cookie/Middleware/EncryptCookies.php:131)
[stacktrace]
#0 /Users/marceli.to/Jamon.digital/Webroot/strut.ch/vendor/laravel/framework/src/Illuminate/Cookie/Middleware/EncryptCookies.php(66): Illuminate\\Cookie\\Middleware\\EncryptCookies->encrypt(NULL)
#1 /Users/marceli.to/Jamon.digital/Webroot/strut.ch/vendor/laravel/framework/src/Illuminate/Pipeline/Pipeline.php(163): Illuminate\\Cookie\\Middleware\\EncryptCookies->handle(Object(Illuminate\\Http\\Request), Object(Closure))
#2 /Users/marceli.to/Jamon.digital/Webroot/strut.ch/vendor/laravel/framework/src/Illuminate/Routing/Pipeline.php(53): Illuminate\\Pipeline\\Pipeline->Illuminate\\Pipeline\\{closure}(Object(Illuminate\\Http\\Request))
#3 /Users/marceli.to/Jamon.digital/Webroot/strut.ch/vendor/laravel/framework/src/Illuminate/Pipeline/Pipeline.php(104): Illuminate\\Routing\\Pipeline->Illuminate\\Routing\\{closure}(Object(Illuminate\\Http\\Request))
#4 /Users/marceli.to/Jamon.digital/Webroot/strut.ch/vendor/laravel/framework/src/Illuminate/Routing/Router.php(682): Illuminate\\Pipeline\\Pipeline->then(Object(Closure))
#5 /Users/marceli.to/Jamon.digital/Webroot/strut.ch/vendor/laravel/framework/src/Illuminate/Routing/Router.php(657): Illuminate\\Routing\\Router->runRouteWithinStack(Object(Illuminate\\Routing\\Route), Object(Illuminate\\Http\\Request))
#6 /Users/marceli.to/Jamon.digital/Webroot/strut.ch/vendor/laravel/framework/src/Illuminate/Routing/Router.php(623): Illuminate\\Routing\\Router->runRoute(Object(Illuminate\\Http\\Request), Object(Illuminate\\Routing\\Route))
#7 /Users/marceli.to/Jamon.digital/Webroot/strut.ch/vendor/laravel/framework/src/Illuminate/Routing/Router.php(612): Illuminate\\Routing\\Router->dispatchToRoute(Object(Illuminate\\Http\\Request))
#8 /Users/marceli.to/Jamon.digital/Webroot/strut.ch/vendor/laravel/framework/src/Illuminate/Foundation/Http/Kernel.php(176): Illuminate\\Routing\\Router->dispatch(Object(Illuminate\\Http\\Request))
#9 /Users/marceli.to/Jamon.digital/Webroot/strut.ch/vendor/laravel/framework/src/Illuminate/Routing/Pipeline.php(30): Illuminate\\Foundation\\Http\\Kernel->Illuminate\\Foundation\\Http\\{closure}(Object(Illuminate\\Http\\Request))
#10 /Users/marceli.to/Jamon.digital/Webroot/strut.ch/vendor/fideloper/proxy/src/TrustProxies.php(57): Illuminate\\Routing\\Pipeline->Illuminate\\Routing\\{closure}(Object(Illuminate\\Http\\Request))
#11 /Users/marceli.to/Jamon.digital/Webroot/strut.ch/vendor/laravel/framework/src/Illuminate/Pipeline/Pipeline.php(163): Fideloper\\Proxy\\TrustProxies->handle(Object(Illuminate\\Http\\Request), Object(Closure))
#12 /Users/marceli.to/Jamon.digital/Webroot/strut.ch/vendor/laravel/framework/src/Illuminate/Routing/Pipeline.php(53): Illuminate\\Pipeline\\Pipeline->Illuminate\\Pipeline\\{closure}(Object(Illuminate\\Http\\Request))
#13 /Users/marceli.to/Jamon.digital/Webroot/strut.ch/vendor/laravel/framework/src/Illuminate/Foundation/Http/Middleware/TransformsRequest.php(21): Illuminate\\Routing\\Pipeline->Illuminate\\Routing\\{closure}(Object(Illuminate\\Http\\Request))
#14 /Users/marceli.to/Jamon.digital/Webroot/strut.ch/vendor/laravel/framework/src/Illuminate/Pipeline/Pipeline.php(163): Illuminate\\Foundation\\Http\\Middleware\\TransformsRequest->handle(Object(Illuminate\\Http\\Request), Object(Closure))
#15 /Users/marceli.to/Jamon.digital/Webroot/strut.ch/vendor/laravel/framework/src/Illuminate/Routing/Pipeline.php(53): Illuminate\\Pipeline\\Pipeline->Illuminate\\Pipeline\\{closure}(Object(Illuminate\\Http\\Request))
#16 /Users/marceli.to/Jamon.digital/Webroot/strut.ch/vendor/laravel/framework/src/Illuminate/Foundation/Http/Middleware/TransformsRequest.php(21): Illuminate\\Routing\\Pipeline->Illuminate\\Routing\\{closure}(Object(Illuminate\\Http\\Request))
#17 /Users/marceli.to/Jamon.digital/Webroot/strut.ch/vendor/laravel/framework/src/Illuminate/Pipeline/Pipeline.php(163): Illuminate\\Foundation\\Http\\Middleware\\TransformsRequest->handle(Object(Illuminate\\Http\\Request), Object(Closure))
#18 /Users/marceli.to/Jamon.digital/Webroot/strut.ch/vendor/laravel/framework/src/Illuminate/Routing/Pipeline.php(53): Illuminate\\Pipeline\\Pipeline->Illuminate\\Pipeline\\{closure}(Object(Illuminate\\Http\\Request))
#19 /Users/marceli.to/Jamon.digital/Webroot/strut.ch/vendor/laravel/framework/src/Illuminate/Foundation/Http/Middleware/ValidatePostSize.php(27): Illuminate\\Routing\\Pipeline->Illuminate\\Routing\\{closure}(Object(Illuminate\\Http\\Request))
#20 /Users/marceli.to/Jamon.digital/Webroot/strut.ch/vendor/laravel/framework/src/Illuminate/Pipeline/Pipeline.php(163): Illuminate\\Foundation\\Http\\Middleware\\ValidatePostSize->handle(Object(Illuminate\\Http\\Request), Object(Closure))
#21 /Users/marceli.to/Jamon.digital/Webroot/strut.ch/vendor/laravel/framework/src/Illuminate/Routing/Pipeline.php(53): Illuminate\\Pipeline\\Pipeline->Illuminate\\Pipeline\\{closure}(Object(Illuminate\\Http\\Request))
#22 /Users/marceli.to/Jamon.digital/Webroot/strut.ch/vendor/laravel/framework/src/Illuminate/Foundation/Http/Middleware/CheckForMaintenanceMode.php(62): Illuminate\\Routing\\Pipeline->Illuminate\\Routing\\{closure}(Object(Illuminate\\Http\\Request))
#23 /Users/marceli.to/Jamon.digital/Webroot/strut.ch/vendor/laravel/framework/src/Illuminate/Pipeline/Pipeline.php(163): Illuminate\\Foundation\\Http\\Middleware\\CheckForMaintenanceMode->handle(Object(Illuminate\\Http\\Request), Object(Closure))
#24 /Users/marceli.to/Jamon.digital/Webroot/strut.ch/vendor/laravel/framework/src/Illuminate/Routing/Pipeline.php(53): Illuminate\\Pipeline\\Pipeline->Illuminate\\Pipeline\\{closure}(Object(Illuminate\\Http\\Request))
#25 /Users/marceli.to/Jamon.digital/Webroot/strut.ch/vendor/laravel/framework/src/Illuminate/Pipeline/Pipeline.php(104): Illuminate\\Routing\\Pipeline->Illuminate\\Routing\\{closure}(Object(Illuminate\\Http\\Request))
#26 /Users/marceli.to/Jamon.digital/Webroot/strut.ch/vendor/laravel/framework/src/Illuminate/Foundation/Http/Kernel.php(151): Illuminate\\Pipeline\\Pipeline->then(Object(Closure))
#27 /Users/marceli.to/Jamon.digital/Webroot/strut.ch/vendor/laravel/framework/src/Illuminate/Foundation/Http/Kernel.php(116): Illuminate\\Foundation\\Http\\Kernel->sendRequestThroughRouter(Object(Illuminate\\Http\\Request))
#28 /Users/marceli.to/Jamon.digital/Webroot/strut.ch/public/index.php(55): Illuminate\\Foundation\\Http\\Kernel->handle(Object(Illuminate\\Http\\Request))
#29 {main}
"} 
[2019-12-18 12:07:10] local.ERROR: asort() expects parameter 2 to be integer, string given {"exception":"[object] (ErrorException(code: 0): asort() expects parameter 2 to be integer, string given at /Users/marceli.to/Jamon.digital/Webroot/strut.ch/vendor/laravel/framework/src/Illuminate/Support/Collection.php:1716)
[stacktrace]
#0 [internal function]: Illuminate\\Foundation\\Bootstrap\\HandleExceptions->handleError(2, 'asort() expects...', '/Users/marceli....', 1716, Array)
#1 /Users/marceli.to/Jamon.digital/Webroot/strut.ch/vendor/laravel/framework/src/Illuminate/Support/Collection.php(1716): asort(Array, 'DESC')
#2 /Users/marceli.to/Jamon.digital/Webroot/strut.ch/app/Http/Controllers/Frontend/WorksController.php(93): Illuminate\\Support\\Collection->sortBy(Object(Closure), 'DESC')
#3 [internal function]: App\\Http\\Controllers\\Frontend\\WorksController->byType()
#4 /Users/marceli.to/Jamon.digital/Webroot/strut.ch/vendor/laravel/framework/src/Illuminate/Routing/Controller.php(54): call_user_func_array(Array, Array)
#5 /Users/marceli.to/Jamon.digital/Webroot/strut.ch/vendor/laravel/framework/src/Illuminate/Routing/ControllerDispatcher.php(45): Illuminate\\Routing\\Controller->callAction('byType', Array)
#6 /Users/marceli.to/Jamon.digital/Webroot/strut.ch/vendor/laravel/framework/src/Illuminate/Routing/Route.php(219): Illuminate\\Routing\\ControllerDispatcher->dispatch(Object(Illuminate\\Routing\\Route), Object(App\\Http\\Controllers\\Frontend\\WorksController), 'byType')
#7 /Users/marceli.to/Jamon.digital/Webroot/strut.ch/vendor/laravel/framework/src/Illuminate/Routing/Route.php(176): Illuminate\\Routing\\Route->runController()
#8 /Users/marceli.to/Jamon.digital/Webroot/strut.ch/vendor/laravel/framework/src/Illuminate/Routing/Router.php(680): Illuminate\\Routing\\Route->run()
#9 /Users/marceli.to/Jamon.digital/Webroot/strut.ch/vendor/laravel/framework/src/Illuminate/Routing/Pipeline.php(30): Illuminate\\Routing\\Router->Illuminate\\Routing\\{closure}(Object(Illuminate\\Http\\Request))
#10 /Users/marceli.to/Jamon.digital/Webroot/strut.ch/vendor/laravel/framework/src/Illuminate/Routing/Middleware/SubstituteBindings.php(41): Illuminate\\Routing\\Pipeline->Illuminate\\Routing\\{closure}(Object(Illuminate\\Http\\Request))
#11 /Users/marceli.to/Jamon.digital/Webroot/strut.ch/vendor/laravel/framework/src/Illuminate/Pipeline/Pipeline.php(163): Illuminate\\Routing\\Middleware\\SubstituteBindings->handle(Object(Illuminate\\Http\\Request), Object(Closure))
#12 /Users/marceli.to/Jamon.digital/Webroot/strut.ch/vendor/laravel/framework/src/Illuminate/Routing/Pipeline.php(53): Illuminate\\Pipeline\\Pipeline->Illuminate\\Pipeline\\{closure}(Object(Illuminate\\Http\\Request))
#13 /Users/marceli.to/Jamon.digital/Webroot/strut.ch/vendor/laravel/framework/src/Illuminate/Foundation/Http/Middleware/VerifyCsrfToken.php(75): Illuminate\\Routing\\Pipeline->Illuminate\\Routing\\{closure}(Object(Illuminate\\Http\\Request))
#14 /Users/marceli.to/Jamon.digital/Webroot/strut.ch/vendor/laravel/framework/src/Illuminate/Pipeline/Pipeline.php(163): Illuminate\\Foundation\\Http\\Middleware\\VerifyCsrfToken->handle(Object(Illuminate\\Http\\Request), Object(Closure))
#15 /Users/marceli.to/Jamon.digital/Webroot/strut.ch/vendor/laravel/framework/src/Illuminate/Routing/Pipeline.php(53): Illuminate\\Pipeline\\Pipeline->Illuminate\\Pipeline\\{closure}(Object(Illuminate\\Http\\Request))
#16 /Users/marceli.to/Jamon.digital/Webroot/strut.ch/vendor/laravel/framework/src/Illuminate/View/Middleware/ShareErrorsFromSession.php(49): Illuminate\\Routing\\Pipeline->Illuminate\\Routing\\{closure}(Object(Illuminate\\Http\\Request))
#17 /Users/marceli.to/Jamon.digital/Webroot/strut.ch/vendor/laravel/framework/src/Illuminate/Pipeline/Pipeline.php(163): Illuminate\\View\\Middleware\\ShareErrorsFromSession->handle(Object(Illuminate\\Http\\Request), Object(Closure))
#18 /Users/marceli.to/Jamon.digital/Webroot/strut.ch/vendor/laravel/framework/src/Illuminate/Routing/Pipeline.php(53): Illuminate\\Pipeline\\Pipeline->Illuminate\\Pipeline\\{closure}(Object(Illuminate\\Http\\Request))
#19 /Users/marceli.to/Jamon.digital/Webroot/strut.ch/vendor/laravel/framework/src/Illuminate/Session/Middleware/StartSession.php(56): Illuminate\\Routing\\Pipeline->Illuminate\\Routing\\{closure}(Object(Illuminate\\Http\\Request))
#20 /Users/marceli.to/Jamon.digital/Webroot/strut.ch/vendor/laravel/framework/src/Illuminate/Pipeline/Pipeline.php(163): Illuminate\\Session\\Middleware\\StartSession->handle(Object(Illuminate\\Http\\Request), Object(Closure))
#21 /Users/marceli.to/Jamon.digital/Webroot/strut.ch/vendor/laravel/framework/src/Illuminate/Routing/Pipeline.php(53): Illuminate\\Pipeline\\Pipeline->Illuminate\\Pipeline\\{closure}(Object(Illuminate\\Http\\Request))
#22 /Users/marceli.to/Jamon.digital/Webroot/strut.ch/vendor/laravel/framework/src/Illuminate/Cookie/Middleware/AddQueuedCookiesToResponse.php(37): Illuminate\\Routing\\Pipeline->Illuminate\\Routing\\{closure}(Object(Illuminate\\Http\\Request))
#23 /Users/marceli.to/Jamon.digital/Webroot/strut.ch/vendor/laravel/framework/src/Illuminate/Pipeline/Pipeline.php(163): Illuminate\\Cookie\\Middleware\\AddQueuedCookiesToResponse->handle(Object(Illuminate\\Http\\Request), Object(Closure))
#24 /Users/marceli.to/Jamon.digital/Webroot/strut.ch/vendor/laravel/framework/src/Illuminate/Routing/Pipeline.php(53): Illuminate\\Pipeline\\Pipeline->Illuminate\\Pipeline\\{closure}(Object(Illuminate\\Http\\Request))
#25 /Users/marceli.to/Jamon.digital/Webroot/strut.ch/vendor/laravel/framework/src/Illuminate/Cookie/Middleware/EncryptCookies.php(66): Illuminate\\Routing\\Pipeline->Illuminate\\Routing\\{closure}(Object(Illuminate\\Http\\Request))
#26 /Users/marceli.to/Jamon.digital/Webroot/strut.ch/vendor/laravel/framework/src/Illuminate/Pipeline/Pipeline.php(163): Illuminate\\Cookie\\Middleware\\EncryptCookies->handle(Object(Illuminate\\Http\\Request), Object(Closure))
#27 /Users/marceli.to/Jamon.digital/Webroot/strut.ch/vendor/laravel/framework/src/Illuminate/Routing/Pipeline.php(53): Illuminate\\Pipeline\\Pipeline->Illuminate\\Pipeline\\{closure}(Object(Illuminate\\Http\\Request))
#28 /Users/marceli.to/Jamon.digital/Webroot/strut.ch/vendor/laravel/framework/src/Illuminate/Pipeline/Pipeline.php(104): Illuminate\\Routing\\Pipeline->Illuminate\\Routing\\{closure}(Object(Illuminate\\Http\\Request))
#29 /Users/marceli.to/Jamon.digital/Webroot/strut.ch/vendor/laravel/framework/src/Illuminate/Routing/Router.php(682): Illuminate\\Pipeline\\Pipeline->then(Object(Closure))
#30 /Users/marceli.to/Jamon.digital/Webroot/strut.ch/vendor/laravel/framework/src/Illuminate/Routing/Router.php(657): Illuminate\\Routing\\Router->runRouteWithinStack(Object(Illuminate\\Routing\\Route), Object(Illuminate\\Http\\Request))
#31 /Users/marceli.to/Jamon.digital/Webroot/strut.ch/vendor/laravel/framework/src/Illuminate/Routing/Router.php(623): Illuminate\\Routing\\Router->runRoute(Object(Illuminate\\Http\\Request), Object(Illuminate\\Routing\\Route))
#32 /Users/marceli.to/Jamon.digital/Webroot/strut.ch/vendor/laravel/framework/src/Illuminate/Routing/Router.php(612): Illuminate\\Routing\\Router->dispatchToRoute(Object(Illuminate\\Http\\Request))
#33 /Users/marceli.to/Jamon.digital/Webroot/strut.ch/vendor/laravel/framework/src/Illuminate/Foundation/Http/Kernel.php(176): Illuminate\\Routing\\Router->dispatch(Object(Illuminate\\Http\\Request))
#34 /Users/marceli.to/Jamon.digital/Webroot/strut.ch/vendor/laravel/framework/src/Illuminate/Routing/Pipeline.php(30): Illuminate\\Foundation\\Http\\Kernel->Illuminate\\Foundation\\Http\\{closure}(Object(Illuminate\\Http\\Request))
#35 /Users/marceli.to/Jamon.digital/Webroot/strut.ch/vendor/fideloper/proxy/src/TrustProxies.php(57): Illuminate\\Routing\\Pipeline->Illuminate\\Routing\\{closure}(Object(Illuminate\\Http\\Request))
#36 /Users/marceli.to/Jamon.digital/Webroot/strut.ch/vendor/laravel/framework/src/Illuminate/Pipeline/Pipeline.php(163): Fideloper\\Proxy\\TrustProxies->handle(Object(Illuminate\\Http\\Request), Object(Closure))
#37 /Users/marceli.to/Jamon.digital/Webroot/strut.ch/vendor/laravel/framework/src/Illuminate/Routing/Pipeline.php(53): Illuminate\\Pipeline\\Pipeline->Illuminate\\Pipeline\\{closure}(Object(Illuminate\\Http\\Request))
#38 /Users/marceli.to/Jamon.digital/Webroot/strut.ch/vendor/laravel/framework/src/Illuminate/Foundation/Http/Middleware/TransformsRequest.php(21): Illuminate\\Routing\\Pipeline->Illuminate\\Routing\\{closure}(Object(Illuminate\\Http\\Request))
#39 /Users/marceli.to/Jamon.digital/Webroot/strut.ch/vendor/laravel/framework/src/Illuminate/Pipeline/Pipeline.php(163): Illuminate\\Foundation\\Http\\Middleware\\TransformsRequest->handle(Object(Illuminate\\Http\\Request), Object(Closure))
#40 /Users/marceli.to/Jamon.digital/Webroot/strut.ch/vendor/laravel/framework/src/Illuminate/Routing/Pipeline.php(53): Illuminate\\Pipeline\\Pipeline->Illuminate\\Pipeline\\{closure}(Object(Illuminate\\Http\\Request))
#41 /Users/marceli.to/Jamon.digital/Webroot/strut.ch/vendor/laravel/framework/src/Illuminate/Foundation/Http/Middleware/TransformsRequest.php(21): Illuminate\\Routing\\Pipeline->Illuminate\\Routing\\{closure}(Object(Illuminate\\Http\\Request))
#42 /Users/marceli.to/Jamon.digital/Webroot/strut.ch/vendor/laravel/framework/src/Illuminate/Pipeline/Pipeline.php(163): Illuminate\\Foundation\\Http\\Middleware\\TransformsRequest->handle(Object(Illuminate\\Http\\Request), Object(Closure))
#43 /Users/marceli.to/Jamon.digital/Webroot/strut.ch/vendor/laravel/framework/src/Illuminate/Routing/Pipeline.php(53): Illuminate\\Pipeline\\Pipeline->Illuminate\\Pipeline\\{closure}(Object(Illuminate\\Http\\Request))
#44 /Users/marceli.to/Jamon.digital/Webroot/strut.ch/vendor/laravel/framework/src/Illuminate/Foundation/Http/Middleware/ValidatePostSize.php(27): Illuminate\\Routing\\Pipeline->Illuminate\\Routing\\{closure}(Object(Illuminate\\Http\\Request))
#45 /Users/marceli.to/Jamon.digital/Webroot/strut.ch/vendor/laravel/framework/src/Illuminate/Pipeline/Pipeline.php(163): Illuminate\\Foundation\\Http\\Middleware\\ValidatePostSize->handle(Object(Illuminate\\Http\\Request), Object(Closure))
#46 /Users/marceli.to/Jamon.digital/Webroot/strut.ch/vendor/laravel/framework/src/Illuminate/Routing/Pipeline.php(53): Illuminate\\Pipeline\\Pipeline->Illuminate\\Pipeline\\{closure}(Object(Illuminate\\Http\\Request))
#47 /Users/marceli.to/Jamon.digital/Webroot/strut.ch/vendor/laravel/framework/src/Illuminate/Foundation/Http/Middleware/CheckForMaintenanceMode.php(62): Illuminate\\Routing\\Pipeline->Illuminate\\Routing\\{closure}(Object(Illuminate\\Http\\Request))
#48 /Users/marceli.to/Jamon.digital/Webroot/strut.ch/vendor/laravel/framework/src/Illuminate/Pipeline/Pipeline.php(163): Illuminate\\Foundation\\Http\\Middleware\\CheckForMaintenanceMode->handle(Object(Illuminate\\Http\\Request), Object(Closure))
#49 /Users/marceli.to/Jamon.digital/Webroot/strut.ch/vendor/laravel/framework/src/Illuminate/Routing/Pipeline.php(53): Illuminate\\Pipeline\\Pipeline->Illuminate\\Pipeline\\{closure}(Object(Illuminate\\Http\\Request))
#50 /Users/marceli.to/Jamon.digital/Webroot/strut.ch/vendor/laravel/framework/src/Illuminate/Pipeline/Pipeline.php(104): Illuminate\\Routing\\Pipeline->Illuminate\\Routing\\{closure}(Object(Illuminate\\Http\\Request))
#51 /Users/marceli.to/Jamon.digital/Webroot/strut.ch/vendor/laravel/framework/src/Illuminate/Foundation/Http/Kernel.php(151): Illuminate\\Pipeline\\Pipeline->then(Object(Closure))
#52 /Users/marceli.to/Jamon.digital/Webroot/strut.ch/vendor/laravel/framework/src/Illuminate/Foundation/Http/Kernel.php(116): Illuminate\\Foundation\\Http\\Kernel->sendRequestThroughRouter(Object(Illuminate\\Http\\Request))
#53 /Users/marceli.to/Jamon.digital/Webroot/strut.ch/public/index.php(55): Illuminate\\Foundation\\Http\\Kernel->handle(Object(Illuminate\\Http\\Request))
#54 {main}
"} 
[2019-12-18 12:07:10] local.ERROR: Trying to get property 'headers' of non-object {"exception":"[object] (ErrorException(code: 0): Trying to get property 'headers' of non-object at /Users/marceli.to/Jamon.digital/Webroot/strut.ch/vendor/laravel/framework/src/Illuminate/Foundation/Http/Middleware/VerifyCsrfToken.php:180)
[stacktrace]
#0 /Users/marceli.to/Jamon.digital/Webroot/strut.ch/vendor/laravel/framework/src/Illuminate/Foundation/Http/Middleware/VerifyCsrfToken.php(180): Illuminate\\Foundation\\Bootstrap\\HandleExceptions->handleError(8, 'Trying to get p...', '/Users/marceli....', 180, Array)
#1 /Users/marceli.to/Jamon.digital/Webroot/strut.ch/vendor/laravel/framework/src/Illuminate/Foundation/Http/Middleware/VerifyCsrfToken.php(77): Illuminate\\Foundation\\Http\\Middleware\\VerifyCsrfToken->addCookieToResponse(Object(Illuminate\\Http\\Request), NULL)
#2 /Users/marceli.to/Jamon.digital/Webroot/strut.ch/vendor/laravel/framework/src/Illuminate/Support/helpers.php(1124): Illuminate\\Foundation\\Http\\Middleware\\VerifyCsrfToken->Illuminate\\Foundation\\Http\\Middleware\\{closure}(NULL)
#3 /Users/marceli.to/Jamon.digital/Webroot/strut.ch/vendor/laravel/framework/src/Illuminate/Foundation/Http/Middleware/VerifyCsrfToken.php(79): tap(NULL, Object(Closure))
#4 /Users/marceli.to/Jamon.digital/Webroot/strut.ch/vendor/laravel/framework/src/Illuminate/Pipeline/Pipeline.php(163): Illuminate\\Foundation\\Http\\Middleware\\VerifyCsrfToken->handle(Object(Illuminate\\Http\\Request), Object(Closure))
#5 /Users/marceli.to/Jamon.digital/Webroot/strut.ch/vendor/laravel/framework/src/Illuminate/Routing/Pipeline.php(53): Illuminate\\Pipeline\\Pipeline->Illuminate\\Pipeline\\{closure}(Object(Illuminate\\Http\\Request))
#6 /Users/marceli.to/Jamon.digital/Webroot/strut.ch/vendor/laravel/framework/src/Illuminate/View/Middleware/ShareErrorsFromSession.php(49): Illuminate\\Routing\\Pipeline->Illuminate\\Routing\\{closure}(Object(Illuminate\\Http\\Request))
#7 /Users/marceli.to/Jamon.digital/Webroot/strut.ch/vendor/laravel/framework/src/Illuminate/Pipeline/Pipeline.php(163): Illuminate\\View\\Middleware\\ShareErrorsFromSession->handle(Object(Illuminate\\Http\\Request), Object(Closure))
#8 /Users/marceli.to/Jamon.digital/Webroot/strut.ch/vendor/laravel/framework/src/Illuminate/Routing/Pipeline.php(53): Illuminate\\Pipeline\\Pipeline->Illuminate\\Pipeline\\{closure}(Object(Illuminate\\Http\\Request))
#9 /Users/marceli.to/Jamon.digital/Webroot/strut.ch/vendor/laravel/framework/src/Illuminate/Session/Middleware/StartSession.php(56): Illuminate\\Routing\\Pipeline->Illuminate\\Routing\\{closure}(Object(Illuminate\\Http\\Request))
#10 /Users/marceli.to/Jamon.digital/Webroot/strut.ch/vendor/laravel/framework/src/Illuminate/Pipeline/Pipeline.php(163): Illuminate\\Session\\Middleware\\StartSession->handle(Object(Illuminate\\Http\\Request), Object(Closure))
#11 /Users/marceli.to/Jamon.digital/Webroot/strut.ch/vendor/laravel/framework/src/Illuminate/Routing/Pipeline.php(53): Illuminate\\Pipeline\\Pipeline->Illuminate\\Pipeline\\{closure}(Object(Illuminate\\Http\\Request))
#12 /Users/marceli.to/Jamon.digital/Webroot/strut.ch/vendor/laravel/framework/src/Illuminate/Cookie/Middleware/AddQueuedCookiesToResponse.php(37): Illuminate\\Routing\\Pipeline->Illuminate\\Routing\\{closure}(Object(Illuminate\\Http\\Request))
#13 /Users/marceli.to/Jamon.digital/Webroot/strut.ch/vendor/laravel/framework/src/Illuminate/Pipeline/Pipeline.php(163): Illuminate\\Cookie\\Middleware\\AddQueuedCookiesToResponse->handle(Object(Illuminate\\Http\\Request), Object(Closure))
#14 /Users/marceli.to/Jamon.digital/Webroot/strut.ch/vendor/laravel/framework/src/Illuminate/Routing/Pipeline.php(53): Illuminate\\Pipeline\\Pipeline->Illuminate\\Pipeline\\{closure}(Object(Illuminate\\Http\\Request))
#15 /Users/marceli.to/Jamon.digital/Webroot/strut.ch/vendor/laravel/framework/src/Illuminate/Cookie/Middleware/EncryptCookies.php(66): Illuminate\\Routing\\Pipeline->Illuminate\\Routing\\{closure}(Object(Illuminate\\Http\\Request))
#16 /Users/marceli.to/Jamon.digital/Webroot/strut.ch/vendor/laravel/framework/src/Illuminate/Pipeline/Pipeline.php(163): Illuminate\\Cookie\\Middleware\\EncryptCookies->handle(Object(Illuminate\\Http\\Request), Object(Closure))
#17 /Users/marceli.to/Jamon.digital/Webroot/strut.ch/vendor/laravel/framework/src/Illuminate/Routing/Pipeline.php(53): Illuminate\\Pipeline\\Pipeline->Illuminate\\Pipeline\\{closure}(Object(Illuminate\\Http\\Request))
#18 /Users/marceli.to/Jamon.digital/Webroot/strut.ch/vendor/laravel/framework/src/Illuminate/Pipeline/Pipeline.php(104): Illuminate\\Routing\\Pipeline->Illuminate\\Routing\\{closure}(Object(Illuminate\\Http\\Request))
#19 /Users/marceli.to/Jamon.digital/Webroot/strut.ch/vendor/laravel/framework/src/Illuminate/Routing/Router.php(682): Illuminate\\Pipeline\\Pipeline->then(Object(Closure))
#20 /Users/marceli.to/Jamon.digital/Webroot/strut.ch/vendor/laravel/framework/src/Illuminate/Routing/Router.php(657): Illuminate\\Routing\\Router->runRouteWithinStack(Object(Illuminate\\Routing\\Route), Object(Illuminate\\Http\\Request))
#21 /Users/marceli.to/Jamon.digital/Webroot/strut.ch/vendor/laravel/framework/src/Illuminate/Routing/Router.php(623): Illuminate\\Routing\\Router->runRoute(Object(Illuminate\\Http\\Request), Object(Illuminate\\Routing\\Route))
#22 /Users/marceli.to/Jamon.digital/Webroot/strut.ch/vendor/laravel/framework/src/Illuminate/Routing/Router.php(612): Illuminate\\Routing\\Router->dispatchToRoute(Object(Illuminate\\Http\\Request))
#23 /Users/marceli.to/Jamon.digital/Webroot/strut.ch/vendor/laravel/framework/src/Illuminate/Foundation/Http/Kernel.php(176): Illuminate\\Routing\\Router->dispatch(Object(Illuminate\\Http\\Request))
#24 /Users/marceli.to/Jamon.digital/Webroot/strut.ch/vendor/laravel/framework/src/Illuminate/Routing/Pipeline.php(30): Illuminate\\Foundation\\Http\\Kernel->Illuminate\\Foundation\\Http\\{closure}(Object(Illuminate\\Http\\Request))
#25 /Users/marceli.to/Jamon.digital/Webroot/strut.ch/vendor/fideloper/proxy/src/TrustProxies.php(57): Illuminate\\Routing\\Pipeline->Illuminate\\Routing\\{closure}(Object(Illuminate\\Http\\Request))
#26 /Users/marceli.to/Jamon.digital/Webroot/strut.ch/vendor/laravel/framework/src/Illuminate/Pipeline/Pipeline.php(163): Fideloper\\Proxy\\TrustProxies->handle(Object(Illuminate\\Http\\Request), Object(Closure))
#27 /Users/marceli.to/Jamon.digital/Webroot/strut.ch/vendor/laravel/framework/src/Illuminate/Routing/Pipeline.php(53): Illuminate\\Pipeline\\Pipeline->Illuminate\\Pipeline\\{closure}(Object(Illuminate\\Http\\Request))
#28 /Users/marceli.to/Jamon.digital/Webroot/strut.ch/vendor/laravel/framework/src/Illuminate/Foundation/Http/Middleware/TransformsRequest.php(21): Illuminate\\Routing\\Pipeline->Illuminate\\Routing\\{closure}(Object(Illuminate\\Http\\Request))
#29 /Users/marceli.to/Jamon.digital/Webroot/strut.ch/vendor/laravel/framework/src/Illuminate/Pipeline/Pipeline.php(163): Illuminate\\Foundation\\Http\\Middleware\\TransformsRequest->handle(Object(Illuminate\\Http\\Request), Object(Closure))
#30 /Users/marceli.to/Jamon.digital/Webroot/strut.ch/vendor/laravel/framework/src/Illuminate/Routing/Pipeline.php(53): Illuminate\\Pipeline\\Pipeline->Illuminate\\Pipeline\\{closure}(Object(Illuminate\\Http\\Request))
#31 /Users/marceli.to/Jamon.digital/Webroot/strut.ch/vendor/laravel/framework/src/Illuminate/Foundation/Http/Middleware/TransformsRequest.php(21): Illuminate\\Routing\\Pipeline->Illuminate\\Routing\\{closure}(Object(Illuminate\\Http\\Request))
#32 /Users/marceli.to/Jamon.digital/Webroot/strut.ch/vendor/laravel/framework/src/Illuminate/Pipeline/Pipeline.php(163): Illuminate\\Foundation\\Http\\Middleware\\TransformsRequest->handle(Object(Illuminate\\Http\\Request), Object(Closure))
#33 /Users/marceli.to/Jamon.digital/Webroot/strut.ch/vendor/laravel/framework/src/Illuminate/Routing/Pipeline.php(53): Illuminate\\Pipeline\\Pipeline->Illuminate\\Pipeline\\{closure}(Object(Illuminate\\Http\\Request))
#34 /Users/marceli.to/Jamon.digital/Webroot/strut.ch/vendor/laravel/framework/src/Illuminate/Foundation/Http/Middleware/ValidatePostSize.php(27): Illuminate\\Routing\\Pipeline->Illuminate\\Routing\\{closure}(Object(Illuminate\\Http\\Request))
#35 /Users/marceli.to/Jamon.digital/Webroot/strut.ch/vendor/laravel/framework/src/Illuminate/Pipeline/Pipeline.php(163): Illuminate\\Foundation\\Http\\Middleware\\ValidatePostSize->handle(Object(Illuminate\\Http\\Request), Object(Closure))
#36 /Users/marceli.to/Jamon.digital/Webroot/strut.ch/vendor/laravel/framework/src/Illuminate/Routing/Pipeline.php(53): Illuminate\\Pipeline\\Pipeline->Illuminate\\Pipeline\\{closure}(Object(Illuminate\\Http\\Request))
#37 /Users/marceli.to/Jamon.digital/Webroot/strut.ch/vendor/laravel/framework/src/Illuminate/Foundation/Http/Middleware/CheckForMaintenanceMode.php(62): Illuminate\\Routing\\Pipeline->Illuminate\\Routing\\{closure}(Object(Illuminate\\Http\\Request))
#38 /Users/marceli.to/Jamon.digital/Webroot/strut.ch/vendor/laravel/framework/src/Illuminate/Pipeline/Pipeline.php(163): Illuminate\\Foundation\\Http\\Middleware\\CheckForMaintenanceMode->handle(Object(Illuminate\\Http\\Request), Object(Closure))
#39 /Users/marceli.to/Jamon.digital/Webroot/strut.ch/vendor/laravel/framework/src/Illuminate/Routing/Pipeline.php(53): Illuminate\\Pipeline\\Pipeline->Illuminate\\Pipeline\\{closure}(Object(Illuminate\\Http\\Request))
#40 /Users/marceli.to/Jamon.digital/Webroot/strut.ch/vendor/laravel/framework/src/Illuminate/Pipeline/Pipeline.php(104): Illuminate\\Routing\\Pipeline->Illuminate\\Routing\\{closure}(Object(Illuminate\\Http\\Request))
#41 /Users/marceli.to/Jamon.digital/Webroot/strut.ch/vendor/laravel/framework/src/Illuminate/Foundation/Http/Kernel.php(151): Illuminate\\Pipeline\\Pipeline->then(Object(Closure))
#42 /Users/marceli.to/Jamon.digital/Webroot/strut.ch/vendor/laravel/framework/src/Illuminate/Foundation/Http/Kernel.php(116): Illuminate\\Foundation\\Http\\Kernel->sendRequestThroughRouter(Object(Illuminate\\Http\\Request))
#43 /Users/marceli.to/Jamon.digital/Webroot/strut.ch/public/index.php(55): Illuminate\\Foundation\\Http\\Kernel->handle(Object(Illuminate\\Http\\Request))
#44 {main}
"} 
[2019-12-18 12:07:10] local.ERROR: Argument 1 passed to Illuminate\Session\Middleware\StartSession::addCookieToResponse() must be an instance of Symfony\Component\HttpFoundation\Response, null given, called in /Users/marceli.to/Jamon.digital/Webroot/strut.ch/vendor/laravel/framework/src/Illuminate/Session/Middleware/StartSession.php on line 60 {"exception":"[object] (Symfony\\Component\\Debug\\Exception\\FatalThrowableError(code: 0): Argument 1 passed to Illuminate\\Session\\Middleware\\StartSession::addCookieToResponse() must be an instance of Symfony\\Component\\HttpFoundation\\Response, null given, called in /Users/marceli.to/Jamon.digital/Webroot/strut.ch/vendor/laravel/framework/src/Illuminate/Session/Middleware/StartSession.php on line 60 at /Users/marceli.to/Jamon.digital/Webroot/strut.ch/vendor/laravel/framework/src/Illuminate/Session/Middleware/StartSession.php:151)
[stacktrace]
#0 /Users/marceli.to/Jamon.digital/Webroot/strut.ch/vendor/laravel/framework/src/Illuminate/Session/Middleware/StartSession.php(60): Illuminate\\Session\\Middleware\\StartSession->addCookieToResponse(NULL, Object(Illuminate\\Session\\Store))
#1 /Users/marceli.to/Jamon.digital/Webroot/strut.ch/vendor/laravel/framework/src/Illuminate/Pipeline/Pipeline.php(163): Illuminate\\Session\\Middleware\\StartSession->handle(Object(Illuminate\\Http\\Request), Object(Closure))
#2 /Users/marceli.to/Jamon.digital/Webroot/strut.ch/vendor/laravel/framework/src/Illuminate/Routing/Pipeline.php(53): Illuminate\\Pipeline\\Pipeline->Illuminate\\Pipeline\\{closure}(Object(Illuminate\\Http\\Request))
#3 /Users/marceli.to/Jamon.digital/Webroot/strut.ch/vendor/laravel/framework/src/Illuminate/Cookie/Middleware/AddQueuedCookiesToResponse.php(37): Illuminate\\Routing\\Pipeline->Illuminate\\Routing\\{closure}(Object(Illuminate\\Http\\Request))
#4 /Users/marceli.to/Jamon.digital/Webroot/strut.ch/vendor/laravel/framework/src/Illuminate/Pipeline/Pipeline.php(163): Illuminate\\Cookie\\Middleware\\AddQueuedCookiesToResponse->handle(Object(Illuminate\\Http\\Request), Object(Closure))
#5 /Users/marceli.to/Jamon.digital/Webroot/strut.ch/vendor/laravel/framework/src/Illuminate/Routing/Pipeline.php(53): Illuminate\\Pipeline\\Pipeline->Illuminate\\Pipeline\\{closure}(Object(Illuminate\\Http\\Request))
#6 /Users/marceli.to/Jamon.digital/Webroot/strut.ch/vendor/laravel/framework/src/Illuminate/Cookie/Middleware/EncryptCookies.php(66): Illuminate\\Routing\\Pipeline->Illuminate\\Routing\\{closure}(Object(Illuminate\\Http\\Request))
#7 /Users/marceli.to/Jamon.digital/Webroot/strut.ch/vendor/laravel/framework/src/Illuminate/Pipeline/Pipeline.php(163): Illuminate\\Cookie\\Middleware\\EncryptCookies->handle(Object(Illuminate\\Http\\Request), Object(Closure))
#8 /Users/marceli.to/Jamon.digital/Webroot/strut.ch/vendor/laravel/framework/src/Illuminate/Routing/Pipeline.php(53): Illuminate\\Pipeline\\Pipeline->Illuminate\\Pipeline\\{closure}(Object(Illuminate\\Http\\Request))
#9 /Users/marceli.to/Jamon.digital/Webroot/strut.ch/vendor/laravel/framework/src/Illuminate/Pipeline/Pipeline.php(104): Illuminate\\Routing\\Pipeline->Illuminate\\Routing\\{closure}(Object(Illuminate\\Http\\Request))
#10 /Users/marceli.to/Jamon.digital/Webroot/strut.ch/vendor/laravel/framework/src/Illuminate/Routing/Router.php(682): Illuminate\\Pipeline\\Pipeline->then(Object(Closure))
#11 /Users/marceli.to/Jamon.digital/Webroot/strut.ch/vendor/laravel/framework/src/Illuminate/Routing/Router.php(657): Illuminate\\Routing\\Router->runRouteWithinStack(Object(Illuminate\\Routing\\Route), Object(Illuminate\\Http\\Request))
#12 /Users/marceli.to/Jamon.digital/Webroot/strut.ch/vendor/laravel/framework/src/Illuminate/Routing/Router.php(623): Illuminate\\Routing\\Router->runRoute(Object(Illuminate\\Http\\Request), Object(Illuminate\\Routing\\Route))
#13 /Users/marceli.to/Jamon.digital/Webroot/strut.ch/vendor/laravel/framework/src/Illuminate/Routing/Router.php(612): Illuminate\\Routing\\Router->dispatchToRoute(Object(Illuminate\\Http\\Request))
#14 /Users/marceli.to/Jamon.digital/Webroot/strut.ch/vendor/laravel/framework/src/Illuminate/Foundation/Http/Kernel.php(176): Illuminate\\Routing\\Router->dispatch(Object(Illuminate\\Http\\Request))
#15 /Users/marceli.to/Jamon.digital/Webroot/strut.ch/vendor/laravel/framework/src/Illuminate/Routing/Pipeline.php(30): Illuminate\\Foundation\\Http\\Kernel->Illuminate\\Foundation\\Http\\{closure}(Object(Illuminate\\Http\\Request))
#16 /Users/marceli.to/Jamon.digital/Webroot/strut.ch/vendor/fideloper/proxy/src/TrustProxies.php(57): Illuminate\\Routing\\Pipeline->Illuminate\\Routing\\{closure}(Object(Illuminate\\Http\\Request))
#17 /Users/marceli.to/Jamon.digital/Webroot/strut.ch/vendor/laravel/framework/src/Illuminate/Pipeline/Pipeline.php(163): Fideloper\\Proxy\\TrustProxies->handle(Object(Illuminate\\Http\\Request), Object(Closure))
#18 /Users/marceli.to/Jamon.digital/Webroot/strut.ch/vendor/laravel/framework/src/Illuminate/Routing/Pipeline.php(53): Illuminate\\Pipeline\\Pipeline->Illuminate\\Pipeline\\{closure}(Object(Illuminate\\Http\\Request))
#19 /Users/marceli.to/Jamon.digital/Webroot/strut.ch/vendor/laravel/framework/src/Illuminate/Foundation/Http/Middleware/TransformsRequest.php(21): Illuminate\\Routing\\Pipeline->Illuminate\\Routing\\{closure}(Object(Illuminate\\Http\\Request))
#20 /Users/marceli.to/Jamon.digital/Webroot/strut.ch/vendor/laravel/framework/src/Illuminate/Pipeline/Pipeline.php(163): Illuminate\\Foundation\\Http\\Middleware\\TransformsRequest->handle(Object(Illuminate\\Http\\Request), Object(Closure))
#21 /Users/marceli.to/Jamon.digital/Webroot/strut.ch/vendor/laravel/framework/src/Illuminate/Routing/Pipeline.php(53): Illuminate\\Pipeline\\Pipeline->Illuminate\\Pipeline\\{closure}(Object(Illuminate\\Http\\Request))
#22 /Users/marceli.to/Jamon.digital/Webroot/strut.ch/vendor/laravel/framework/src/Illuminate/Foundation/Http/Middleware/TransformsRequest.php(21): Illuminate\\Routing\\Pipeline->Illuminate\\Routing\\{closure}(Object(Illuminate\\Http\\Request))
#23 /Users/marceli.to/Jamon.digital/Webroot/strut.ch/vendor/laravel/framework/src/Illuminate/Pipeline/Pipeline.php(163): Illuminate\\Foundation\\Http\\Middleware\\TransformsRequest->handle(Object(Illuminate\\Http\\Request), Object(Closure))
#24 /Users/marceli.to/Jamon.digital/Webroot/strut.ch/vendor/laravel/framework/src/Illuminate/Routing/Pipeline.php(53): Illuminate\\Pipeline\\Pipeline->Illuminate\\Pipeline\\{closure}(Object(Illuminate\\Http\\Request))
#25 /Users/marceli.to/Jamon.digital/Webroot/strut.ch/vendor/laravel/framework/src/Illuminate/Foundation/Http/Middleware/ValidatePostSize.php(27): Illuminate\\Routing\\Pipeline->Illuminate\\Routing\\{closure}(Object(Illuminate\\Http\\Request))
#26 /Users/marceli.to/Jamon.digital/Webroot/strut.ch/vendor/laravel/framework/src/Illuminate/Pipeline/Pipeline.php(163): Illuminate\\Foundation\\Http\\Middleware\\ValidatePostSize->handle(Object(Illuminate\\Http\\Request), Object(Closure))
#27 /Users/marceli.to/Jamon.digital/Webroot/strut.ch/vendor/laravel/framework/src/Illuminate/Routing/Pipeline.php(53): Illuminate\\Pipeline\\Pipeline->Illuminate\\Pipeline\\{closure}(Object(Illuminate\\Http\\Request))
#28 /Users/marceli.to/Jamon.digital/Webroot/strut.ch/vendor/laravel/framework/src/Illuminate/Foundation/Http/Middleware/CheckForMaintenanceMode.php(62): Illuminate\\Routing\\Pipeline->Illuminate\\Routing\\{closure}(Object(Illuminate\\Http\\Request))
#29 /Users/marceli.to/Jamon.digital/Webroot/strut.ch/vendor/laravel/framework/src/Illuminate/Pipeline/Pipeline.php(163): Illuminate\\Foundation\\Http\\Middleware\\CheckForMaintenanceMode->handle(Object(Illuminate\\Http\\Request), Object(Closure))
#30 /Users/marceli.to/Jamon.digital/Webroot/strut.ch/vendor/laravel/framework/src/Illuminate/Routing/Pipeline.php(53): Illuminate\\Pipeline\\Pipeline->Illuminate\\Pipeline\\{closure}(Object(Illuminate\\Http\\Request))
#31 /Users/marceli.to/Jamon.digital/Webroot/strut.ch/vendor/laravel/framework/src/Illuminate/Pipeline/Pipeline.php(104): Illuminate\\Routing\\Pipeline->Illuminate\\Routing\\{closure}(Object(Illuminate\\Http\\Request))
#32 /Users/marceli.to/Jamon.digital/Webroot/strut.ch/vendor/laravel/framework/src/Illuminate/Foundation/Http/Kernel.php(151): Illuminate\\Pipeline\\Pipeline->then(Object(Closure))
#33 /Users/marceli.to/Jamon.digital/Webroot/strut.ch/vendor/laravel/framework/src/Illuminate/Foundation/Http/Kernel.php(116): Illuminate\\Foundation\\Http\\Kernel->sendRequestThroughRouter(Object(Illuminate\\Http\\Request))
#34 /Users/marceli.to/Jamon.digital/Webroot/strut.ch/public/index.php(55): Illuminate\\Foundation\\Http\\Kernel->handle(Object(Illuminate\\Http\\Request))
#35 {main}
"} 
[2019-12-18 12:07:10] local.ERROR: Argument 1 passed to Illuminate\Cookie\Middleware\EncryptCookies::encrypt() must be an instance of Symfony\Component\HttpFoundation\Response, null given, called in /Users/marceli.to/Jamon.digital/Webroot/strut.ch/vendor/laravel/framework/src/Illuminate/Cookie/Middleware/EncryptCookies.php on line 66 {"exception":"[object] (Symfony\\Component\\Debug\\Exception\\FatalThrowableError(code: 0): Argument 1 passed to Illuminate\\Cookie\\Middleware\\EncryptCookies::encrypt() must be an instance of Symfony\\Component\\HttpFoundation\\Response, null given, called in /Users/marceli.to/Jamon.digital/Webroot/strut.ch/vendor/laravel/framework/src/Illuminate/Cookie/Middleware/EncryptCookies.php on line 66 at /Users/marceli.to/Jamon.digital/Webroot/strut.ch/vendor/laravel/framework/src/Illuminate/Cookie/Middleware/EncryptCookies.php:131)
[stacktrace]
#0 /Users/marceli.to/Jamon.digital/Webroot/strut.ch/vendor/laravel/framework/src/Illuminate/Cookie/Middleware/EncryptCookies.php(66): Illuminate\\Cookie\\Middleware\\EncryptCookies->encrypt(NULL)
#1 /Users/marceli.to/Jamon.digital/Webroot/strut.ch/vendor/laravel/framework/src/Illuminate/Pipeline/Pipeline.php(163): Illuminate\\Cookie\\Middleware\\EncryptCookies->handle(Object(Illuminate\\Http\\Request), Object(Closure))
#2 /Users/marceli.to/Jamon.digital/Webroot/strut.ch/vendor/laravel/framework/src/Illuminate/Routing/Pipeline.php(53): Illuminate\\Pipeline\\Pipeline->Illuminate\\Pipeline\\{closure}(Object(Illuminate\\Http\\Request))
#3 /Users/marceli.to/Jamon.digital/Webroot/strut.ch/vendor/laravel/framework/src/Illuminate/Pipeline/Pipeline.php(104): Illuminate\\Routing\\Pipeline->Illuminate\\Routing\\{closure}(Object(Illuminate\\Http\\Request))
#4 /Users/marceli.to/Jamon.digital/Webroot/strut.ch/vendor/laravel/framework/src/Illuminate/Routing/Router.php(682): Illuminate\\Pipeline\\Pipeline->then(Object(Closure))
#5 /Users/marceli.to/Jamon.digital/Webroot/strut.ch/vendor/laravel/framework/src/Illuminate/Routing/Router.php(657): Illuminate\\Routing\\Router->runRouteWithinStack(Object(Illuminate\\Routing\\Route), Object(Illuminate\\Http\\Request))
#6 /Users/marceli.to/Jamon.digital/Webroot/strut.ch/vendor/laravel/framework/src/Illuminate/Routing/Router.php(623): Illuminate\\Routing\\Router->runRoute(Object(Illuminate\\Http\\Request), Object(Illuminate\\Routing\\Route))
#7 /Users/marceli.to/Jamon.digital/Webroot/strut.ch/vendor/laravel/framework/src/Illuminate/Routing/Router.php(612): Illuminate\\Routing\\Router->dispatchToRoute(Object(Illuminate\\Http\\Request))
#8 /Users/marceli.to/Jamon.digital/Webroot/strut.ch/vendor/laravel/framework/src/Illuminate/Foundation/Http/Kernel.php(176): Illuminate\\Routing\\Router->dispatch(Object(Illuminate\\Http\\Request))
#9 /Users/marceli.to/Jamon.digital/Webroot/strut.ch/vendor/laravel/framework/src/Illuminate/Routing/Pipeline.php(30): Illuminate\\Foundation\\Http\\Kernel->Illuminate\\Foundation\\Http\\{closure}(Object(Illuminate\\Http\\Request))
#10 /Users/marceli.to/Jamon.digital/Webroot/strut.ch/vendor/fideloper/proxy/src/TrustProxies.php(57): Illuminate\\Routing\\Pipeline->Illuminate\\Routing\\{closure}(Object(Illuminate\\Http\\Request))
#11 /Users/marceli.to/Jamon.digital/Webroot/strut.ch/vendor/laravel/framework/src/Illuminate/Pipeline/Pipeline.php(163): Fideloper\\Proxy\\TrustProxies->handle(Object(Illuminate\\Http\\Request), Object(Closure))
#12 /Users/marceli.to/Jamon.digital/Webroot/strut.ch/vendor/laravel/framework/src/Illuminate/Routing/Pipeline.php(53): Illuminate\\Pipeline\\Pipeline->Illuminate\\Pipeline\\{closure}(Object(Illuminate\\Http\\Request))
#13 /Users/marceli.to/Jamon.digital/Webroot/strut.ch/vendor/laravel/framework/src/Illuminate/Foundation/Http/Middleware/TransformsRequest.php(21): Illuminate\\Routing\\Pipeline->Illuminate\\Routing\\{closure}(Object(Illuminate\\Http\\Request))
#14 /Users/marceli.to/Jamon.digital/Webroot/strut.ch/vendor/laravel/framework/src/Illuminate/Pipeline/Pipeline.php(163): Illuminate\\Foundation\\Http\\Middleware\\TransformsRequest->handle(Object(Illuminate\\Http\\Request), Object(Closure))
#15 /Users/marceli.to/Jamon.digital/Webroot/strut.ch/vendor/laravel/framework/src/Illuminate/Routing/Pipeline.php(53): Illuminate\\Pipeline\\Pipeline->Illuminate\\Pipeline\\{closure}(Object(Illuminate\\Http\\Request))
#16 /Users/marceli.to/Jamon.digital/Webroot/strut.ch/vendor/laravel/framework/src/Illuminate/Foundation/Http/Middleware/TransformsRequest.php(21): Illuminate\\Routing\\Pipeline->Illuminate\\Routing\\{closure}(Object(Illuminate\\Http\\Request))
#17 /Users/marceli.to/Jamon.digital/Webroot/strut.ch/vendor/laravel/framework/src/Illuminate/Pipeline/Pipeline.php(163): Illuminate\\Foundation\\Http\\Middleware\\TransformsRequest->handle(Object(Illuminate\\Http\\Request), Object(Closure))
#18 /Users/marceli.to/Jamon.digital/Webroot/strut.ch/vendor/laravel/framework/src/Illuminate/Routing/Pipeline.php(53): Illuminate\\Pipeline\\Pipeline->Illuminate\\Pipeline\\{closure}(Object(Illuminate\\Http\\Request))
#19 /Users/marceli.to/Jamon.digital/Webroot/strut.ch/vendor/laravel/framework/src/Illuminate/Foundation/Http/Middleware/ValidatePostSize.php(27): Illuminate\\Routing\\Pipeline->Illuminate\\Routing\\{closure}(Object(Illuminate\\Http\\Request))
#20 /Users/marceli.to/Jamon.digital/Webroot/strut.ch/vendor/laravel/framework/src/Illuminate/Pipeline/Pipeline.php(163): Illuminate\\Foundation\\Http\\Middleware\\ValidatePostSize->handle(Object(Illuminate\\Http\\Request), Object(Closure))
#21 /Users/marceli.to/Jamon.digital/Webroot/strut.ch/vendor/laravel/framework/src/Illuminate/Routing/Pipeline.php(53): Illuminate\\Pipeline\\Pipeline->Illuminate\\Pipeline\\{closure}(Object(Illuminate\\Http\\Request))
#22 /Users/marceli.to/Jamon.digital/Webroot/strut.ch/vendor/laravel/framework/src/Illuminate/Foundation/Http/Middleware/CheckForMaintenanceMode.php(62): Illuminate\\Routing\\Pipeline->Illuminate\\Routing\\{closure}(Object(Illuminate\\Http\\Request))
#23 /Users/marceli.to/Jamon.digital/Webroot/strut.ch/vendor/laravel/framework/src/Illuminate/Pipeline/Pipeline.php(163): Illuminate\\Foundation\\Http\\Middleware\\CheckForMaintenanceMode->handle(Object(Illuminate\\Http\\Request), Object(Closure))
#24 /Users/marceli.to/Jamon.digital/Webroot/strut.ch/vendor/laravel/framework/src/Illuminate/Routing/Pipeline.php(53): Illuminate\\Pipeline\\Pipeline->Illuminate\\Pipeline\\{closure}(Object(Illuminate\\Http\\Request))
#25 /Users/marceli.to/Jamon.digital/Webroot/strut.ch/vendor/laravel/framework/src/Illuminate/Pipeline/Pipeline.php(104): Illuminate\\Routing\\Pipeline->Illuminate\\Routing\\{closure}(Object(Illuminate\\Http\\Request))
#26 /Users/marceli.to/Jamon.digital/Webroot/strut.ch/vendor/laravel/framework/src/Illuminate/Foundation/Http/Kernel.php(151): Illuminate\\Pipeline\\Pipeline->then(Object(Closure))
#27 /Users/marceli.to/Jamon.digital/Webroot/strut.ch/vendor/laravel/framework/src/Illuminate/Foundation/Http/Kernel.php(116): Illuminate\\Foundation\\Http\\Kernel->sendRequestThroughRouter(Object(Illuminate\\Http\\Request))
#28 /Users/marceli.to/Jamon.digital/Webroot/strut.ch/public/index.php(55): Illuminate\\Foundation\\Http\\Kernel->handle(Object(Illuminate\\Http\\Request))
#29 {main}
"} 
